COD_PROV,DES_PROV,COD_MUNI,DES_MUNI,COD_DM,DES_DM,COD_SECC,DES_SECC,COD_BP,DES_BP,ICV_1,ICV_2,ICV_3,ICV_4,NO_CAT,P_ICV1Y2
32,SANTO DOMINGO,03,SANTO DOMINGO NORTE,01,SANTO DOMINGO NORTE,06,LA JAGUA,004,LOS CALLEJONES,17,27,6,2,3,80
32,SANTO DOMINGO,03,SANTO DOMINGO NORTE,01,SANTO DOMINGO NORTE,05,HIGÜERO,002,CAJUILITO,32,166,152,45,55,44
32,SANTO DOMINGO,03,SANTO DOMINGO NORTE,01,SANTO DOMINGO NORTE,03,SIERRA PRIETA,001,SIERRA PRIETA,38,97,21,8,31,69.23
32,SANTO DOMINGO,03,SANTO DOMINGO NORTE,01,SANTO DOMINGO NORTE,02,LICEY,002,MANCEBO,18,27,2,0,17,70.31
32,SANTO DOMINGO,03,SANTO DOMINGO NORTE,01,SANTO DOMINGO NORTE,06,LA JAGUA,003,LA JOYA O LOS GOYA,1,0,0,0,9,10
32,SANTO DOMINGO,03,SANTO DOMINGO NORTE,01,SANTO DOMINGO NORTE,06,LA JAGUA,006,AMOR A DIOS,29,116,63,3,32,59.67
32,SANTO DOMINGO,03,SANTO DOMINGO NORTE,01,SANTO DOMINGO NORTE,06,LA JAGUA,005,LOS MAMEYES,41,77,3,0,18,84.89
32,SANTO DOMINGO,03,SANTO DOMINGO NORTE,01,SANTO DOMINGO NORTE,06,LA JAGUA,001,LA JAGUA,1,4,4,2,0,45.45
32,SANTO DOMINGO,03,SANTO DOMINGO NORTE,01,SANTO DOMINGO NORTE,06,LA JAGUA,009,RINCÓN,25,69,3,0,20,80.34
32,SANTO DOMINGO,03,SANTO DOMINGO NORTE,01,SANTO DOMINGO NORTE,06,LA JAGUA,002,LOMA DE MATEO,0,1,0,0,0,100
32,SANTO DOMINGO,03,SANTO DOMINGO NORTE,01,SANTO DOMINGO NORTE,03,SIERRA PRIETA,002,LOS VIZCAÍNO,55,40,2,0,13,86.36
32,SANTO DOMINGO,03,SANTO DOMINGO NORTE,01,SANTO DOMINGO NORTE,03,SIERRA PRIETA,004,HOYOS OSCUROS,23,55,3,0,15,81.25
32,SANTO DOMINGO,03,SANTO DOMINGO NORTE,01,SANTO DOMINGO NORTE,03,SIERRA PRIETA,003,BUENOS AIRES,28,66,14,2,22,71.21
32,SANTO DOMINGO,03,SANTO DOMINGO NORTE,01,SANTO DOMINGO NORTE,03,SIERRA PRIETA,007,JUAN DINGA,84,138,4,1,17,90.98
32,SANTO DOMINGO,03,SANTO DOMINGO NORTE,01,SANTO DOMINGO NORTE,05,HIGÜERO,006,RINCÓN YACO,9,16,3,1,14,58.14
32,SANTO DOMINGO,03,SANTO DOMINGO NORTE,01,SANTO DOMINGO NORTE,05,HIGÜERO,004,LA GINA,29,142,84,14,47,54.11
32,SANTO DOMINGO,03,SANTO DOMINGO NORTE,01,SANTO DOMINGO NORTE,05,HIGÜERO,001,HIGÜERO ABAJO,75,90,14,16,14,78.95
32,SANTO DOMINGO,03,SANTO DOMINGO NORTE,01,SANTO DOMINGO NORTE,04,DUQUESA,001,DUQUESA,26,102,74,46,101,36.68
32,SANTO DOMINGO,03,SANTO DOMINGO NORTE,01,SANTO DOMINGO NORTE,04,DUQUESA,002,LA JACAGUA,33,202,295,62,31,37.72
32,SANTO DOMINGO,03,SANTO DOMINGO NORTE,01,SANTO DOMINGO NORTE,02,LICEY,007,CERCADILLO,58,173,38,8,4,82.21
32,SANTO DOMINGO,03,SANTO DOMINGO NORTE,01,SANTO DOMINGO NORTE,02,LICEY,004,MATA SAN JUAN,91,377,124,9,118,65.09
32,SANTO DOMINGO,03,SANTO DOMINGO NORTE,01,SANTO DOMINGO NORTE,02,LICEY,005,LIMONAL,0,1,0,0,8,11.11
32,SANTO DOMINGO,03,SANTO DOMINGO NORTE,01,SANTO DOMINGO NORTE,02,LICEY,003,MATA GORDA,143,380,62,5,94,76.46
32,SANTO DOMINGO,03,SANTO DOMINGO NORTE,01,SANTO DOMINGO NORTE,02,LICEY,006,PUNTA,7,26,31,17,2,39.76
32,SANTO DOMINGO,03,SANTO DOMINGO NORTE,01,SANTO DOMINGO NORTE,05,HIGÜERO,005,LOS LLANOS,14,21,7,2,21,53.85
32,SANTO DOMINGO,03,SANTO DOMINGO NORTE,01,SANTO DOMINGO NORTE,05,HIGÜERO,003,LA SABANA DEL HATO,0,0,0,0,2,0
32,SANTO DOMINGO,03,SANTO DOMINGO NORTE,01,SANTO DOMINGO NORTE,04,DUQUESA,003,LOS CAZABES,59,298,303,94,121,40.8
32,SANTO DOMINGO,03,SANTO DOMINGO NORTE,01,SANTO DOMINGO NORTE,03,SIERRA PRIETA,006,JUBILEO,20,51,4,0,10,83.53
32,SANTO DOMINGO,03,SANTO DOMINGO NORTE,01,SANTO DOMINGO NORTE,01,SANTO DOMINGO NORTE,002,SANTA CRUZ,96,702,1274,1036,380,22.88
32,SANTO DOMINGO,03,SANTO DOMINGO NORTE,01,SANTO DOMINGO NORTE,01,SANTO DOMINGO NORTE,004,EL EDÉN,66,592,1445,1382,663,15.86
32,SANTO DOMINGO,03,SANTO DOMINGO NORTE,01,SANTO DOMINGO NORTE,01,SANTO DOMINGO NORTE,001,VILLA MELLA,673,5065,8905,6701,2570,23.99
32,SANTO DOMINGO,03,SANTO DOMINGO NORTE,01,SANTO DOMINGO NORTE,01,SANTO DOMINGO NORTE,003,SABANA PERDIDA,1020,7546,17857,12424,8094,18.25
32,SANTO DOMINGO,03,SANTO DOMINGO NORTE,02,LA VICTORIA (D. M.).,02,MAL NOMBRE,007,PRIMAVERA,25,149,116,17,84,44.5
32,SANTO DOMINGO,03,SANTO DOMINGO NORTE,02,LA VICTORIA (D. M.).,06,GUANUMA,003,LA GINA (LA TITA),0,2,2,0,0,50
32,SANTO DOMINGO,03,SANTO DOMINGO NORTE,02,LA VICTORIA (D. M.).,05,LA BOMBA,001,LA BOMBA,84,326,152,16,125,58.32
32,SANTO DOMINGO,03,SANTO DOMINGO NORTE,02,LA VICTORIA (D. M.).,07,HACIENDA ESTRELLA,006,LOS MORENOS,0,1,1,1,8,9.09
32,SANTO DOMINGO,03,SANTO DOMINGO NORTE,02,LA VICTORIA (D. M.).,08,LA CEIBA,007,RANCHO ARRIBA-CABÓN,0,1,0,0,0,100
32,SANTO DOMINGO,03,SANTO DOMINGO NORTE,02,LA VICTORIA (D. M.).,06,GUANUMA,001,BATEY GUANUMA,110,503,236,77,197,54.59
32,SANTO DOMINGO,03,SANTO DOMINGO NORTE,02,LA VICTORIA (D. M.).,06,GUANUMA,004,EL HATO DE SANGUÍNEO,49,131,51,14,42,62.72
32,SANTO DOMINGO,03,SANTO DOMINGO NORTE,02,LA VICTORIA (D. M.).,06,GUANUMA,002,MATA REDONDA,0,6,0,1,29,16.67
32,SANTO DOMINGO,03,SANTO DOMINGO NORTE,02,LA VICTORIA (D. M.).,07,HACIENDA ESTRELLA,003,SAN MATEO,7,0,1,0,10,38.89
32,SANTO DOMINGO,03,SANTO DOMINGO NORTE,02,LA VICTORIA (D. M.).,07,HACIENDA ESTRELLA,005,LA CAMPAÑA,44,81,92,35,34,43.71
32,SANTO DOMINGO,03,SANTO DOMINGO NORTE,02,LA VICTORIA (D. M.).,07,HACIENDA ESTRELLA,002,EL 11 DE HACIENDA ESTRELLA,1,8,4,5,0,50
32,SANTO DOMINGO,03,SANTO DOMINGO NORTE,02,LA VICTORIA (D. M.).,07,HACIENDA ESTRELLA,001,HACIENDA ESTRELLA,132,612,572,231,310,40.06
32,SANTO DOMINGO,03,SANTO DOMINGO NORTE,02,LA VICTORIA (D. M.).,08,LA CEIBA,008,CRUCE DE GINA,117,262,62,10,67,73.17
32,SANTO DOMINGO,03,SANTO DOMINGO NORTE,02,LA VICTORIA (D. M.).,08,LA CEIBA,003,LOS CASTILLOS,29,86,26,7,36,62.5
32,SANTO DOMINGO,03,SANTO DOMINGO NORTE,02,LA VICTORIA (D. M.).,07,HACIENDA ESTRELLA,004,EL 10 DE HACIENDA ESTRELLA,7,27,23,10,28,35.79
32,SANTO DOMINGO,03,SANTO DOMINGO NORTE,02,LA VICTORIA (D. M.).,08,LA CEIBA,002,LA PIÑA,111,330,113,6,139,63.09
32,SANTO DOMINGO,03,SANTO DOMINGO NORTE,02,LA VICTORIA (D. M.).,08,LA CEIBA,001,LA CEIBA,101,241,45,6,124,66.15
32,SANTO DOMINGO,03,SANTO DOMINGO NORTE,02,LA VICTORIA (D. M.).,08,LA CEIBA,004,LOS MERCEDES,57,93,18,2,13,81.97
32,SANTO DOMINGO,03,SANTO DOMINGO NORTE,02,LA VICTORIA (D. M.).,08,LA CEIBA,005,LOS MAMBRUSES,47,105,11,2,14,84.92
32,SANTO DOMINGO,03,SANTO DOMINGO NORTE,02,LA VICTORIA (D. M.).,02,MAL NOMBRE,001,MAL NOMBRE,140,424,165,29,139,62.88
32,SANTO DOMINGO,03,SANTO DOMINGO NORTE,02,LA VICTORIA (D. M.).,02,MAL NOMBRE,009,JUAN TOMÁS,66,386,143,26,220,53.75
32,SANTO DOMINGO,03,SANTO DOMINGO NORTE,02,LA VICTORIA (D. M.).,02,MAL NOMBRE,004,EL DAJAO,3,21,5,3,21,45.28
32,SANTO DOMINGO,03,SANTO DOMINGO NORTE,02,LA VICTORIA (D. M.).,02,MAL NOMBRE,005,LA CAOBA,23,87,10,3,51,63.22
32,SANTO DOMINGO,03,SANTO DOMINGO NORTE,02,LA VICTORIA (D. M.).,03,LA VIRGEN,004,FERREGÚS,3,12,9,5,40,21.74
32,SANTO DOMINGO,03,SANTO DOMINGO NORTE,02,LA VICTORIA (D. M.).,04,MATA MAMÓN,012,AGUACATE ADENTRO,4,7,2,0,28,26.83
32,SANTO DOMINGO,03,SANTO DOMINGO NORTE,02,LA VICTORIA (D. M.).,04,MATA MAMÓN,001,MATA MAMÓN,135,332,90,17,103,68.98
32,SANTO DOMINGO,03,SANTO DOMINGO NORTE,02,LA VICTORIA (D. M.).,04,MATA MAMÓN,014,EL OCHO,10,31,12,3,0,73.21
32,SANTO DOMINGO,03,SANTO DOMINGO NORTE,02,LA VICTORIA (D. M.).,04,MATA MAMÓN,010,CABÓN,0,0,1,0,0,0
32,SANTO DOMINGO,03,SANTO DOMINGO NORTE,02,LA VICTORIA (D. M.).,04,MATA MAMÓN,004,LOS TAPIA (EL OCHO),10,14,3,0,21,50
32,SANTO DOMINGO,03,SANTO DOMINGO NORTE,02,LA VICTORIA (D. M.).,04,MATA MAMÓN,013,EL HIGUERITO,0,0,0,0,1,0
32,SANTO DOMINGO,03,SANTO DOMINGO NORTE,02,LA VICTORIA (D. M.).,04,MATA MAMÓN,011,SANTANA,21,52,5,0,13,80.22
32,SANTO DOMINGO,03,SANTO DOMINGO NORTE,02,LA VICTORIA (D. M.).,02,MAL NOMBRE,006,PALMILLA,42,156,111,23,119,43.9
32,SANTO DOMINGO,03,SANTO DOMINGO NORTE,02,LA VICTORIA (D. M.).,02,MAL NOMBRE,008,EL COROZO,0,0,0,0,11,0
32,SANTO DOMINGO,03,SANTO DOMINGO NORTE,02,LA VICTORIA (D. M.).,02,MAL NOMBRE,003,MARICAO,79,288,78,14,103,65.3
32,SANTO DOMINGO,03,SANTO DOMINGO NORTE,02,LA VICTORIA (D. M.).,02,MAL NOMBRE,002,PUNTA LARGA,2,1,4,0,0,42.86
32,SANTO DOMINGO,03,SANTO DOMINGO NORTE,02,LA VICTORIA (D. M.).,03,LA VIRGEN,005,LA CULATA,0,2,1,0,0,66.67
32,SANTO DOMINGO,03,SANTO DOMINGO NORTE,02,LA VICTORIA (D. M.).,03,LA VIRGEN,003,VERDÚM,0,1,0,1,27,3.45
32,SANTO DOMINGO,03,SANTO DOMINGO NORTE,02,LA VICTORIA (D. M.).,03,LA VIRGEN,001,LA VIRGEN,18,197,370,217,152,22.54
32,SANTO DOMINGO,03,SANTO DOMINGO NORTE,02,LA VICTORIA (D. M.).,04,MATA MAMÓN,005,LOS POTRAZOS,0,0,1,0,3,0
32,SANTO DOMINGO,03,SANTO DOMINGO NORTE,02,LA VICTORIA (D. M.).,03,LA VIRGEN,002,SAN JOAQUÍN,1,5,5,0,71,7.32
32,SANTO DOMINGO,03,SANTO DOMINGO NORTE,02,LA VICTORIA (D. M.).,08,LA CEIBA,006,LA JAIBA,2,4,3,0,28,16.22
32,SANTO DOMINGO,03,SANTO DOMINGO NORTE,02,LA VICTORIA (D. M.).,02,MAL NOMBRE,010,EL JOBO,25,51,10,0,34,63.33
32,SANTO DOMINGO,03,SANTO DOMINGO NORTE,02,LA VICTORIA (D. M.).,01,LA VICTORIA,001,LA VICTORIA,341,2012,2168,814,865,37.95
32,SANTO DOMINGO,03,SANTO DOMINGO NORTE,01,SANTO DOMINGO NORTE,01,SANTO DOMINGO NORTE,005,GUARICANO,1412,8734,15886,9355,7327,23.75
32,SANTO DOMINGO,03,SANTO DOMINGO NORTE,01,SANTO DOMINGO NORTE,01,SANTO DOMINGO NORTE,006,SAN FELIPE,791,3721,3777,1249,1682,40.21
32,SANTO DOMINGO,04,BOCA CHICA,02,LA CALETA (D. M.).,03,CAMPO LINDO,001,CAMPO LINDO,65,459,545,185,788,25.66
32,SANTO DOMINGO,04,BOCA CHICA,01,BOCA CHICA,03,LA MALENA,007,LA BORDA,0,0,0,0,6,0
32,SANTO DOMINGO,04,BOCA CHICA,01,BOCA CHICA,03,LA MALENA,006,LOS BANCOS DE ARENA,18,89,61,6,52,47.35
32,SANTO DOMINGO,04,BOCA CHICA,01,BOCA CHICA,03,LA MALENA,001,LA MALENA,27,100,58,9,63,49.42
32,SANTO DOMINGO,04,BOCA CHICA,01,BOCA CHICA,03,LA MALENA,002,LA CUCAMA,0,0,0,0,2,0
32,SANTO DOMINGO,04,BOCA CHICA,01,BOCA CHICA,02,CRUCE DE BOCA CHICA,003,"KILÓMETRO 36, CARRETERA MELLA",35,118,47,6,42,61.69
32,SANTO DOMINGO,04,BOCA CHICA,01,BOCA CHICA,02,CRUCE DE BOCA CHICA,001,CRUCE DE BOCA CHICA,14,57,43,10,35,44.65
32,SANTO DOMINGO,04,BOCA CHICA,01,BOCA CHICA,02,CRUCE DE BOCA CHICA,002,EL LIMÓN,2,15,7,1,5,56.67
32,SANTO DOMINGO,04,BOCA CHICA,01,BOCA CHICA,03,LA MALENA,003,LA TUMBA,1,0,0,0,4,20
32,SANTO DOMINGO,04,BOCA CHICA,01,BOCA CHICA,03,LA MALENA,005,LA BOCAINA,0,0,1,0,0,0
32,SANTO DOMINGO,04,BOCA CHICA,01,BOCA CHICA,02,CRUCE DE BOCA CHICA,004,LOS PAREDONES DE ANDRÉS,20,93,53,7,0,65.32
32,SANTO DOMINGO,04,BOCA CHICA,02,LA CALETA (D. M.).,02,EL VALIENTE,002,TORRE  B,22,45,17,6,1139,5.45
32,SANTO DOMINGO,04,BOCA CHICA,02,LA CALETA (D. M.).,03,CAMPO LINDO,002,LA CIEN MIL-LA PIEDRA,96,445,455,108,279,39.12
32,SANTO DOMINGO,04,BOCA CHICA,02,LA CALETA (D. M.).,04,LA CALETA,001,AEROPUERTO INTERNACIONAL,73,416,781,414,315,24.46
32,SANTO DOMINGO,04,BOCA CHICA,02,LA CALETA (D. M.).,04,LA CALETA,002,EL CACHIMBO,1,18,23,23,0,29.23
32,SANTO DOMINGO,04,BOCA CHICA,02,LA CALETA (D. M.).,02,EL VALIENTE,001,EL VALIENTE,474,2414,2453,592,409,45.54
32,SANTO DOMINGO,04,BOCA CHICA,01,BOCA CHICA,02,CRUCE DE BOCA CHICA,005,BATEY JUBEY,38,68,32,33,7,59.55
32,SANTO DOMINGO,04,BOCA CHICA,02,LA CALETA (D. M.).,01,BOCA CHICA,001,LA CALETA,216,1251,1792,712,1557,26.54
32,SANTO DOMINGO,04,BOCA CHICA,01,BOCA CHICA,01,BOCA CHICA,002,ANDRÉS,1227,4900,6937,2936,3004,32.24
32,SANTO DOMINGO,04,BOCA CHICA,01,BOCA CHICA,01,BOCA CHICA,001,BOCA CHICA,216,1226,1809,848,374,32.24
32,SANTO DOMINGO,06,LOS ALCARRIZOS,01,LOS ALCARRIZOS,01,LOS ALCARRIZOS,001,SAVICA,309,1475,2638,2415,541,24.18
32,SANTO DOMINGO,06,LOS ALCARRIZOS,01,LOS ALCARRIZOS,01,LOS ALCARRIZOS,004,LAS MERCEDES,219,945,1560,1074,335,28.16
32,SANTO DOMINGO,06,LOS ALCARRIZOS,01,LOS ALCARRIZOS,01,LOS ALCARRIZOS,005,LOS LIBERTADORES,66,274,598,645,281,18.24
32,SANTO DOMINGO,06,LOS ALCARRIZOS,01,LOS ALCARRIZOS,01,LOS ALCARRIZOS,006,ALTOS DE CHAVÓN,110,479,713,432,158,31.13
32,SANTO DOMINGO,06,LOS ALCARRIZOS,01,LOS ALCARRIZOS,01,LOS ALCARRIZOS,007,LOS AMERICANOS (LOS ÁNGELES),311,1512,2643,2308,582,24.78
32,SANTO DOMINGO,06,LOS ALCARRIZOS,01,LOS ALCARRIZOS,01,LOS ALCARRIZOS,008,NUEVO AMANECER,106,563,1155,858,230,22.97
32,SANTO DOMINGO,06,LOS ALCARRIZOS,01,LOS ALCARRIZOS,01,LOS ALCARRIZOS,009,NAZARENO O MANZANERO,134,576,1266,1118,310,20.86
32,SANTO DOMINGO,06,LOS ALCARRIZOS,01,LOS ALCARRIZOS,01,LOS ALCARRIZOS,010,LEBRÓN,100,598,1116,724,288,24.7
32,SANTO DOMINGO,06,LOS ALCARRIZOS,01,LOS ALCARRIZOS,01,LOS ALCARRIZOS,011,LA UNIÓN,152,668,981,464,308,31.87
32,SANTO DOMINGO,06,LOS ALCARRIZOS,01,LOS ALCARRIZOS,01,LOS ALCARRIZOS,012,LA FE,151,650,882,454,234,33.78
32,SANTO DOMINGO,06,LOS ALCARRIZOS,01,LOS ALCARRIZOS,01,LOS ALCARRIZOS,013,LA PIÑA,256,1145,2007,1107,416,28.41
32,SANTO DOMINGO,06,LOS ALCARRIZOS,01,LOS ALCARRIZOS,01,LOS ALCARRIZOS,014,VALLE ENCANTADO,81,334,560,383,179,27
32,SANTO DOMINGO,06,LOS ALCARRIZOS,01,LOS ALCARRIZOS,01,LOS ALCARRIZOS,015,RESIDENCIAL LOS CERROS,15,65,157,562,16,9.82
32,SANTO DOMINGO,06,LOS ALCARRIZOS,01,LOS ALCARRIZOS,01,LOS ALCARRIZOS,016,LA ESPERANZA,34,182,376,297,117,21.47
32,SANTO DOMINGO,06,LOS ALCARRIZOS,01,LOS ALCARRIZOS,01,LOS ALCARRIZOS,017,RESIDENCIAL LOS HIDALGOS,24,94,202,195,9,22.52
32,SANTO DOMINGO,06,LOS ALCARRIZOS,01,LOS ALCARRIZOS,01,LOS ALCARRIZOS,018,PARAÍSO,48,200,476,449,145,18.82
32,SANTO DOMINGO,06,LOS ALCARRIZOS,02,PALMAREJO-VILLA LINDA (D. M.).,01,PALMAREJO VILLA LINDA,001,PALMAREJO,180,838,1241,746,210,31.66
32,SANTO DOMINGO,06,LOS ALCARRIZOS,03,PANTOJA (D. M.).,01,PANTOJA,001,PANTOJA,195,701,1382,2659,147,17.62
32,SANTO DOMINGO,06,LOS ALCARRIZOS,03,PANTOJA (D. M.).,01,PANTOJA,002,URBANIZACIÓN DON GREGORIO,2,37,114,423,5,6.71
32,SANTO DOMINGO,06,LOS ALCARRIZOS,03,PANTOJA (D. M.).,01,PANTOJA,008,LAS COLINAS O LOS COCOS,27,160,520,788,159,11.31
32,SANTO DOMINGO,06,LOS ALCARRIZOS,03,PANTOJA (D. M.).,01,PANTOJA,009,PANTOJA I,42,138,287,295,67,21.71
32,SANTO DOMINGO,06,LOS ALCARRIZOS,03,PANTOJA (D. M.).,01,PANTOJA,010,VISTA VERDE,11,83,146,149,49,21.46
32,SANTO DOMINGO,06,LOS ALCARRIZOS,01,LOS ALCARRIZOS,01,LOS ALCARRIZOS,002,CANTA LA RANA O BARRIOLANDIA,365,1563,3180,2771,1088,21.5
32,SANTO DOMINGO,06,LOS ALCARRIZOS,01,LOS ALCARRIZOS,01,LOS ALCARRIZOS,003,PUEBLO NUEVO,620,2359,4956,4988,1672,20.41
32,SANTO DOMINGO,06,LOS ALCARRIZOS,03,PANTOJA (D. M.).,01,PANTOJA,003,VILLA EL PALMAR,46,172,267,197,61,29.34
32,SANTO DOMINGO,06,LOS ALCARRIZOS,03,PANTOJA (D. M.).,01,PANTOJA,005,VILLA MORADA,90,261,505,531,163,22.65
32,SANTO DOMINGO,06,LOS ALCARRIZOS,03,PANTOJA (D. M.).,01,PANTOJA,006,URBANIZACIÓN VILLA PANTOJA,1,4,19,94,0,4.24
32,SANTO DOMINGO,06,LOS ALCARRIZOS,03,PANTOJA (D. M.).,01,PANTOJA,007,LA REDENCIÓN,179,678,1261,1097,314,24.28
32,SANTO DOMINGO,06,LOS ALCARRIZOS,03,PANTOJA (D. M.).,01,PANTOJA,011,JOSÉ CONTRERAS,31,148,371,417,150,16.03
32,SANTO DOMINGO,06,LOS ALCARRIZOS,03,PANTOJA (D. M.).,01,PANTOJA,012,REPARTO SAMARIA,16,116,299,519,8,13.78
32,SANTO DOMINGO,06,LOS ALCARRIZOS,03,PANTOJA (D. M.).,01,PANTOJA,013,RESIDENCIAL DON MIGUEL,19,55,66,73,0,34.74
32,SANTO DOMINGO,06,LOS ALCARRIZOS,03,PANTOJA (D. M.).,01,PANTOJA,004,URBANIZACIÓN PROYECTO INVI-CEA,10,30,50,91,23,19.61
32,SANTO DOMINGO,06,LOS ALCARRIZOS,01,LOS ALCARRIZOS,02,SANTA ROSA,001,SANTA ROSA,777,3083,3468,1663,927,38.92
32,SANTO DOMINGO,06,LOS ALCARRIZOS,02,PALMAREJO-VILLA LINDA (D. M.).,02,PALMAREJITO,002,PALMAREJITO,9,81,134,106,25,25.35
32,SANTO DOMINGO,06,LOS ALCARRIZOS,02,PALMAREJO-VILLA LINDA (D. M.).,04,VILLA LINDA,002,CERINCA,13,37,64,42,21,28.25
32,SANTO DOMINGO,06,LOS ALCARRIZOS,02,PALMAREJO-VILLA LINDA (D. M.).,03,SANTA BÁRBARA,001,LAS FLORES,7,11,3,2,14,48.65
32,SANTO DOMINGO,06,LOS ALCARRIZOS,02,PALMAREJO-VILLA LINDA (D. M.).,04,VILLA LINDA,003,VILLA LINDA,10,34,71,49,0,26.83
32,SANTO DOMINGO,06,LOS ALCARRIZOS,02,PALMAREJO-VILLA LINDA (D. M.).,04,VILLA LINDA,001,LOS COQUITOS,5,34,111,121,14,13.68
32,SANTO DOMINGO,06,LOS ALCARRIZOS,02,PALMAREJO-VILLA LINDA (D. M.).,02,PALMAREJITO,001,SANTA ROSA,231,675,625,203,106,49.24
32,SANTO DOMINGO,06,LOS ALCARRIZOS,02,PALMAREJO-VILLA LINDA (D. M.).,03,SANTA BÁRBARA,002,SANTA BÁRBARA,48,259,421,243,89,28.96
32,SANTO DOMINGO,07,PEDRO BRAND,03,LA CUABA (D. M.).,02,LOS AGUACATES,004,LA PIÑA,23,89,53,12,34,53.08
32,SANTO DOMINGO,07,PEDRO BRAND,03,LA CUABA (D. M.).,03,LA ESTANCIA,001,EL CONVENTO,7,45,24,3,3,63.41
32,SANTO DOMINGO,07,PEDRO BRAND,03,LA CUABA (D. M.).,04,EL LIMÓN,012,LA MALENITA,11,33,5,0,20,63.77
32,SANTO DOMINGO,07,PEDRO BRAND,01,PEDRO BRAND,04,PIEDRA GORDA,001,PIEDRA GORDA,18,29,22,2,10,58.02
32,SANTO DOMINGO,07,PEDRO BRAND,01,PEDRO BRAND,03,SAN MIGUEL,001,SAN MIGUEL,23,36,12,5,14,65.56
32,SANTO DOMINGO,07,PEDRO BRAND,01,PEDRO BRAND,02,LOS COROZOS,002,LOS COROZOS,96,115,25,6,24,79.32
32,SANTO DOMINGO,07,PEDRO BRAND,02,LA GUÁYIGA (D. M.).,03,EL PEDREGAL,001,EL PEDREGAL,32,158,85,12,73,52.78
32,SANTO DOMINGO,07,PEDRO BRAND,02,LA GUÁYIGA (D. M.).,04,YACÓ,001,YACÓ,36,93,35,0,46,61.43
32,SANTO DOMINGO,07,PEDRO BRAND,03,LA CUABA (D. M.).,02,LOS AGUACATES,002,SALAMANCA,16,69,33,6,59,46.45
32,SANTO DOMINGO,07,PEDRO BRAND,03,LA CUABA (D. M.).,02,LOS AGUACATES,001,LOS AGUACATES,24,148,85,11,63,51.96
32,SANTO DOMINGO,07,PEDRO BRAND,03,LA CUABA (D. M.).,03,LA ESTANCIA,005,HIGÜERO,17,17,4,0,0,89.47
32,SANTO DOMINGO,07,PEDRO BRAND,03,LA CUABA (D. M.).,04,EL LIMÓN,002,LA ISABELA ARRIBA,3,3,2,0,6,42.86
32,SANTO DOMINGO,07,PEDRO BRAND,03,LA CUABA (D. M.).,04,EL LIMÓN,010,ARROYO MINA,13,13,1,0,0,96.3
32,SANTO DOMINGO,07,PEDRO BRAND,03,LA CUABA (D. M.).,04,EL LIMÓN,006,SABANA MINA,23,19,3,0,11,75
32,SANTO DOMINGO,07,PEDRO BRAND,03,LA CUABA (D. M.).,04,EL LIMÓN,007,EL CACHIMBO,12,12,0,0,3,88.89
32,SANTO DOMINGO,07,PEDRO BRAND,03,LA CUABA (D. M.).,04,EL LIMÓN,003,BAÑADERO,2,2,0,0,0,100
32,SANTO DOMINGO,07,PEDRO BRAND,03,LA CUABA (D. M.).,04,EL LIMÓN,005,LOS GENAROS,2,4,0,0,0,100
32,SANTO DOMINGO,07,PEDRO BRAND,03,LA CUABA (D. M.).,04,EL LIMÓN,011,LOMA DE GALÁN,0,0,0,0,27,0
32,SANTO DOMINGO,07,PEDRO BRAND,03,LA CUABA (D. M.).,04,EL LIMÓN,001,EL LIMÓN,16,23,8,0,0,82.98
32,SANTO DOMINGO,07,PEDRO BRAND,03,LA CUABA (D. M.).,03,LA ESTANCIA,006,LOS JOBOS DE MATÚA,1,5,0,0,1,85.71
32,SANTO DOMINGO,07,PEDRO BRAND,03,LA CUABA (D. M.).,03,LA ESTANCIA,007,HIGUAMO,8,15,1,0,10,67.65
32,SANTO DOMINGO,07,PEDRO BRAND,03,LA CUABA (D. M.).,03,LA ESTANCIA,002,LA MALEZA,1,6,0,0,2,77.78
32,SANTO DOMINGO,07,PEDRO BRAND,03,LA CUABA (D. M.).,03,LA ESTANCIA,003,LA ESTANCIA,6,21,4,0,15,58.7
32,SANTO DOMINGO,07,PEDRO BRAND,03,LA CUABA (D. M.).,03,LA ESTANCIA,008,SUARDÍ,4,18,5,0,2,75.86
32,SANTO DOMINGO,07,PEDRO BRAND,03,LA CUABA (D. M.).,04,EL LIMÓN,009,VICTORIANO,0,0,0,0,15,0
32,SANTO DOMINGO,07,PEDRO BRAND,03,LA CUABA (D. M.).,03,LA ESTANCIA,009,HOJAS ANCHAS,16,13,1,0,20,58
32,SANTO DOMINGO,07,PEDRO BRAND,03,LA CUABA (D. M.).,03,LA ESTANCIA,004,SABANA AL MEDIO,19,54,26,3,46,49.32
32,SANTO DOMINGO,07,PEDRO BRAND,03,LA CUABA (D. M.).,02,LOS AGUACATES,003,ARROYO INDIO,19,29,4,0,28,60
32,SANTO DOMINGO,07,PEDRO BRAND,01,PEDRO BRAND,05,LA POLONIA,001,LA POLONIA,42,93,23,0,13,78.95
32,SANTO DOMINGO,07,PEDRO BRAND,01,PEDRO BRAND,06,FRASQUITO GÓMEZ,001,FRASQUITO GÓMEZ,131,170,32,2,50,78.18
32,SANTO DOMINGO,07,PEDRO BRAND,03,LA CUABA (D. M.).,04,EL LIMÓN,008,MALA VUELTA,28,21,3,0,12,76.56
32,SANTO DOMINGO,07,PEDRO BRAND,01,PEDRO BRAND,02,LOS COROZOS,001,EL CATALÁN,8,12,2,0,9,64.52
32,SANTO DOMINGO,07,PEDRO BRAND,02,LA GUÁYIGA (D. M.).,02,LOS GARCÍA,002,LOS GARCÍA,31,90,80,26,44,44.65
32,SANTO DOMINGO,07,PEDRO BRAND,02,LA GUÁYIGA (D. M.).,04,YACÓ,002,PROYECTO LOS GUARDIAS,13,14,8,0,6,65.85
32,SANTO DOMINGO,07,PEDRO BRAND,02,LA GUÁYIGA (D. M.).,02,LOS GARCÍA,001,BATEY PALAMARA,62,253,172,22,77,53.75
32,SANTO DOMINGO,07,PEDRO BRAND,01,PEDRO BRAND,05,LA POLONIA,002,EL PLATÓN,12,54,11,5,26,61.11
32,SANTO DOMINGO,07,PEDRO BRAND,01,PEDRO BRAND,07,SANTA CRUZ,002,HATO VIEJO,21,38,7,3,8,76.62
32,SANTO DOMINGO,07,PEDRO BRAND,01,PEDRO BRAND,07,SANTA CRUZ,001,SANTA CRUZ,44,117,39,4,36,67.08
32,SANTO DOMINGO,07,PEDRO BRAND,01,PEDRO BRAND,03,SAN MIGUEL,002,MATA DE IGLESIA,8,16,18,2,0,54.55
32,SANTO DOMINGO,07,PEDRO BRAND,03,LA CUABA (D. M.).,01,LA CUABA,001,LA CUABA,199,603,484,99,213,50.19
32,SANTO DOMINGO,07,PEDRO BRAND,01,PEDRO BRAND,01,PEDRO BRAND,001,PEDRO BRAND,361,1947,2917,1925,1410,26.96
32,SANTO DOMINGO,07,PEDRO BRAND,01,PEDRO BRAND,01,PEDRO BRAND,002,LOS COCOS (KILÓMETRO 28),102,491,551,253,215,36.79
32,SANTO DOMINGO,07,PEDRO BRAND,02,LA GUÁYIGA (D. M.).,01,LA GUÁYIGA,001,LA GUÁYIGA,331,1927,2348,1084,1233,32.62
32,SANTO DOMINGO,07,PEDRO BRAND,01,PEDRO BRAND,04,PIEDRA GORDA,002,LA MONTOSA,8,19,11,2,10,54
32,SANTO DOMINGO,05,SAN ANTONIO DE GUERRA,02,HATO VIEJO (D. M.).,04,ESTORGA,002,MATA LA PIEDRA,27,30,6,1,44,52.78
32,SANTO DOMINGO,05,SAN ANTONIO DE GUERRA,01,SAN ANTONIO DE GUERRA,06,BELLA VISTA,004,LA PIÑA,8,14,2,0,11,62.86
32,SANTO DOMINGO,05,SAN ANTONIO DE GUERRA,01,SAN ANTONIO DE GUERRA,04,ENJUAGADOR,007,LA PLUMA,32,33,5,1,28,65.66
32,SANTO DOMINGO,05,SAN ANTONIO DE GUERRA,01,SAN ANTONIO DE GUERRA,05,MATA DE PALMA,006,LA REFORMA,64,269,170,30,113,51.55
32,SANTO DOMINGO,05,SAN ANTONIO DE GUERRA,01,SAN ANTONIO DE GUERRA,02,EL TORO,010,EL MAMEY,54,69,14,1,90,53.95
32,SANTO DOMINGO,05,SAN ANTONIO DE GUERRA,02,HATO VIEJO (D. M.).,03,KILÓMETRO 36B,001,KILÓMETRO 36B,21,62,33,13,19,56.08
32,SANTO DOMINGO,05,SAN ANTONIO DE GUERRA,01,SAN ANTONIO DE GUERRA,04,ENJUAGADOR,008,EL CAJUILITO,62,104,18,4,27,77.21
32,SANTO DOMINGO,05,SAN ANTONIO DE GUERRA,01,SAN ANTONIO DE GUERRA,04,ENJUAGADOR,009,EL COQUITO,25,65,16,2,12,75
32,SANTO DOMINGO,05,SAN ANTONIO DE GUERRA,01,SAN ANTONIO DE GUERRA,04,ENJUAGADOR,010,LA CULEBRA,1,3,0,0,0,100
32,SANTO DOMINGO,05,SAN ANTONIO DE GUERRA,01,SAN ANTONIO DE GUERRA,04,ENJUAGADOR,004,LOS BERROA,47,41,11,0,46,60.69
32,SANTO DOMINGO,05,SAN ANTONIO DE GUERRA,01,SAN ANTONIO DE GUERRA,04,ENJUAGADOR,003,BEJUCAL,1,1,0,0,0,100
32,SANTO DOMINGO,05,SAN ANTONIO DE GUERRA,01,SAN ANTONIO DE GUERRA,02,EL TORO,009,LA FILIPINA,7,22,6,3,9,61.7
32,SANTO DOMINGO,05,SAN ANTONIO DE GUERRA,01,SAN ANTONIO DE GUERRA,02,EL TORO,004,EL MAMÓN,295,864,651,521,221,45.42
32,SANTO DOMINGO,05,SAN ANTONIO DE GUERRA,01,SAN ANTONIO DE GUERRA,02,EL TORO,006,LA CORCOBADA (CORCOVADA),12,40,10,0,16,66.67
32,SANTO DOMINGO,05,SAN ANTONIO DE GUERRA,01,SAN ANTONIO DE GUERRA,02,EL TORO,002,LA PIEDRA,137,247,45,7,112,70.07
32,SANTO DOMINGO,05,SAN ANTONIO DE GUERRA,01,SAN ANTONIO DE GUERRA,02,EL TORO,008,CONCORDIA,14,73,28,9,6,66.92
32,SANTO DOMINGO,05,SAN ANTONIO DE GUERRA,01,SAN ANTONIO DE GUERRA,02,EL TORO,001,EL TORO,124,433,257,75,107,55.92
32,SANTO DOMINGO,05,SAN ANTONIO DE GUERRA,01,SAN ANTONIO DE GUERRA,02,EL TORO,007,EL VISO,18,22,2,0,17,67.8
32,SANTO DOMINGO,05,SAN ANTONIO DE GUERRA,01,SAN ANTONIO DE GUERRA,06,BELLA VISTA,001,BELLA VISTA,48,143,63,20,41,60.63
32,SANTO DOMINGO,05,SAN ANTONIO DE GUERRA,01,SAN ANTONIO DE GUERRA,05,MATA DE PALMA,004,VALENTÍN,33,121,68,20,76,48.43
32,SANTO DOMINGO,05,SAN ANTONIO DE GUERRA,01,SAN ANTONIO DE GUERRA,05,MATA DE PALMA,010,CERRO CABRA,34,86,23,1,39,65.57
32,SANTO DOMINGO,05,SAN ANTONIO DE GUERRA,01,SAN ANTONIO DE GUERRA,05,MATA DE PALMA,015,CAPACITO,42,93,45,3,43,59.73
32,SANTO DOMINGO,05,SAN ANTONIO DE GUERRA,01,SAN ANTONIO DE GUERRA,05,MATA DE PALMA,013,POCO AGUA,1,0,0,0,4,20
32,SANTO DOMINGO,05,SAN ANTONIO DE GUERRA,01,SAN ANTONIO DE GUERRA,05,MATA DE PALMA,012,SANTA MARÍA,12,28,9,1,1,78.43
32,SANTO DOMINGO,05,SAN ANTONIO DE GUERRA,01,SAN ANTONIO DE GUERRA,05,MATA DE PALMA,002,CUENCA,6,9,7,2,7,48.39
32,SANTO DOMINGO,05,SAN ANTONIO DE GUERRA,01,SAN ANTONIO DE GUERRA,05,MATA DE PALMA,014,LA PICADORA,14,8,2,0,7,70.97
32,SANTO DOMINGO,05,SAN ANTONIO DE GUERRA,01,SAN ANTONIO DE GUERRA,03,LA JOYA,002,LOS BARREROS,11,9,5,1,11,54.05
32,SANTO DOMINGO,05,SAN ANTONIO DE GUERRA,01,SAN ANTONIO DE GUERRA,03,LA JOYA,007,EL ALTO,7,20,4,0,8,69.23
32,SANTO DOMINGO,05,SAN ANTONIO DE GUERRA,01,SAN ANTONIO DE GUERRA,03,LA JOYA,004,MATA BARRACO,1,0,1,0,18,5
32,SANTO DOMINGO,05,SAN ANTONIO DE GUERRA,01,SAN ANTONIO DE GUERRA,03,LA JOYA,011,AHORCA LOS PERROS,0,0,0,0,6,0
32,SANTO DOMINGO,05,SAN ANTONIO DE GUERRA,02,HATO VIEJO (D. M.).,04,ESTORGA,001,BATEY AMELIA,29,3,0,0,21,60.38
32,SANTO DOMINGO,05,SAN ANTONIO DE GUERRA,02,HATO VIEJO (D. M.).,04,ESTORGA,004,LA CATALINA,34,46,14,1,31,63.49
32,SANTO DOMINGO,05,SAN ANTONIO DE GUERRA,02,HATO VIEJO (D. M.).,04,ESTORGA,003,JUANA JICO,3,1,7,1,21,12.12
32,SANTO DOMINGO,05,SAN ANTONIO DE GUERRA,02,HATO VIEJO (D. M.).,04,ESTORGA,005,ISMAEL JIMÉNEZ O LAS GARZAS,6,56,23,4,9,63.27
32,SANTO DOMINGO,05,SAN ANTONIO DE GUERRA,01,SAN ANTONIO DE GUERRA,03,LA JOYA,001,LA JOYA,78,257,155,35,60,57.26
32,SANTO DOMINGO,05,SAN ANTONIO DE GUERRA,01,SAN ANTONIO DE GUERRA,03,LA JOYA,010,EL PEJE,67,107,23,5,43,71.02
32,SANTO DOMINGO,05,SAN ANTONIO DE GUERRA,01,SAN ANTONIO DE GUERRA,03,LA JOYA,009,LA BATATA,15,13,1,0,35,43.75
32,SANTO DOMINGO,05,SAN ANTONIO DE GUERRA,01,SAN ANTONIO DE GUERRA,05,MATA DE PALMA,001,LOS COCOS,28,91,10,2,80,56.4
32,SANTO DOMINGO,05,SAN ANTONIO DE GUERRA,01,SAN ANTONIO DE GUERRA,05,MATA DE PALMA,009,LA BARÍAS,45,96,12,1,41,72.31
32,SANTO DOMINGO,05,SAN ANTONIO DE GUERRA,01,SAN ANTONIO DE GUERRA,05,MATA DE PALMA,003,LA JAGÜITA,1,2,0,0,0,100
32,SANTO DOMINGO,05,SAN ANTONIO DE GUERRA,01,SAN ANTONIO DE GUERRA,06,BELLA VISTA,003,LOS MARENOS,9,55,14,2,0,80
32,SANTO DOMINGO,05,SAN ANTONIO DE GUERRA,01,SAN ANTONIO DE GUERRA,06,BELLA VISTA,002,MATA VACA,10,9,8,1,31,32.2
32,SANTO DOMINGO,05,SAN ANTONIO DE GUERRA,01,SAN ANTONIO DE GUERRA,05,MATA DE PALMA,007,EL PORRITO O POMITO,8,2,0,0,42,19.23
32,SANTO DOMINGO,05,SAN ANTONIO DE GUERRA,01,SAN ANTONIO DE GUERRA,05,MATA DE PALMA,005,LAS PARRAS,27,83,14,1,0,88
32,SANTO DOMINGO,05,SAN ANTONIO DE GUERRA,01,SAN ANTONIO DE GUERRA,03,LA JOYA,003,LA GUAMA,7,5,1,0,0,92.31
32,SANTO DOMINGO,05,SAN ANTONIO DE GUERRA,01,SAN ANTONIO DE GUERRA,03,LA JOYA,008,EL CACHÓN (LOS CACHONES),1,0,0,0,10,9.09
32,SANTO DOMINGO,05,SAN ANTONIO DE GUERRA,01,SAN ANTONIO DE GUERRA,04,ENJUAGADOR,002,LA ESTANCIA,1,1,0,0,0,100
32,SANTO DOMINGO,05,SAN ANTONIO DE GUERRA,01,SAN ANTONIO DE GUERRA,02,EL TORO,003,EL FAO,42,88,53,9,24,60.19
32,SANTO DOMINGO,05,SAN ANTONIO DE GUERRA,01,SAN ANTONIO DE GUERRA,02,EL TORO,005,LA MUJARRA (MOJARRA),20,67,24,8,38,55.41
32,SANTO DOMINGO,05,SAN ANTONIO DE GUERRA,02,HATO VIEJO (D. M.).,02,BATEY II,003,HATO VIEJO,24,58,19,3,21,65.6
32,SANTO DOMINGO,05,SAN ANTONIO DE GUERRA,02,HATO VIEJO (D. M.).,02,BATEY II,002,EL LIMÓN,22,67,20,2,38,59.73
32,SANTO DOMINGO,05,SAN ANTONIO DE GUERRA,02,HATO VIEJO (D. M.).,02,BATEY II,004,LA GINA,19,70,37,6,15,60.54
32,SANTO DOMINGO,05,SAN ANTONIO DE GUERRA,02,HATO VIEJO (D. M.).,02,BATEY II,001,BATEY II O HATO VIEJO II,36,71,20,1,56,58.15
32,SANTO DOMINGO,05,SAN ANTONIO DE GUERRA,01,SAN ANTONIO DE GUERRA,04,ENJUAGADOR,001,CRUCE DE GUERRA,16,54,21,3,33,55.12
32,SANTO DOMINGO,05,SAN ANTONIO DE GUERRA,01,SAN ANTONIO DE GUERRA,05,MATA DE PALMA,011,EL CEA,55,47,8,0,0,92.73
32,SANTO DOMINGO,05,SAN ANTONIO DE GUERRA,01,SAN ANTONIO DE GUERRA,04,ENJUAGADOR,005,LA CAOBA,23,69,40,35,16,50.27
32,SANTO DOMINGO,05,SAN ANTONIO DE GUERRA,01,SAN ANTONIO DE GUERRA,03,LA JOYA,006,TIERRA BLANCA,37,28,4,4,9,79.27
32,SANTO DOMINGO,05,SAN ANTONIO DE GUERRA,02,HATO VIEJO (D. M.).,04,ESTORGA,007,ESTORGA,4,9,21,5,15,24.07
32,SANTO DOMINGO,05,SAN ANTONIO DE GUERRA,01,SAN ANTONIO DE GUERRA,05,MATA DE PALMA,008,LA GRANJA,23,60,22,1,24,63.85
32,SANTO DOMINGO,05,SAN ANTONIO DE GUERRA,01,SAN ANTONIO DE GUERRA,01,SAN ANTONIO DE GUERRA,001,GUERRA CENTRO,294,1428,2021,1271,883,29.2
32,SANTO DOMINGO,05,SAN ANTONIO DE GUERRA,02,HATO VIEJO (D. M.).,01,ESTORGA,001,ESTORGA,65,157,91,22,19,62.71
32,SANTO DOMINGO,05,SAN ANTONIO DE GUERRA,01,SAN ANTONIO DE GUERRA,03,LA JOYA,005,SANTA LUCÍA,0,0,1,0,33,0
32,SANTO DOMINGO,03,SANTO DOMINGO NORTE,01,SANTO DOMINGO NORTE,02,LICEY,001,LICEY,82,381,204,48,45,60.92
32,SANTO DOMINGO,02,SANTO DOMINGO OESTE,01,SANTO DOMINGO OESTE,02,MANOGUAYABO,002,CABALLONA,91,350,550,401,384,24.83
32,SANTO DOMINGO,02,SANTO DOMINGO OESTE,01,SANTO DOMINGO OESTE,02,MANOGUAYABO,003,PALAVÉ,239,647,608,170,409,42.74
32,SANTO DOMINGO,02,SANTO DOMINGO OESTE,01,SANTO DOMINGO OESTE,02,MANOGUAYABO,006,BIENVENIDO,103,474,712,306,909,23.04
32,SANTO DOMINGO,02,SANTO DOMINGO OESTE,01,SANTO DOMINGO OESTE,02,MANOGUAYABO,005,HATO NUEVO,179,942,1785,1493,718,21.91
32,SANTO DOMINGO,02,SANTO DOMINGO OESTE,01,SANTO DOMINGO OESTE,02,MANOGUAYABO,004,BUENAS NOCHES,58,439,966,582,452,19.9
32,SANTO DOMINGO,02,SANTO DOMINGO OESTE,01,SANTO DOMINGO OESTE,02,MANOGUAYABO,001,LA CIÉNAGA,151,1116,1799,1183,515,26.6
32,SANTO DOMINGO,02,SANTO DOMINGO OESTE,01,SANTO DOMINGO OESTE,01,SANTO DOMINGO OESTE,001,SANTO DOMINGO COUNTRY CLUB,240,1238,2328,1645,1620,20.9
32,SANTO DOMINGO,02,SANTO DOMINGO OESTE,01,SANTO DOMINGO OESTE,01,SANTO DOMINGO OESTE,013,SAN MIGUEL,130,716,1320,1160,1526,17.44
32,SANTO DOMINGO,02,SANTO DOMINGO OESTE,01,SANTO DOMINGO OESTE,01,SANTO DOMINGO OESTE,015,MANOGUAYABO,56,451,1167,1266,941,13.06
32,SANTO DOMINGO,02,SANTO DOMINGO OESTE,01,SANTO DOMINGO OESTE,01,SANTO DOMINGO OESTE,016,FINCA DE ENGOMBE,8,33,81,123,49,13.95
32,SANTO DOMINGO,02,SANTO DOMINGO OESTE,01,SANTO DOMINGO OESTE,01,SANTO DOMINGO OESTE,002,LA ALTAGRACIA,133,846,2164,1539,1344,16.25
32,SANTO DOMINGO,02,SANTO DOMINGO OESTE,01,SANTO DOMINGO OESTE,01,SANTO DOMINGO OESTE,003,ENGOMBE,142,1048,2485,2252,1374,16.3
32,SANTO DOMINGO,02,SANTO DOMINGO OESTE,01,SANTO DOMINGO OESTE,01,SANTO DOMINGO OESTE,005,LAS CAOBAS,51,361,1384,2397,649,8.51
32,SANTO DOMINGO,02,SANTO DOMINGO OESTE,01,SANTO DOMINGO OESTE,01,SANTO DOMINGO OESTE,006,ALAMEDA,34,228,694,583,399,13.52
32,SANTO DOMINGO,02,SANTO DOMINGO OESTE,01,SANTO DOMINGO OESTE,01,SANTO DOMINGO OESTE,007,ENRIQUILLO,67,532,1445,1295,951,13.96
32,SANTO DOMINGO,02,SANTO DOMINGO OESTE,01,SANTO DOMINGO OESTE,01,SANTO DOMINGO OESTE,008,BUENOS AIRES DE HERRERA,141,804,1976,1664,1311,16.03
32,SANTO DOMINGO,02,SANTO DOMINGO OESTE,01,SANTO DOMINGO OESTE,01,SANTO DOMINGO OESTE,009,HERRERA,212,1650,4378,4557,2505,14
32,SANTO DOMINGO,02,SANTO DOMINGO OESTE,01,SANTO DOMINGO OESTE,01,SANTO DOMINGO OESTE,010,ZONA INDUSTRIAL HERRERA,10,88,324,312,237,10.09
32,SANTO DOMINGO,02,SANTO DOMINGO OESTE,01,SANTO DOMINGO OESTE,01,SANTO DOMINGO OESTE,012,COSTA VERDE,6,51,113,95,0,21.51
32,SANTO DOMINGO,02,SANTO DOMINGO OESTE,01,SANTO DOMINGO OESTE,01,SANTO DOMINGO OESTE,011,JUAN PABLO DUARTE,130,1073,2966,2413,2272,13.59
32,SANTO DOMINGO,02,SANTO DOMINGO OESTE,01,SANTO DOMINGO OESTE,01,SANTO DOMINGO OESTE,004,LA ROSA,25,163,727,846,323,9.02
32,SANTO DOMINGO,02,SANTO DOMINGO OESTE,01,SANTO DOMINGO OESTE,01,SANTO DOMINGO OESTE,014,BAYONA,57,469,1537,1838,2304,8.48
32,SANTO DOMINGO,01,SANTO DOMINGO ESTE,02,SAN LUIS (D. M.).,03,EL NARANJO,003,EL CABRETO,26,125,72,28,28,54.12
32,SANTO DOMINGO,01,SANTO DOMINGO ESTE,01,SANTO DOMINGO ESTE,02,CANCINO,002,EL CUATRO,4,25,54,71,9,17.79
32,SANTO DOMINGO,01,SANTO DOMINGO ESTE,02,SAN LUIS (D. M.).,04,SAN LUIS,001,EL MUELLE,10,15,5,15,0,55.56
32,SANTO DOMINGO,01,SANTO DOMINGO ESTE,02,SAN LUIS (D. M.).,02,SAN ISIDRO,002,SAN ISIDRO ADENTRO,11,78,185,325,204,11.08
32,SANTO DOMINGO,01,SANTO DOMINGO ESTE,02,SAN LUIS (D. M.).,03,EL NARANJO,001,BATEY EL NARANJO,102,238,160,32,205,46.13
32,SANTO DOMINGO,01,SANTO DOMINGO ESTE,02,SAN LUIS (D. M.).,02,SAN ISIDRO,001,EL BONITO,98,623,1331,795,966,18.91
32,SANTO DOMINGO,01,SANTO DOMINGO ESTE,01,SANTO DOMINGO ESTE,03,MENDOZA,001,LOS PAREDONES,44,316,526,300,23,29.78
32,SANTO DOMINGO,01,SANTO DOMINGO ESTE,01,SANTO DOMINGO ESTE,03,MENDOZA,004,EL VALIENTE,78,330,295,75,0,52.44
32,SANTO DOMINGO,01,SANTO DOMINGO ESTE,02,SAN LUIS (D. M.).,03,EL NARANJO,002,EL PUENTE,0,2,1,0,0,66.67
32,SANTO DOMINGO,01,SANTO DOMINGO ESTE,02,SAN LUIS (D. M.).,04,SAN LUIS,002,PIRAGUA,51,139,66,30,0,66.43
32,SANTO DOMINGO,01,SANTO DOMINGO ESTE,02,SAN LUIS (D. M.).,02,SAN ISIDRO,003,SAN ISIDRO AFUERA,126,571,1189,743,860,19.98
32,SANTO DOMINGO,01,SANTO DOMINGO ESTE,01,SANTO DOMINGO ESTE,03,MENDOZA,002,SAN MIGUEL,67,284,283,220,0,41.1
32,SANTO DOMINGO,01,SANTO DOMINGO ESTE,01,SANTO DOMINGO ESTE,03,MENDOZA,003,LA GRÚA,48,173,346,758,259,13.95
32,SANTO DOMINGO,01,SANTO DOMINGO ESTE,01,SANTO DOMINGO ESTE,02,CANCINO,001,CANCINO ADENTRO,4,3,12,12,0,22.58
32,SANTO DOMINGO,01,SANTO DOMINGO ESTE,01,SANTO DOMINGO ESTE,01,SANTO DOMINGO ESTE,001,VILLA DUARTE,214,1817,4252,2782,2803,17.11
32,SANTO DOMINGO,01,SANTO DOMINGO ESTE,01,SANTO DOMINGO ESTE,01,SANTO DOMINGO ESTE,002,ENSANCHE OZAMA,116,648,1028,922,354,24.9
32,SANTO DOMINGO,01,SANTO DOMINGO ESTE,01,SANTO DOMINGO ESTE,01,SANTO DOMINGO ESTE,003,LOS MINA NORTE,517,3400,6891,5902,2287,20.62
32,SANTO DOMINGO,01,SANTO DOMINGO ESTE,01,SANTO DOMINGO ESTE,01,SANTO DOMINGO ESTE,004,LOS MINA SUR,433,2778,5995,7145,2272,17.24
32,SANTO DOMINGO,01,SANTO DOMINGO ESTE,01,SANTO DOMINGO ESTE,01,SANTO DOMINGO ESTE,005,ALMA ROSA,55,374,1092,1424,188,13.69
32,SANTO DOMINGO,01,SANTO DOMINGO ESTE,01,SANTO DOMINGO ESTE,01,SANTO DOMINGO ESTE,006,LAS AMÉRICAS,76,512,1228,1488,518,15.38
32,SANTO DOMINGO,01,SANTO DOMINGO ESTE,01,SANTO DOMINGO ESTE,01,SANTO DOMINGO ESTE,007,SANS SOUCÍ,3,49,149,131,198,9.81
32,SANTO DOMINGO,01,SANTO DOMINGO ESTE,01,SANTO DOMINGO ESTE,01,SANTO DOMINGO ESTE,008,LOS TRES BRAZOS-JARDINES DEL OZAMA,672,3446,6650,5609,3009,21.24
32,SANTO DOMINGO,01,SANTO DOMINGO ESTE,01,SANTO DOMINGO ESTE,01,SANTO DOMINGO ESTE,009,FARO A COLÓN,74,602,1782,1426,1831,11.83
32,SANTO DOMINGO,01,SANTO DOMINGO ESTE,01,SANTO DOMINGO ESTE,01,SANTO DOMINGO ESTE,010,LOS MAMEYES,95,814,2147,2644,1969,11.85
32,SANTO DOMINGO,01,SANTO DOMINGO ESTE,01,SANTO DOMINGO ESTE,01,SANTO DOMINGO ESTE,011,ISABELITA,87,741,2337,2527,1481,11.54
32,SANTO DOMINGO,01,SANTO DOMINGO ESTE,01,SANTO DOMINGO ESTE,01,SANTO DOMINGO ESTE,012,LOS TRES OJOS,9,94,341,527,130,9.36
32,SANTO DOMINGO,01,SANTO DOMINGO ESTE,01,SANTO DOMINGO ESTE,01,SANTO DOMINGO ESTE,013,VILLA FARO,77,595,1795,2247,1667,10.53
32,SANTO DOMINGO,01,SANTO DOMINGO ESTE,01,SANTO DOMINGO ESTE,01,SANTO DOMINGO ESTE,014,MENDOZA,45,250,699,831,231,14.35
32,SANTO DOMINGO,01,SANTO DOMINGO ESTE,01,SANTO DOMINGO ESTE,01,SANTO DOMINGO ESTE,015,CANCINO,25,186,569,746,100,12.98
32,SANTO DOMINGO,01,SANTO DOMINGO ESTE,01,SANTO DOMINGO ESTE,01,SANTO DOMINGO ESTE,016,LOS TRINITARIOS,114,675,1309,1020,948,19.4
32,SANTO DOMINGO,01,SANTO DOMINGO ESTE,01,SANTO DOMINGO ESTE,01,SANTO DOMINGO ESTE,017,EL CACHÓN DE LA RUBIA,63,188,299,446,0,25.2
32,SANTO DOMINGO,01,SANTO DOMINGO ESTE,01,SANTO DOMINGO ESTE,01,SANTO DOMINGO ESTE,018,CANCINO AFUERA,2,38,77,164,1,14.18
32,SANTO DOMINGO,01,SANTO DOMINGO ESTE,01,SANTO DOMINGO ESTE,01,SANTO DOMINGO ESTE,019,CANCINO ADENTRO,279,1415,2310,1576,696,26.99
32,SANTO DOMINGO,01,SANTO DOMINGO ESTE,01,SANTO DOMINGO ESTE,01,SANTO DOMINGO ESTE,020,EL TAMARINDO,635,3280,5977,5702,2136,22.08
32,SANTO DOMINGO,01,SANTO DOMINGO ESTE,01,SANTO DOMINGO ESTE,01,SANTO DOMINGO ESTE,021,SAN JOSÉ DE MENDOZA,233,1112,2455,1284,889,22.52
32,SANTO DOMINGO,01,SANTO DOMINGO ESTE,01,SANTO DOMINGO ESTE,01,SANTO DOMINGO ESTE,022,PRADO ORIENTAL,3,14,42,105,0,10.37
32,SANTO DOMINGO,01,SANTO DOMINGO ESTE,01,SANTO DOMINGO ESTE,01,SANTO DOMINGO ESTE,023,BRISA ORIENTAL,11,75,254,289,0,13.67
32,SANTO DOMINGO,01,SANTO DOMINGO ESTE,01,SANTO DOMINGO ESTE,01,SANTO DOMINGO ESTE,024,JUAN LÓPEZ,1,4,12,30,0,10.64
32,SANTO DOMINGO,01,SANTO DOMINGO ESTE,01,SANTO DOMINGO ESTE,01,SANTO DOMINGO ESTE,025,HAINAMOSA,62,619,2105,4706,903,8.11
32,SANTO DOMINGO,01,SANTO DOMINGO ESTE,01,SANTO DOMINGO ESTE,01,SANTO DOMINGO ESTE,026,EL ALMIRANTE,359,2266,6429,5730,3017,14.75
32,SANTO DOMINGO,01,SANTO DOMINGO ESTE,01,SANTO DOMINGO ESTE,01,SANTO DOMINGO ESTE,027,LOS FRAILES,382,3062,7014,5127,2321,19.23
32,SANTO DOMINGO,01,SANTO DOMINGO ESTE,01,SANTO DOMINGO ESTE,01,SANTO DOMINGO ESTE,028,LAS CANAS,98,694,1724,1447,855,16.44
32,SANTO DOMINGO,01,SANTO DOMINGO ESTE,02,SAN LUIS (D. M.).,01,SAN LUIS,001,SAN LUIS,362,2239,2931,1206,1632,31.08
32,SANTO DOMINGO,01,SANTO DOMINGO ESTE,01,SANTO DOMINGO ESTE,03,MENDOZA,005,LA UREÑA,575,2696,3473,1354,766,36.9
32,SANTO DOMINGO,03,SANTO DOMINGO NORTE,01,SANTO DOMINGO NORTE,03,SIERRA PRIETA,005,KILÓMETRO 26,36,117,60,6,13,65.95
32,SANTO DOMINGO,03,SANTO DOMINGO NORTE,02,LA VICTORIA (D. M.).,05,LA BOMBA,002,GUAYABO,8,19,8,1,42,34.62
01,DISTRITO NACIONAL,01,SANTO DOMINGO DE GUZMÁN,01,SANTO DOMINGO DE GUZMÁN,01,SANTO DOMINGO DE GUZMÁN,007,HONDURAS DEL OESTE,46,64,225,424,0,14.49
01,DISTRITO NACIONAL,01,SANTO DOMINGO DE GUZMÁN,01,SANTO DOMINGO DE GUZMÁN,01,SANTO DOMINGO DE GUZMÁN,026,MIRAMAR,1,6,31,51,0,7.87
01,DISTRITO NACIONAL,01,SANTO DOMINGO DE GUZMÁN,01,SANTO DOMINGO DE GUZMÁN,01,SANTO DOMINGO DE GUZMÁN,027,TROPICAL METALDOM,0,5,2,13,0,25
01,DISTRITO NACIONAL,01,SANTO DOMINGO DE GUZMÁN,01,SANTO DOMINGO DE GUZMÁN,01,SANTO DOMINGO DE GUZMÁN,036,30 DE MAYO,13,97,444,649,0,9.14
01,DISTRITO NACIONAL,01,SANTO DOMINGO DE GUZMÁN,01,SANTO DOMINGO DE GUZMÁN,01,SANTO DOMINGO DE GUZMÁN,037,CACIQUE,3,18,39,114,0,12.07
01,DISTRITO NACIONAL,01,SANTO DOMINGO DE GUZMÁN,01,SANTO DOMINGO DE GUZMÁN,01,SANTO DOMINGO DE GUZMÁN,039,MATA HAMBRE,10,78,230,301,0,14.22
01,DISTRITO NACIONAL,01,SANTO DOMINGO DE GUZMÁN,01,SANTO DOMINGO DE GUZMÁN,01,SANTO DOMINGO DE GUZMÁN,038,CENTRO DE LOS HEROES,0,4,8,19,0,12.9
01,DISTRITO NACIONAL,01,SANTO DOMINGO DE GUZMÁN,01,SANTO DOMINGO DE GUZMÁN,01,SANTO DOMINGO DE GUZMÁN,034,NUESTRA SEÑORA DE LA PAZ,15,95,334,550,0,11.07
01,DISTRITO NACIONAL,01,SANTO DOMINGO DE GUZMÁN,01,SANTO DOMINGO DE GUZMÁN,01,SANTO DOMINGO DE GUZMÁN,035,GENERAL ANTONIO DUVERGE,0,3,35,64,0,2.94
01,DISTRITO NACIONAL,01,SANTO DOMINGO DE GUZMÁN,01,SANTO DOMINGO DE GUZMÁN,01,SANTO DOMINGO DE GUZMÁN,029,ATALA,1,4,10,30,0,11.11
01,DISTRITO NACIONAL,01,SANTO DOMINGO DE GUZMÁN,01,SANTO DOMINGO DE GUZMÁN,01,SANTO DOMINGO DE GUZMÁN,028,JARDINES DEL SUR,13,126,411,424,0,14.27
01,DISTRITO NACIONAL,01,SANTO DOMINGO DE GUZMÁN,01,SANTO DOMINGO DE GUZMÁN,01,SANTO DOMINGO DE GUZMÁN,025,BUENOS AIRES (INDEPENDENCIA),93,645,1834,2288,0,15.19
01,DISTRITO NACIONAL,01,SANTO DOMINGO DE GUZMÁN,01,SANTO DOMINGO DE GUZMÁN,01,SANTO DOMINGO DE GUZMÁN,008,HONDURAS DEL NORTE,25,77,278,449,0,12.3
01,DISTRITO NACIONAL,01,SANTO DOMINGO DE GUZMÁN,01,SANTO DOMINGO DE GUZMÁN,01,SANTO DOMINGO DE GUZMÁN,040,CIUDAD UNIVERSITARIA,0,10,27,46,0,12.05
01,DISTRITO NACIONAL,01,SANTO DOMINGO DE GUZMÁN,01,SANTO DOMINGO DE GUZMÁN,01,SANTO DOMINGO DE GUZMÁN,041,LA ESPERILLA,0,3,3,19,0,12
01,DISTRITO NACIONAL,01,SANTO DOMINGO DE GUZMÁN,01,SANTO DOMINGO DE GUZMÁN,01,SANTO DOMINGO DE GUZMÁN,033,LA JULIA,10,99,454,624,0,9.18
01,DISTRITO NACIONAL,01,SANTO DOMINGO DE GUZMÁN,01,SANTO DOMINGO DE GUZMÁN,01,SANTO DOMINGO DE GUZMÁN,053,GAZCUE,2,13,34,96,0,10.34
01,DISTRITO NACIONAL,01,SANTO DOMINGO DE GUZMÁN,01,SANTO DOMINGO DE GUZMÁN,01,SANTO DOMINGO DE GUZMÁN,054,CIUDAD NUEVA,1,18,38,62,0,15.97
01,DISTRITO NACIONAL,01,SANTO DOMINGO DE GUZMÁN,01,SANTO DOMINGO DE GUZMÁN,01,SANTO DOMINGO DE GUZMÁN,065,CIUDAD COLONIAL,11,134,223,369,255,14.62
01,DISTRITO NACIONAL,01,SANTO DOMINGO DE GUZMÁN,01,SANTO DOMINGO DE GUZMÁN,01,SANTO DOMINGO DE GUZMÁN,052,SAN JUAN BOSCO,0,18,27,48,0,19.35
01,DISTRITO NACIONAL,01,SANTO DOMINGO DE GUZMÁN,01,SANTO DOMINGO DE GUZMÁN,01,SANTO DOMINGO DE GUZMÁN,009,PASEO DE LOS INDIOS,0,9,20,42,0,12.68
01,DISTRITO NACIONAL,01,SANTO DOMINGO DE GUZMÁN,01,SANTO DOMINGO DE GUZMÁN,01,SANTO DOMINGO DE GUZMÁN,010,LOS CACICAZGOS,0,0,2,15,0,0
01,DISTRITO NACIONAL,01,SANTO DOMINGO DE GUZMÁN,01,SANTO DOMINGO DE GUZMÁN,01,SANTO DOMINGO DE GUZMÁN,011,RENACIMIENTO,0,2,8,27,0,5.41
01,DISTRITO NACIONAL,01,SANTO DOMINGO DE GUZMÁN,01,SANTO DOMINGO DE GUZMÁN,01,SANTO DOMINGO DE GUZMÁN,023,MIRADOR NORTE,0,2,8,31,5,4.35
01,DISTRITO NACIONAL,01,SANTO DOMINGO DE GUZMÁN,01,SANTO DOMINGO DE GUZMÁN,01,SANTO DOMINGO DE GUZMÁN,024,MIRADOR SUR,1,9,24,56,0,11.11
01,DISTRITO NACIONAL,01,SANTO DOMINGO DE GUZMÁN,01,SANTO DOMINGO DE GUZMÁN,01,SANTO DOMINGO DE GUZMÁN,051,MIRAFLORES,1,0,6,13,3,4.35
01,DISTRITO NACIONAL,01,SANTO DOMINGO DE GUZMÁN,01,SANTO DOMINGO DE GUZMÁN,01,SANTO DOMINGO DE GUZMÁN,043,CENTRO OLIMPICO,2,1,3,10,0,18.75
01,DISTRITO NACIONAL,01,SANTO DOMINGO DE GUZMÁN,01,SANTO DOMINGO DE GUZMÁN,01,SANTO DOMINGO DE GUZMÁN,042,ENSANCHE NACO,2,45,136,267,0,10.44
01,DISTRITO NACIONAL,01,SANTO DOMINGO DE GUZMÁN,01,SANTO DOMINGO DE GUZMÁN,01,SANTO DOMINGO DE GUZMÁN,019,PARAISO,6,40,92,80,0,21.1
01,DISTRITO NACIONAL,01,SANTO DOMINGO DE GUZMÁN,01,SANTO DOMINGO DE GUZMÁN,01,SANTO DOMINGO DE GUZMÁN,032,PIANTINI,1,1,5,15,0,9.09
01,DISTRITO NACIONAL,01,SANTO DOMINGO DE GUZMÁN,01,SANTO DOMINGO DE GUZMÁN,01,SANTO DOMINGO DE GUZMÁN,012,LOS RESTAURADORES,32,227,679,683,0,15.98
01,DISTRITO NACIONAL,01,SANTO DOMINGO DE GUZMÁN,01,SANTO DOMINGO DE GUZMÁN,01,SANTO DOMINGO DE GUZMÁN,031,ENSANCHE QUISQUEYA,27,292,830,894,190,14.29
01,DISTRITO NACIONAL,01,SANTO DOMINGO DE GUZMÁN,01,SANTO DOMINGO DE GUZMÁN,01,SANTO DOMINGO DE GUZMÁN,022,EL MILLON,0,6,23,54,0,7.23
01,DISTRITO NACIONAL,01,SANTO DOMINGO DE GUZMÁN,01,SANTO DOMINGO DE GUZMÁN,01,SANTO DOMINGO DE GUZMÁN,013,SAN GERONIMO,1,3,7,33,0,9.09
01,DISTRITO NACIONAL,01,SANTO DOMINGO DE GUZMÁN,01,SANTO DOMINGO DE GUZMÁN,01,SANTO DOMINGO DE GUZMÁN,021,LOS PRADOS,19,125,329,382,155,14.26
01,DISTRITO NACIONAL,01,SANTO DOMINGO DE GUZMÁN,01,SANTO DOMINGO DE GUZMÁN,01,SANTO DOMINGO DE GUZMÁN,020,JULIETA MORALES,49,428,969,713,387,18.74
01,DISTRITO NACIONAL,01,SANTO DOMINGO DE GUZMÁN,01,SANTO DOMINGO DE GUZMÁN,01,SANTO DOMINGO DE GUZMÁN,064,VILLA FRANCISCA,125,1165,1751,1356,1440,22.1
01,DISTRITO NACIONAL,01,SANTO DOMINGO DE GUZMÁN,01,SANTO DOMINGO DE GUZMÁN,01,SANTO DOMINGO DE GUZMÁN,056,VILLA CONSUELO,137,892,1635,1501,1377,18.57
01,DISTRITO NACIONAL,01,SANTO DOMINGO DE GUZMÁN,01,SANTO DOMINGO DE GUZMÁN,01,SANTO DOMINGO DE GUZMÁN,066,DOMINGO SAVIO,853,4394,5315,1711,2859,34.67
01,DISTRITO NACIONAL,01,SANTO DOMINGO DE GUZMÁN,01,SANTO DOMINGO DE GUZMÁN,01,SANTO DOMINGO DE GUZMÁN,062,MARIA AUXILIADORA,386,2455,4122,2483,2505,23.77
01,DISTRITO NACIONAL,01,SANTO DOMINGO DE GUZMÁN,01,SANTO DOMINGO DE GUZMÁN,01,SANTO DOMINGO DE GUZMÁN,063,MEJORAMIENTO SOCIAL,151,1276,2569,1840,2063,18.07
01,DISTRITO NACIONAL,01,SANTO DOMINGO DE GUZMÁN,01,SANTO DOMINGO DE GUZMÁN,01,SANTO DOMINGO DE GUZMÁN,050,VILLA JUANA,222,1563,2293,2966,2079,19.57
01,DISTRITO NACIONAL,01,SANTO DOMINGO DE GUZMÁN,01,SANTO DOMINGO DE GUZMÁN,01,SANTO DOMINGO DE GUZMÁN,049,VILLA AGRICOLAS,280,1613,2669,2141,1357,23.49
01,DISTRITO NACIONAL,01,SANTO DOMINGO DE GUZMÁN,01,SANTO DOMINGO DE GUZMÁN,01,SANTO DOMINGO DE GUZMÁN,057,ENSANCHE LUPERON,28,320,823,935,205,15.06
01,DISTRITO NACIONAL,01,SANTO DOMINGO DE GUZMÁN,01,SANTO DOMINGO DE GUZMÁN,01,SANTO DOMINGO DE GUZMÁN,061,ENSANCHE ESPAILLAT,59,499,1517,1841,955,11.46
01,DISTRITO NACIONAL,01,SANTO DOMINGO DE GUZMÁN,01,SANTO DOMINGO DE GUZMÁN,01,SANTO DOMINGO DE GUZMÁN,048,LA ZURZA,356,1982,2189,939,1390,34.1
01,DISTRITO NACIONAL,01,SANTO DOMINGO DE GUZMÁN,01,SANTO DOMINGO DE GUZMÁN,01,SANTO DOMINGO DE GUZMÁN,058,ENSANCHE CAPOTILLO,500,2874,4093,1911,1810,30.16
01,DISTRITO NACIONAL,01,SANTO DOMINGO DE GUZMÁN,01,SANTO DOMINGO DE GUZMÁN,01,SANTO DOMINGO DE GUZMÁN,059,SIMON BOLIVAR,363,1845,2662,1631,1309,28.27
01,DISTRITO NACIONAL,01,SANTO DOMINGO DE GUZMÁN,01,SANTO DOMINGO DE GUZMÁN,01,SANTO DOMINGO DE GUZMÁN,067,GUALEY,356,1907,2422,1139,1137,32.51
01,DISTRITO NACIONAL,01,SANTO DOMINGO DE GUZMÁN,01,SANTO DOMINGO DE GUZMÁN,01,SANTO DOMINGO DE GUZMÁN,060,24 DE ABRIL,115,894,1842,1381,1053,19.09
01,DISTRITO NACIONAL,01,SANTO DOMINGO DE GUZMÁN,01,SANTO DOMINGO DE GUZMÁN,01,SANTO DOMINGO DE GUZMÁN,001,LOS PERALEJOS,65,553,1344,1438,814,14.67
01,DISTRITO NACIONAL,01,SANTO DOMINGO DE GUZMÁN,01,SANTO DOMINGO DE GUZMÁN,01,SANTO DOMINGO DE GUZMÁN,002,PALMA REAL,332,1750,4008,3664,2390,17.14
01,DISTRITO NACIONAL,01,SANTO DOMINGO DE GUZMÁN,01,SANTO DOMINGO DE GUZMÁN,01,SANTO DOMINGO DE GUZMÁN,068,LA ISABELA,114,418,523,281,226,34.06
01,DISTRITO NACIONAL,01,SANTO DOMINGO DE GUZMÁN,01,SANTO DOMINGO DE GUZMÁN,01,SANTO DOMINGO DE GUZMÁN,069,LA HONDONADA,23,131,182,80,43,33.55
01,DISTRITO NACIONAL,01,SANTO DOMINGO DE GUZMÁN,01,SANTO DOMINGO DE GUZMÁN,01,SANTO DOMINGO DE GUZMÁN,014,LOS JARDINES,20,117,429,561,0,12.16
01,DISTRITO NACIONAL,01,SANTO DOMINGO DE GUZMÁN,01,SANTO DOMINGO DE GUZMÁN,01,SANTO DOMINGO DE GUZMÁN,005,LOS RIOS,121,959,2619,3059,1902,12.47
01,DISTRITO NACIONAL,01,SANTO DOMINGO DE GUZMÁN,01,SANTO DOMINGO DE GUZMÁN,01,SANTO DOMINGO DE GUZMÁN,015,JARDIN BOTANICO,0,2,8,18,0,7.14
01,DISTRITO NACIONAL,01,SANTO DOMINGO DE GUZMÁN,01,SANTO DOMINGO DE GUZMÁN,01,SANTO DOMINGO DE GUZMÁN,004,ALTOS DE ARROYO HONDO,68,353,684,575,339,20.85
01,DISTRITO NACIONAL,01,SANTO DOMINGO DE GUZMÁN,01,SANTO DOMINGO DE GUZMÁN,01,SANTO DOMINGO DE GUZMÁN,044,ENSANCHE LA FE,65,643,1373,1378,949,16.06
01,DISTRITO NACIONAL,01,SANTO DOMINGO DE GUZMÁN,01,SANTO DOMINGO DE GUZMÁN,01,SANTO DOMINGO DE GUZMÁN,045,LA AGUSTINA,65,503,1424,1426,1248,12.17
01,DISTRITO NACIONAL,01,SANTO DOMINGO DE GUZMÁN,01,SANTO DOMINGO DE GUZMÁN,01,SANTO DOMINGO DE GUZMÁN,018,VIEJO ARROYO HONDO,37,272,596,405,258,19.71
01,DISTRITO NACIONAL,01,SANTO DOMINGO DE GUZMÁN,01,SANTO DOMINGO DE GUZMÁN,01,SANTO DOMINGO DE GUZMÁN,003,ARROYO MANZANO,22,167,291,271,239,19.09
01,DISTRITO NACIONAL,01,SANTO DOMINGO DE GUZMÁN,01,SANTO DOMINGO DE GUZMÁN,01,SANTO DOMINGO DE GUZMÁN,017,CERROS DE ARROYO HONDO,17,109,146,64,0,37.5
01,DISTRITO NACIONAL,01,SANTO DOMINGO DE GUZMÁN,01,SANTO DOMINGO DE GUZMÁN,01,SANTO DOMINGO DE GUZMÁN,016,NUEVO ARROYO HONDO,192,1183,2043,1356,1443,22.12
01,DISTRITO NACIONAL,01,SANTO DOMINGO DE GUZMÁN,01,SANTO DOMINGO DE GUZMÁN,01,SANTO DOMINGO DE GUZMÁN,006,PUERTO ISABELA,5,46,208,454,110,6.2
01,DISTRITO NACIONAL,01,SANTO DOMINGO DE GUZMÁN,01,SANTO DOMINGO DE GUZMÁN,01,SANTO DOMINGO DE GUZMÁN,047,JARDIN ZOOLOGICO,0,3,4,5,5,17.65
01,DISTRITO NACIONAL,01,SANTO DOMINGO DE GUZMÁN,01,SANTO DOMINGO DE GUZMÁN,01,SANTO DOMINGO DE GUZMÁN,046,CRISTO REY,385,2566,5908,5504,3945,16.12
01,DISTRITO NACIONAL,01,SANTO DOMINGO DE GUZMÁN,01,SANTO DOMINGO DE GUZMÁN,01,SANTO DOMINGO DE GUZMÁN,030,BELLA VISTA,13,88,271,337,0,14.25
01,DISTRITO NACIONAL,01,SANTO DOMINGO DE GUZMÁN,01,SANTO DOMINGO DE GUZMÁN,01,SANTO DOMINGO DE GUZMÁN,055,SAN CARLOS,74,442,642,694,575,21.26
21,SAN CRISTÓBAL,01,SAN CRISTÓBAL,01,SAN CRISTÓBAL,01,SAN CRISTÓBAL,020,LOS MOLINA,78,402,528,413,328,27.44
21,SAN CRISTÓBAL,01,SAN CRISTÓBAL,01,SAN CRISTÓBAL,01,SAN CRISTÓBAL,005,ZONA VERDE,34,152,178,72,94,35.09
21,SAN CRISTÓBAL,01,SAN CRISTÓBAL,01,SAN CRISTÓBAL,01,SAN CRISTÓBAL,007,LAS FLORES,202,749,549,203,331,46.76
21,SAN CRISTÓBAL,01,SAN CRISTÓBAL,01,SAN CRISTÓBAL,01,SAN CRISTÓBAL,006,JERINGA,180,661,470,151,332,46.88
21,SAN CRISTÓBAL,01,SAN CRISTÓBAL,01,SAN CRISTÓBAL,01,SAN CRISTÓBAL,010,CENTRO DE LA CIUDAD,38,334,546,545,262,21.57
21,SAN CRISTÓBAL,01,SAN CRISTÓBAL,01,SAN CRISTÓBAL,01,SAN CRISTÓBAL,008,MADRE VIEJA NORTE,315,1387,2075,1248,1387,26.54
21,SAN CRISTÓBAL,01,SAN CRISTÓBAL,01,SAN CRISTÓBAL,01,SAN CRISTÓBAL,009,MADRE VIEJA SUR,117,519,1179,1134,797,16.98
21,SAN CRISTÓBAL,01,SAN CRISTÓBAL,01,SAN CRISTÓBAL,01,SAN CRISTÓBAL,001,LAVAPIÉ,71,402,966,937,523,16.32
21,SAN CRISTÓBAL,01,SAN CRISTÓBAL,01,SAN CRISTÓBAL,01,SAN CRISTÓBAL,019,CAÑADA HONDA,66,291,516,478,207,22.91
21,SAN CRISTÓBAL,01,SAN CRISTÓBAL,01,SAN CRISTÓBAL,01,SAN CRISTÓBAL,025,LA COQUERA,9,64,142,159,114,14.96
21,SAN CRISTÓBAL,01,SAN CRISTÓBAL,01,SAN CRISTÓBAL,01,SAN CRISTÓBAL,017,MOSCU,140,726,1198,517,293,30.13
21,SAN CRISTÓBAL,01,SAN CRISTÓBAL,01,SAN CRISTÓBAL,01,SAN CRISTÓBAL,003,SAN ISIDRO,75,488,769,551,588,22.78
21,SAN CRISTÓBAL,01,SAN CRISTÓBAL,01,SAN CRISTÓBAL,01,SAN CRISTÓBAL,013,PUERTO RICO,55,191,293,261,142,26.11
21,SAN CRISTÓBAL,01,SAN CRISTÓBAL,01,SAN CRISTÓBAL,01,SAN CRISTÓBAL,012,AGRICULTURA O LOS BARRANCONES,52,164,285,267,164,23.18
21,SAN CRISTÓBAL,01,SAN CRISTÓBAL,01,SAN CRISTÓBAL,01,SAN CRISTÓBAL,018,VILLA FUNDACIÓN,126,242,321,175,174,35.45
21,SAN CRISTÓBAL,01,SAN CRISTÓBAL,01,SAN CRISTÓBAL,01,SAN CRISTÓBAL,024,LA GUANDULERA,8,78,183,223,109,14.31
21,SAN CRISTÓBAL,01,SAN CRISTÓBAL,01,SAN CRISTÓBAL,01,SAN CRISTÓBAL,004,5 DE ABRIL,108,465,361,123,180,46.32
21,SAN CRISTÓBAL,01,SAN CRISTÓBAL,01,SAN CRISTÓBAL,01,SAN CRISTÓBAL,022,LA SUIZA,27,133,163,137,81,29.57
21,SAN CRISTÓBAL,01,SAN CRISTÓBAL,01,SAN CRISTÓBAL,01,SAN CRISTÓBAL,014,CANASTICA O PARAÍSO,125,757,1044,745,819,25.27
21,SAN CRISTÓBAL,01,SAN CRISTÓBAL,01,SAN CRISTÓBAL,01,SAN CRISTÓBAL,016,EL CERRO,76,304,264,77,160,43.13
21,SAN CRISTÓBAL,01,SAN CRISTÓBAL,01,SAN CRISTÓBAL,01,SAN CRISTÓBAL,023,SABANA TORO,4,34,46,35,41,23.75
21,SAN CRISTÓBAL,01,SAN CRISTÓBAL,01,SAN CRISTÓBAL,01,SAN CRISTÓBAL,021,EL BUEN PASTOR,4,12,55,85,117,5.86
21,SAN CRISTÓBAL,01,SAN CRISTÓBAL,01,SAN CRISTÓBAL,01,SAN CRISTÓBAL,015,DOÑA CHUCHA,13,89,163,237,107,16.75
21,SAN CRISTÓBAL,01,SAN CRISTÓBAL,02,HATO DAMAS (D. M.).,01,HATO DAMAS,001,HATO DAMAS,28,144,141,73,14,43
21,SAN CRISTÓBAL,02,SABANA GRANDE DE PALENQUE,01,SABANA GRANDE DE PALENQUE,01,SABANA CRANDE DE PALENQUE,001,CENTRO DEL PUEBLO,34,233,327,172,143,29.37
21,SAN CRISTÓBAL,02,SABANA GRANDE DE PALENQUE,01,SABANA GRANDE DE PALENQUE,01,SABANA CRANDE DE PALENQUE,002,SAL SI PUEDES,31,118,116,36,77,39.42
21,SAN CRISTÓBAL,02,SABANA GRANDE DE PALENQUE,01,SABANA GRANDE DE PALENQUE,01,SABANA CRANDE DE PALENQUE,003,LA CURVA,15,142,164,76,113,30.78
21,SAN CRISTÓBAL,03,BAJOS DE HAINA,01,BAJOS DE HAINA,01,BAJOS DE HAINA,002,PIEDRA BLANCA,190,955,1466,617,850,28.08
21,SAN CRISTÓBAL,03,BAJOS DE HAINA,01,BAJOS DE HAINA,01,BAJOS DE HAINA,008,BARCEQUILLO,116,739,1102,409,776,27.21
21,SAN CRISTÓBAL,03,BAJOS DE HAINA,01,BAJOS DE HAINA,01,BAJOS DE HAINA,003,VILLA PENCA,51,263,474,261,241,24.34
21,SAN CRISTÓBAL,03,BAJOS DE HAINA,01,BAJOS DE HAINA,01,BAJOS DE HAINA,007,VILLA LISA,22,129,315,254,161,17.14
21,SAN CRISTÓBAL,03,BAJOS DE HAINA,01,BAJOS DE HAINA,01,BAJOS DE HAINA,001,MIRAMAR U HOYO FRÍO,27,186,347,193,103,24.88
21,SAN CRISTÓBAL,03,BAJOS DE HAINA,01,BAJOS DE HAINA,01,BAJOS DE HAINA,004,BELLA VISTA,39,292,392,124,269,29.66
21,SAN CRISTÓBAL,03,BAJOS DE HAINA,01,BAJOS DE HAINA,01,BAJOS DE HAINA,012,INVICEA,46,289,606,489,314,19.21
21,SAN CRISTÓBAL,03,BAJOS DE HAINA,01,BAJOS DE HAINA,01,BAJOS DE HAINA,005,ZONA INDUSTRIAL,15,70,94,51,93,26.32
21,SAN CRISTÓBAL,03,BAJOS DE HAINA,01,BAJOS DE HAINA,01,BAJOS DE HAINA,006,LOS GRINGOS,87,554,754,368,443,29.06
21,SAN CRISTÓBAL,03,BAJOS DE HAINA,01,BAJOS DE HAINA,01,BAJOS DE HAINA,009,SAN ANTONIO,42,261,601,417,431,17.29
21,SAN CRISTÓBAL,03,BAJOS DE HAINA,01,BAJOS DE HAINA,01,BAJOS DE HAINA,011,EL DISTRITO,50,332,679,425,456,19.67
21,SAN CRISTÓBAL,03,BAJOS DE HAINA,01,BAJOS DE HAINA,01,BAJOS DE HAINA,013,AUTORIDAD PORTUARIA,16,57,53,12,45,39.89
21,SAN CRISTÓBAL,03,BAJOS DE HAINA,01,BAJOS DE HAINA,01,BAJOS DE HAINA,010,EL CENTRO,85,430,703,355,462,25.31
21,SAN CRISTÓBAL,03,BAJOS DE HAINA,01,BAJOS DE HAINA,01,BAJOS DE HAINA,014,SAN GREGORIO O KILÓMETRO 18,40,323,363,138,305,31.05
21,SAN CRISTÓBAL,03,BAJOS DE HAINA,02,EL CARRIL (D. M.).,01,EL CARRIL,003,CENTRO DEL PUEBLO O LA PLACETA,26,127,193,106,61,29.82
21,SAN CRISTÓBAL,03,BAJOS DE HAINA,02,EL CARRIL (D. M.).,01,EL CARRIL,001,ANACAGÜITA,18,117,141,109,66,29.93
21,SAN CRISTÓBAL,03,BAJOS DE HAINA,02,EL CARRIL (D. M.).,01,EL CARRIL,002,LOS SERRANOS,19,48,69,47,36,30.59
21,SAN CRISTÓBAL,04,CAMBITA GARABITOS,01,CAMBITA GARABITOS,01,CAMBITA GARABITOS,007,LA TORRE,9,49,82,90,17,23.48
21,SAN CRISTÓBAL,04,CAMBITA GARABITOS,01,CAMBITA GARABITOS,01,CAMBITA GARABITOS,004,FÉLIX NÚÑEZ O EL MURO,0,0,0,2,14,0
21,SAN CRISTÓBAL,04,CAMBITA GARABITOS,01,CAMBITA GARABITOS,01,CAMBITA GARABITOS,005,EL CAJÓN,60,125,151,195,42,32.29
21,SAN CRISTÓBAL,04,CAMBITA GARABITOS,01,CAMBITA GARABITOS,01,CAMBITA GARABITOS,003,CODETEL,65,191,135,70,62,48.95
21,SAN CRISTÓBAL,04,CAMBITA GARABITOS,01,CAMBITA GARABITOS,01,CAMBITA GARABITOS,001,LAS CASITAS,5,28,24,39,43,23.74
21,SAN CRISTÓBAL,04,CAMBITA GARABITOS,01,CAMBITA GARABITOS,01,CAMBITA GARABITOS,010,LA ESCUELA,30,71,63,74,40,36.33
21,SAN CRISTÓBAL,04,CAMBITA GARABITOS,01,CAMBITA GARABITOS,01,CAMBITA GARABITOS,002,CENTRO DEL PUEBLO,35,98,140,126,47,29.82
21,SAN CRISTÓBAL,04,CAMBITA GARABITOS,01,CAMBITA GARABITOS,01,CAMBITA GARABITOS,009,INVI,16,59,75,126,69,21.74
21,SAN CRISTÓBAL,04,CAMBITA GARABITOS,01,CAMBITA GARABITOS,01,CAMBITA GARABITOS,006,VILLA VERDE,34,109,149,67,80,32.57
21,SAN CRISTÓBAL,04,CAMBITA GARABITOS,02,CAMBITA EL PUEBLECITO (D. M.).,01,CAMBITA EL PUEBLECITO,001,CAMBITA EL PUEBLECITO,130,353,340,256,199,37.79
21,SAN CRISTÓBAL,06,YAGUATE,01,YAGUATE,01,YAGUATE,003,LA UVA,3,29,44,35,29,22.86
21,SAN CRISTÓBAL,06,YAGUATE,01,YAGUATE,01,YAGUATE,001,VIEJO,13,43,98,124,65,16.33
21,SAN CRISTÓBAL,06,YAGUATE,01,YAGUATE,01,YAGUATE,002,SANTA CRUZ,25,109,186,174,146,20.94
21,SAN CRISTÓBAL,06,YAGUATE,01,YAGUATE,01,YAGUATE,004,NUEVO,11,49,108,176,134,12.55
21,SAN CRISTÓBAL,07,SAN GREGORIO DE NIGUA,01,SAN GREGORIO DE NIGUA,01,SAN GREGORIO DE NIGUA,002,PUERTA BLANCA,62,146,141,51,65,44.73
21,SAN CRISTÓBAL,07,SAN GREGORIO DE NIGUA,01,SAN GREGORIO DE NIGUA,01,SAN GREGORIO DE NIGUA,001,NIGUA NORTE I,71,424,391,194,187,39.07
21,SAN CRISTÓBAL,07,SAN GREGORIO DE NIGUA,01,SAN GREGORIO DE NIGUA,01,SAN GREGORIO DE NIGUA,003,LA COSTA,0,12,14,9,80,10.43
21,SAN CRISTÓBAL,07,SAN GREGORIO DE NIGUA,01,SAN GREGORIO DE NIGUA,01,SAN GREGORIO DE NIGUA,004,YOGO YOGO,51,196,153,39,128,43.56
21,SAN CRISTÓBAL,07,SAN GREGORIO DE NIGUA,01,SAN GREGORIO DE NIGUA,01,SAN GREGORIO DE NIGUA,005,NIGUA SUR I,146,630,544,220,336,41.36
21,SAN CRISTÓBAL,07,SAN GREGORIO DE NIGUA,01,SAN GREGORIO DE NIGUA,01,SAN GREGORIO DE NIGUA,006,NIGUA SUR II,67,289,247,121,206,38.28
21,SAN CRISTÓBAL,08,LOS CACAOS,01,LOS CACAOS,01,LOS CACAOS,001,LOS CACAOS,100,198,140,51,65,53.79
21,SAN CRISTÓBAL,01,SAN CRISTÓBAL,01,SAN CRISTÓBAL,01,SAN CRISTÓBAL,011,LOS NOVA,32,162,350,298,517,14.28
21,SAN CRISTÓBAL,01,SAN CRISTÓBAL,01,SAN CRISTÓBAL,01,SAN CRISTÓBAL,002,PUEBLO NUEVO,125,731,1479,1368,1267,17.22
21,SAN CRISTÓBAL,04,CAMBITA GARABITOS,01,CAMBITA GARABITOS,01,CAMBITA GARABITOS,008,15 DE AGOSTO,93,208,220,198,152,34.56
21,SAN CRISTÓBAL,01,SAN CRISTÓBAL,01,SAN CRISTÓBAL,02,BORBÓN,004,MANUEL,47,87,26,5,32,68.02
21,SAN CRISTÓBAL,01,SAN CRISTÓBAL,01,SAN CRISTÓBAL,02,BORBÓN,005,NARANJO DULCE,23,51,23,6,21,59.68
21,SAN CRISTÓBAL,01,SAN CRISTÓBAL,01,SAN CRISTÓBAL,02,BORBÓN,006,VILLEGAS,128,263,55,12,44,77.89
21,SAN CRISTÓBAL,01,SAN CRISTÓBAL,01,SAN CRISTÓBAL,02,BORBÓN,001,LA TOMA,16,62,38,23,13,51.32
21,SAN CRISTÓBAL,01,SAN CRISTÓBAL,01,SAN CRISTÓBAL,02,BORBÓN,003,LOS COROZOS,21,89,24,3,14,72.85
21,SAN CRISTÓBAL,01,SAN CRISTÓBAL,01,SAN CRISTÓBAL,02,BORBÓN,007,GALLINERO,27,111,58,5,16,63.59
21,SAN CRISTÓBAL,01,SAN CRISTÓBAL,01,SAN CRISTÓBAL,02,BORBÓN,009,EL POMIER,69,257,171,64,84,50.54
21,SAN CRISTÓBAL,01,SAN CRISTÓBAL,01,SAN CRISTÓBAL,02,BORBÓN,008,LOS CACAÍTOS,23,133,97,54,45,44.32
21,SAN CRISTÓBAL,01,SAN CRISTÓBAL,01,SAN CRISTÓBAL,02,BORBÓN,002,ESTABLO,0,12,11,13,0,33.33
21,SAN CRISTÓBAL,01,SAN CRISTÓBAL,01,SAN CRISTÓBAL,03,HATILLO,005,LOS CANTINES O LOS ALGARROBOS,70,272,270,136,186,36.62
21,SAN CRISTÓBAL,01,SAN CRISTÓBAL,01,SAN CRISTÓBAL,03,HATILLO,006,SABANA,59,273,306,215,138,33.5
21,SAN CRISTÓBAL,01,SAN CRISTÓBAL,01,SAN CRISTÓBAL,03,HATILLO,009,SAN MIGUEL,46,194,204,120,156,33.33
21,SAN CRISTÓBAL,01,SAN CRISTÓBAL,01,SAN CRISTÓBAL,03,HATILLO,007,ESTEBANÍA,9,32,25,5,22,44.09
21,SAN CRISTÓBAL,01,SAN CRISTÓBAL,01,SAN CRISTÓBAL,03,HATILLO,008,CURVA DEL TURCO,34,204,158,23,127,43.59
21,SAN CRISTÓBAL,01,SAN CRISTÓBAL,01,SAN CRISTÓBAL,03,HATILLO,003,CALLE BONITA,41,184,112,45,72,49.56
21,SAN CRISTÓBAL,01,SAN CRISTÓBAL,01,SAN CRISTÓBAL,03,HATILLO,004,COCO,0,2,4,1,4,18.18
21,SAN CRISTÓBAL,01,SAN CRISTÓBAL,01,SAN CRISTÓBAL,03,HATILLO,002,EL ZUMBÓN,37,190,163,71,54,44.08
21,SAN CRISTÓBAL,01,SAN CRISTÓBAL,01,SAN CRISTÓBAL,03,HATILLO,001,HATILLO - LAS HOJAS ANCHAS,131,620,550,357,298,38.39
21,SAN CRISTÓBAL,01,SAN CRISTÓBAL,01,SAN CRISTÓBAL,03,HATILLO,010,SAN RAFAEL,141,499,211,53,132,61.78
21,SAN CRISTÓBAL,01,SAN CRISTÓBAL,01,SAN CRISTÓBAL,04,INGENIO NUEVO,010,MIRACIELO,68,190,89,13,76,59.17
21,SAN CRISTÓBAL,01,SAN CRISTÓBAL,01,SAN CRISTÓBAL,04,INGENIO NUEVO,008,RANCHO AL MEDIO,85,226,50,6,61,72.66
21,SAN CRISTÓBAL,01,SAN CRISTÓBAL,01,SAN CRISTÓBAL,04,INGENIO NUEVO,015,CAÑO ANDRÉS,0,1,1,0,0,50
21,SAN CRISTÓBAL,01,SAN CRISTÓBAL,01,SAN CRISTÓBAL,04,INGENIO NUEVO,009,LOS HOYOS,63,122,17,2,34,77.73
21,SAN CRISTÓBAL,01,SAN CRISTÓBAL,01,SAN CRISTÓBAL,04,INGENIO NUEVO,012,LOS BAJOS,1,3,1,0,3,50
21,SAN CRISTÓBAL,01,SAN CRISTÓBAL,01,SAN CRISTÓBAL,04,INGENIO NUEVO,007,NIZA ABAJO,20,106,51,8,33,57.8
21,SAN CRISTÓBAL,01,SAN CRISTÓBAL,01,SAN CRISTÓBAL,04,INGENIO NUEVO,003,HOYO DEL BARRO,118,362,207,70,82,57.21
21,SAN CRISTÓBAL,01,SAN CRISTÓBAL,01,SAN CRISTÓBAL,04,INGENIO NUEVO,004,SANTANA,1,1,0,0,1,66.67
21,SAN CRISTÓBAL,01,SAN CRISTÓBAL,01,SAN CRISTÓBAL,04,INGENIO NUEVO,013,INGENIO NUEVO,56,196,159,41,106,45.16
21,SAN CRISTÓBAL,01,SAN CRISTÓBAL,01,SAN CRISTÓBAL,04,INGENIO NUEVO,001,DOÑA ANA,16,77,68,23,21,45.37
21,SAN CRISTÓBAL,01,SAN CRISTÓBAL,01,SAN CRISTÓBAL,04,INGENIO NUEVO,006,NIZA ARRIBA,7,66,39,7,18,53.28
21,SAN CRISTÓBAL,01,SAN CRISTÓBAL,01,SAN CRISTÓBAL,04,INGENIO NUEVO,005,DON LÓPEZ,8,16,5,2,12,55.81
21,SAN CRISTÓBAL,01,SAN CRISTÓBAL,01,SAN CRISTÓBAL,04,INGENIO NUEVO,014,LA PALMITA,48,128,51,14,48,60.9
21,SAN CRISTÓBAL,01,SAN CRISTÓBAL,01,SAN CRISTÓBAL,04,INGENIO NUEVO,002,SAN ISIDRO,33,141,98,24,37,52.25
21,SAN CRISTÓBAL,01,SAN CRISTÓBAL,01,SAN CRISTÓBAL,05,NAJAYO ARRIBA,006,CANASTA,52,307,256,110,276,35.86
21,SAN CRISTÓBAL,01,SAN CRISTÓBAL,01,SAN CRISTÓBAL,05,NAJAYO ARRIBA,001,FUERTE RESOLÍ,89,132,43,1,29,75.17
21,SAN CRISTÓBAL,01,SAN CRISTÓBAL,01,SAN CRISTÓBAL,05,NAJAYO ARRIBA,003,NAJAYO ARRIBA,26,112,127,42,32,40.71
21,SAN CRISTÓBAL,01,SAN CRISTÓBAL,01,SAN CRISTÓBAL,05,NAJAYO ARRIBA,004,LOMA VERDE - MARICAO,35,49,14,2,24,67.74
21,SAN CRISTÓBAL,01,SAN CRISTÓBAL,01,SAN CRISTÓBAL,05,NAJAYO ARRIBA,005,SANTA LUCÍA DE CAMBA,53,291,289,122,44,43.05
21,SAN CRISTÓBAL,01,SAN CRISTÓBAL,01,SAN CRISTÓBAL,05,NAJAYO ARRIBA,007,ZORRA BUENA,55,64,13,1,24,75.8
21,SAN CRISTÓBAL,01,SAN CRISTÓBAL,01,SAN CRISTÓBAL,05,NAJAYO ARRIBA,002,EL POZO PRIETO,70,123,37,11,22,73.38
21,SAN CRISTÓBAL,01,SAN CRISTÓBAL,01,SAN CRISTÓBAL,05,NAJAYO ARRIBA,008,LA CONGA,5,33,48,8,6,38
21,SAN CRISTÓBAL,01,SAN CRISTÓBAL,01,SAN CRISTÓBAL,06,SAINAGUÁ,002,LA PLENA,23,96,68,23,53,45.25
21,SAN CRISTÓBAL,01,SAN CRISTÓBAL,01,SAN CRISTÓBAL,06,SAINAGUÁ,005,LOS ASICIS,24,111,112,33,73,38.24
21,SAN CRISTÓBAL,01,SAN CRISTÓBAL,01,SAN CRISTÓBAL,06,SAINAGUÁ,004,SAINAGUÁ,39,293,321,116,180,34.98
21,SAN CRISTÓBAL,01,SAN CRISTÓBAL,01,SAN CRISTÓBAL,06,SAINAGUÁ,006,MONTAÑO,46,152,86,31,70,51.43
21,SAN CRISTÓBAL,01,SAN CRISTÓBAL,01,SAN CRISTÓBAL,06,SAINAGUÁ,001,LOS ARROYOS (ARROYO BUENO),2,22,8,7,10,48.98
21,SAN CRISTÓBAL,01,SAN CRISTÓBAL,01,SAN CRISTÓBAL,06,SAINAGUÁ,003,LOS BOTAOS,6,8,7,2,3,53.85
21,SAN CRISTÓBAL,01,SAN CRISTÓBAL,01,SAN CRISTÓBAL,07,SANTA MARÍA,009,LOS CHIVOS,109,176,78,18,57,65.07
21,SAN CRISTÓBAL,01,SAN CRISTÓBAL,01,SAN CRISTÓBAL,07,SANTA MARÍA,001,AVEDAÑO O VENDAÑO,78,252,87,24,86,62.62
21,SAN CRISTÓBAL,01,SAN CRISTÓBAL,01,SAN CRISTÓBAL,07,SANTA MARÍA,011,MINGO BARTOLO O LA PRIVADA,2,10,6,3,9,40
21,SAN CRISTÓBAL,01,SAN CRISTÓBAL,01,SAN CRISTÓBAL,07,SANTA MARÍA,016,EL CORTE,61,122,25,0,35,75.31
21,SAN CRISTÓBAL,01,SAN CRISTÓBAL,01,SAN CRISTÓBAL,07,SANTA MARÍA,008,LIMÓN DULCE,0,0,0,0,2,0
21,SAN CRISTÓBAL,01,SAN CRISTÓBAL,01,SAN CRISTÓBAL,07,SANTA MARÍA,007,LOMA DE PORQUERO,32,53,8,0,16,77.98
21,SAN CRISTÓBAL,01,SAN CRISTÓBAL,01,SAN CRISTÓBAL,07,SANTA MARÍA,006,BOCA DE BURRO,9,24,10,0,4,70.21
21,SAN CRISTÓBAL,01,SAN CRISTÓBAL,01,SAN CRISTÓBAL,07,SANTA MARÍA,002,MATA PALOMA,17,124,85,13,20,54.44
21,SAN CRISTÓBAL,01,SAN CRISTÓBAL,01,SAN CRISTÓBAL,07,SANTA MARÍA,003,LOS MAMEYES,50,228,84,21,74,60.83
21,SAN CRISTÓBAL,01,SAN CRISTÓBAL,01,SAN CRISTÓBAL,07,SANTA MARÍA,005,MATA NARANJO,93,272,124,40,152,53.6
21,SAN CRISTÓBAL,01,SAN CRISTÓBAL,01,SAN CRISTÓBAL,07,SANTA MARÍA,014,LA CRUZ DE SANTIAGO,34,180,121,21,55,52.07
21,SAN CRISTÓBAL,01,SAN CRISTÓBAL,01,SAN CRISTÓBAL,07,SANTA MARÍA,015,YERBA BUENA O PICA PICA,8,39,23,5,12,54.02
21,SAN CRISTÓBAL,01,SAN CRISTÓBAL,01,SAN CRISTÓBAL,07,SANTA MARÍA,012,MANDINGA,33,122,43,6,28,66.81
21,SAN CRISTÓBAL,01,SAN CRISTÓBAL,01,SAN CRISTÓBAL,07,SANTA MARÍA,017,LA FLORIDA,28,65,27,2,29,61.59
21,SAN CRISTÓBAL,01,SAN CRISTÓBAL,01,SAN CRISTÓBAL,07,SANTA MARÍA,013,LA PALMA,37,99,60,5,32,58.37
21,SAN CRISTÓBAL,01,SAN CRISTÓBAL,01,SAN CRISTÓBAL,07,SANTA MARÍA,010,LA PLACETA (EL PALMAR),56,154,55,7,49,65.42
21,SAN CRISTÓBAL,01,SAN CRISTÓBAL,01,SAN CRISTÓBAL,07,SANTA MARÍA,004,FELICIANA,7,30,25,17,9,42.05
21,SAN CRISTÓBAL,01,SAN CRISTÓBAL,01,SAN CRISTÓBAL,08,CAMBITA STERLING,007,SABANA TORO,42,157,180,145,116,31.09
21,SAN CRISTÓBAL,01,SAN CRISTÓBAL,01,SAN CRISTÓBAL,08,CAMBITA STERLING,002,CAMBITA URIBE,31,159,202,79,68,35.25
21,SAN CRISTÓBAL,01,SAN CRISTÓBAL,01,SAN CRISTÓBAL,08,CAMBITA STERLING,001,CAMBITA STERLING,34,174,168,38,93,41.03
21,SAN CRISTÓBAL,01,SAN CRISTÓBAL,01,SAN CRISTÓBAL,08,CAMBITA STERLING,008,EL CINCO,26,180,245,137,80,30.84
21,SAN CRISTÓBAL,01,SAN CRISTÓBAL,01,SAN CRISTÓBAL,08,CAMBITA STERLING,003,LA ROSA,60,86,19,3,38,70.87
21,SAN CRISTÓBAL,01,SAN CRISTÓBAL,01,SAN CRISTÓBAL,08,CAMBITA STERLING,006,KILÓMETRO 4,32,176,223,45,100,36.11
21,SAN CRISTÓBAL,01,SAN CRISTÓBAL,01,SAN CRISTÓBAL,08,CAMBITA STERLING,009,JUNDA JUNDA,6,18,6,1,4,68.57
21,SAN CRISTÓBAL,01,SAN CRISTÓBAL,01,SAN CRISTÓBAL,08,CAMBITA STERLING,004,FUNDACIÓN,29,34,14,3,5,74.12
21,SAN CRISTÓBAL,01,SAN CRISTÓBAL,01,SAN CRISTÓBAL,08,CAMBITA STERLING,005,EL FUNDO,11,56,59,10,47,36.61
21,SAN CRISTÓBAL,01,SAN CRISTÓBAL,02,HATO DAMAS (D. M.).,02,LOS MONTONES,001,LOS MONTONES ARRIBA,41,99,49,13,0,69.31
21,SAN CRISTÓBAL,01,SAN CRISTÓBAL,02,HATO DAMAS (D. M.).,02,LOS MONTONES,007,PARRA,20,8,1,0,8,75.68
21,SAN CRISTÓBAL,01,SAN CRISTÓBAL,02,HATO DAMAS (D. M.).,02,LOS MONTONES,003,LOS GERVACIO,31,38,9,1,3,84.15
21,SAN CRISTÓBAL,01,SAN CRISTÓBAL,02,HATO DAMAS (D. M.).,02,LOS MONTONES,002,LOS MONTONES ABAJO,36,94,53,16,26,57.78
21,SAN CRISTÓBAL,01,SAN CRISTÓBAL,02,HATO DAMAS (D. M.).,02,LOS MONTONES,006,EL COBRE,12,32,7,2,5,75.86
21,SAN CRISTÓBAL,01,SAN CRISTÓBAL,02,HATO DAMAS (D. M.).,02,LOS MONTONES,004,LA LECHUZA O EL CUAYO,0,0,0,0,11,0
21,SAN CRISTÓBAL,01,SAN CRISTÓBAL,02,HATO DAMAS (D. M.).,03,DASA,005,BOCA DE GAMBOA,0,0,0,0,3,0
21,SAN CRISTÓBAL,01,SAN CRISTÓBAL,02,HATO DAMAS (D. M.).,03,DASA,003,PEDRO CABALLERO,12,16,1,0,0,96.55
21,SAN CRISTÓBAL,01,SAN CRISTÓBAL,02,HATO DAMAS (D. M.).,03,DASA,007,LA CABUYA,20,67,48,22,17,50
21,SAN CRISTÓBAL,01,SAN CRISTÓBAL,02,HATO DAMAS (D. M.).,03,DASA,002,DASA II,48,114,68,18,19,60.67
21,SAN CRISTÓBAL,01,SAN CRISTÓBAL,02,HATO DAMAS (D. M.).,03,DASA,006,NUEVOS HORIZONTES,36,77,66,10,21,53.81
21,SAN CRISTÓBAL,01,SAN CRISTÓBAL,02,HATO DAMAS (D. M.).,03,DASA,001,DASA  I,14,39,26,7,20,50
21,SAN CRISTÓBAL,01,SAN CRISTÓBAL,02,HATO DAMAS (D. M.).,03,DASA,004,LIMÓN DULCE,19,55,43,14,1,56.06
21,SAN CRISTÓBAL,01,SAN CRISTÓBAL,02,HATO DAMAS (D. M.).,04,SAN FRANCISCO,005,BORUGA,75,232,141,51,48,56.12
21,SAN CRISTÓBAL,01,SAN CRISTÓBAL,02,HATO DAMAS (D. M.).,04,SAN FRANCISCO,009,LOS CALIMETES,34,19,0,0,8,86.89
21,SAN CRISTÓBAL,01,SAN CRISTÓBAL,02,HATO DAMAS (D. M.).,04,SAN FRANCISCO,002,RINCÓN LARGO,18,5,0,0,3,88.46
21,SAN CRISTÓBAL,01,SAN CRISTÓBAL,02,HATO DAMAS (D. M.).,04,SAN FRANCISCO,004,LA LICA,30,21,2,0,6,86.44
21,SAN CRISTÓBAL,01,SAN CRISTÓBAL,02,HATO DAMAS (D. M.).,04,SAN FRANCISCO,006,MANO MATUEY,10,49,42,22,17,42.14
21,SAN CRISTÓBAL,01,SAN CRISTÓBAL,02,HATO DAMAS (D. M.).,04,SAN FRANCISCO,003,SAN FRANCISCO,200,326,126,34,81,68.58
21,SAN CRISTÓBAL,01,SAN CRISTÓBAL,02,HATO DAMAS (D. M.).,04,SAN FRANCISCO,001,LOS HOYOS O EL GUANO,79,143,52,16,26,70.25
21,SAN CRISTÓBAL,01,SAN CRISTÓBAL,02,HATO DAMAS (D. M.).,04,SAN FRANCISCO,007,CARVAJAL,138,176,42,12,23,80.31
21,SAN CRISTÓBAL,01,SAN CRISTÓBAL,02,HATO DAMAS (D. M.).,04,SAN FRANCISCO,008,EL RAMÓN,173,120,22,4,20,86.43
21,SAN CRISTÓBAL,01,SAN CRISTÓBAL,02,HATO DAMAS (D. M.).,05,JAMEY,003,ARROYO CLARO,2,1,0,0,0,100
21,SAN CRISTÓBAL,01,SAN CRISTÓBAL,02,HATO DAMAS (D. M.).,05,JAMEY,004,ARROYO MINGO,0,4,0,0,3,57.14
21,SAN CRISTÓBAL,01,SAN CRISTÓBAL,02,HATO DAMAS (D. M.).,05,JAMEY,006,LA JAINERA (HAINERA),48,13,0,0,14,81.33
21,SAN CRISTÓBAL,01,SAN CRISTÓBAL,02,HATO DAMAS (D. M.).,05,JAMEY,001,VENTUROSO,29,27,4,0,8,82.35
21,SAN CRISTÓBAL,01,SAN CRISTÓBAL,02,HATO DAMAS (D. M.).,05,JAMEY,002,BOCA DE LOS DOS RÍOS,63,72,14,2,10,83.85
21,SAN CRISTÓBAL,01,SAN CRISTÓBAL,02,HATO DAMAS (D. M.).,05,JAMEY,007,MALUCO,49,32,0,0,6,93.1
21,SAN CRISTÓBAL,01,SAN CRISTÓBAL,02,HATO DAMAS (D. M.).,05,JAMEY,005,JAMEY,132,161,19,0,26,86.69
21,SAN CRISTÓBAL,02,SABANA GRANDE DE PALENQUE,01,SABANA GRANDE DE PALENQUE,02,JUAN BARÓN,003,FALLETE,0,1,0,0,1,50
21,SAN CRISTÓBAL,02,SABANA GRANDE DE PALENQUE,01,SABANA GRANDE DE PALENQUE,02,JUAN BARÓN,001,JUAN BARÓN,47,356,555,207,264,28.2
21,SAN CRISTÓBAL,02,SABANA GRANDE DE PALENQUE,01,SABANA GRANDE DE PALENQUE,02,JUAN BARÓN,002,LA AGÜITA,9,72,75,39,16,38.39
21,SAN CRISTÓBAL,02,SABANA GRANDE DE PALENQUE,01,SABANA GRANDE DE PALENQUE,03,SABANA  PALENQUE,003,SABANA PALITO,67,376,416,188,268,33.69
21,SAN CRISTÓBAL,02,SABANA GRANDE DE PALENQUE,01,SABANA GRANDE DE PALENQUE,03,SABANA  PALENQUE,004,SABANA GRANDE DE PALENQUE RURAL,5,37,93,39,39,19.72
21,SAN CRISTÓBAL,02,SABANA GRANDE DE PALENQUE,01,SABANA GRANDE DE PALENQUE,03,SABANA  PALENQUE,001,LA SABANITA,3,27,51,15,29,24
21,SAN CRISTÓBAL,02,SABANA GRANDE DE PALENQUE,01,SABANA GRANDE DE PALENQUE,03,SABANA  PALENQUE,002,PUERTO PALENQUE,2,2,8,1,25,10.53
21,SAN CRISTÓBAL,03,BAJOS DE HAINA,01,BAJOS DE HAINA,02,HAINA,003,ITABO,14,161,208,102,83,30.81
21,SAN CRISTÓBAL,03,BAJOS DE HAINA,01,BAJOS DE HAINA,02,HAINA,006,LOS DESAMPARADOS,20,61,47,17,36,44.75
21,SAN CRISTÓBAL,03,BAJOS DE HAINA,02,EL CARRIL (D. M.).,02,EL CAJUILITO,002,CAJUILITO NORTE,26,127,163,52,100,32.69
21,SAN CRISTÓBAL,03,BAJOS DE HAINA,02,EL CARRIL (D. M.).,02,EL CAJUILITO,005,MONTE ADENTRO,44,203,151,51,123,43.18
21,SAN CRISTÓBAL,03,BAJOS DE HAINA,02,EL CARRIL (D. M.).,02,EL CAJUILITO,006,MATA NARANJO O NARANJAL,5,10,9,1,7,46.88
21,SAN CRISTÓBAL,03,BAJOS DE HAINA,02,EL CARRIL (D. M.).,02,EL CAJUILITO,001,LA FELICIANA,0,3,0,0,3,50
21,SAN CRISTÓBAL,03,BAJOS DE HAINA,02,EL CARRIL (D. M.).,02,EL CAJUILITO,003,CAJUILITO SUR,28,136,105,40,38,47.26
21,SAN CRISTÓBAL,03,BAJOS DE HAINA,02,EL CARRIL (D. M.).,02,EL CAJUILITO,004,ARENOSO,9,27,29,36,22,29.27
21,SAN CRISTÓBAL,03,BAJOS DE HAINA,02,EL CARRIL (D. M.).,03,QUITA SUEÑO,002,BARCEQUILLO INDUSTRIAL,12,35,9,6,24,54.65
21,SAN CRISTÓBAL,03,BAJOS DE HAINA,02,EL CARRIL (D. M.).,03,QUITA SUEÑO,005,QUITA SUEÑO NORTE,120,652,1045,448,421,28.74
21,SAN CRISTÓBAL,03,BAJOS DE HAINA,02,EL CARRIL (D. M.).,03,QUITA SUEÑO,003,PIEDRA BLANCA NORTE,45,249,354,179,236,27.66
21,SAN CRISTÓBAL,03,BAJOS DE HAINA,02,EL CARRIL (D. M.).,03,QUITA SUEÑO,001,VILLA MARÍA,31,211,367,138,122,27.85
21,SAN CRISTÓBAL,03,BAJOS DE HAINA,02,EL CARRIL (D. M.).,04,LA PARED,004,SABANETA,64,351,392,165,397,30.31
21,SAN CRISTÓBAL,03,BAJOS DE HAINA,02,EL CARRIL (D. M.).,04,LA PARED,007,LA ISLETA,16,43,23,8,24,51.75
21,SAN CRISTÓBAL,03,BAJOS DE HAINA,02,EL CARRIL (D. M.).,04,LA PARED,001,CRUCE DE LA FELICIANA,25,91,64,43,12,49.36
21,SAN CRISTÓBAL,03,BAJOS DE HAINA,02,EL CARRIL (D. M.).,04,LA PARED,002,LA PARED,61,327,410,311,199,29.66
21,SAN CRISTÓBAL,03,BAJOS DE HAINA,02,EL CARRIL (D. M.).,04,LA PARED,005,EL CALICHE,11,52,74,25,38,31.5
21,SAN CRISTÓBAL,03,BAJOS DE HAINA,02,EL CARRIL (D. M.).,04,LA PARED,006,TERESANDÓN,45,156,163,77,66,39.64
21,SAN CRISTÓBAL,03,BAJOS DE HAINA,02,EL CARRIL (D. M.).,04,LA PARED,008,EL CALVARIO,33,156,204,84,136,30.83
21,SAN CRISTÓBAL,03,BAJOS DE HAINA,02,EL CARRIL (D. M.).,04,LA PARED,003,MONTE LARGO,108,388,371,186,158,40.96
21,SAN CRISTÓBAL,03,BAJOS DE HAINA,02,EL CARRIL (D. M.).,04,LA PARED,009,LA GALLERA,7,30,28,10,11,43.02
21,SAN CRISTÓBAL,03,BAJOS DE HAINA,01,BAJOS DE HAINA,02,HAINA,004,EL NARANJAL,168,549,423,156,229,47.02
21,SAN CRISTÓBAL,06,YAGUATE,01,YAGUATE,02,LAS GALLARDAS,007,EL FUERTE,0,2,2,1,0,40
21,SAN CRISTÓBAL,06,YAGUATE,01,YAGUATE,02,LAS GALLARDAS,003,LAS GALLARDAS (LOS BRUJANES),127,232,100,19,51,67.86
21,SAN CRISTÓBAL,06,YAGUATE,01,YAGUATE,02,LAS GALLARDAS,002,LAS GALLARDAS,65,244,161,43,48,55.08
21,SAN CRISTÓBAL,06,YAGUATE,01,YAGUATE,02,LAS GALLARDAS,001,LA MANIGUA,54,119,60,11,44,60.07
21,SAN CRISTÓBAL,06,YAGUATE,01,YAGUATE,02,LAS GALLARDAS,004,LA SIERRA,125,187,62,16,30,74.29
21,SAN CRISTÓBAL,06,YAGUATE,01,YAGUATE,02,LAS GALLARDAS,006,LA CUEVA,69,129,60,9,42,64.08
21,SAN CRISTÓBAL,06,YAGUATE,01,YAGUATE,02,LAS GALLARDAS,008,LA JAGUA,1,3,1,1,1,57.14
21,SAN CRISTÓBAL,06,YAGUATE,01,YAGUATE,02,LAS GALLARDAS,015,GERÓNIMO LÓPEZ,7,4,0,0,1,91.67
21,SAN CRISTÓBAL,06,YAGUATE,01,YAGUATE,02,LAS GALLARDAS,010,PAIMATIA,0,0,1,0,0,0
21,SAN CRISTÓBAL,06,YAGUATE,01,YAGUATE,02,LAS GALLARDAS,012,HIGUERITO,38,91,65,18,42,50.79
21,SAN CRISTÓBAL,06,YAGUATE,01,YAGUATE,02,LAS GALLARDAS,016,LAS MERCEDES,13,86,98,37,63,33.33
21,SAN CRISTÓBAL,06,YAGUATE,01,YAGUATE,02,LAS GALLARDAS,017,LOS GUZMÁN,19,59,35,9,18,55.71
21,SAN CRISTÓBAL,06,YAGUATE,01,YAGUATE,02,LAS GALLARDAS,013,SEMANA SANTA,56,273,248,65,108,43.87
21,SAN CRISTÓBAL,06,YAGUATE,01,YAGUATE,02,LAS GALLARDAS,011,ARROYO MAMEY,40,120,108,19,49,47.62
21,SAN CRISTÓBAL,06,YAGUATE,01,YAGUATE,02,LAS GALLARDAS,014,LA CUMBA,3,20,24,3,1,45.1
21,SAN CRISTÓBAL,06,YAGUATE,01,YAGUATE,02,LAS GALLARDAS,018,YAGUATE ARRIBA O LA JABILLA,4,31,38,12,69,22.73
21,SAN CRISTÓBAL,06,YAGUATE,01,YAGUATE,03,NAJAYO EN MEDIO,006,DUVEAUX (MAMEY MACHO),97,286,173,25,58,59.94
21,SAN CRISTÓBAL,06,YAGUATE,01,YAGUATE,03,NAJAYO EN MEDIO,015,LOS RICELI (LOS BREA),20,40,12,1,14,68.97
21,SAN CRISTÓBAL,06,YAGUATE,01,YAGUATE,03,NAJAYO EN MEDIO,023,NAJAYO EN MEDIO,4,9,8,1,0,59.09
21,SAN CRISTÓBAL,06,YAGUATE,01,YAGUATE,03,NAJAYO EN MEDIO,020,INGENIO CAEI,1,3,4,0,13,19.05
21,SAN CRISTÓBAL,06,YAGUATE,01,YAGUATE,03,NAJAYO EN MEDIO,011,LUCAS DÍAZ,50,79,3,1,8,91.49
21,SAN CRISTÓBAL,06,YAGUATE,01,YAGUATE,03,NAJAYO EN MEDIO,013,BOCA DE LOS ARROYOS,10,15,0,0,1,96.15
21,SAN CRISTÓBAL,06,YAGUATE,01,YAGUATE,03,NAJAYO EN MEDIO,012,LA JAGUA,116,99,26,7,9,83.66
21,SAN CRISTÓBAL,06,YAGUATE,01,YAGUATE,03,NAJAYO EN MEDIO,022,LOS FRANCO,45,59,17,2,27,69.33
21,SAN CRISTÓBAL,06,YAGUATE,01,YAGUATE,03,NAJAYO EN MEDIO,008,LA CABIRMA,86,156,66,8,11,74.01
21,SAN CRISTÓBAL,06,YAGUATE,01,YAGUATE,03,NAJAYO EN MEDIO,001,LOS LEONES,21,79,33,5,23,62.11
21,SAN CRISTÓBAL,06,YAGUATE,01,YAGUATE,03,NAJAYO EN MEDIO,003,MACHÍN,58,201,200,73,46,44.81
21,SAN CRISTÓBAL,06,YAGUATE,01,YAGUATE,03,NAJAYO EN MEDIO,002,DOÑA ANA,72,470,555,250,301,32.89
21,SAN CRISTÓBAL,06,YAGUATE,01,YAGUATE,03,NAJAYO EN MEDIO,009,LOS SÁNCHEZ,52,132,60,13,45,60.93
21,SAN CRISTÓBAL,06,YAGUATE,01,YAGUATE,03,NAJAYO EN MEDIO,019,LA CAOBA,15,46,45,11,21,44.2
21,SAN CRISTÓBAL,06,YAGUATE,01,YAGUATE,03,NAJAYO EN MEDIO,007,LA LOMA,117,257,61,7,63,74.06
21,SAN CRISTÓBAL,06,YAGUATE,01,YAGUATE,03,NAJAYO EN MEDIO,004,LA ERMITA O NAJAYO EN MEDIO,65,157,112,31,44,54.28
21,SAN CRISTÓBAL,06,YAGUATE,01,YAGUATE,03,NAJAYO EN MEDIO,010,LOS MATEO,29,102,64,19,26,54.58
21,SAN CRISTÓBAL,06,YAGUATE,01,YAGUATE,03,NAJAYO EN MEDIO,021,CABRIA ABAJO,38,114,71,12,30,57.36
21,SAN CRISTÓBAL,06,YAGUATE,01,YAGUATE,03,NAJAYO EN MEDIO,005,MOJA CASABE,10,26,23,10,14,43.37
21,SAN CRISTÓBAL,06,YAGUATE,01,YAGUATE,03,NAJAYO EN MEDIO,018,BUZÓN,6,8,2,0,35,27.45
21,SAN CRISTÓBAL,06,YAGUATE,01,YAGUATE,03,NAJAYO EN MEDIO,017,PAJARITO,54,289,259,85,90,44.14
21,SAN CRISTÓBAL,06,YAGUATE,01,YAGUATE,03,NAJAYO EN MEDIO,016,EL LIMÓN,15,86,49,11,23,54.89
21,SAN CRISTÓBAL,06,YAGUATE,01,YAGUATE,04,MANÁ DE YAGUATE,009,"MANÁ DE YAGUATE
",35,66,13,4,12,77.69
21,SAN CRISTÓBAL,06,YAGUATE,01,YAGUATE,04,MANÁ DE YAGUATE,006,EL FUERTE,44,10,2,0,1,94.74
21,SAN CRISTÓBAL,06,YAGUATE,01,YAGUATE,04,MANÁ DE YAGUATE,004,EL POZO,17,8,2,1,3,80.65
21,SAN CRISTÓBAL,06,YAGUATE,01,YAGUATE,04,MANÁ DE YAGUATE,005,MONTE BONITO,28,29,3,0,9,82.61
21,SAN CRISTÓBAL,06,YAGUATE,01,YAGUATE,04,MANÁ DE YAGUATE,001,EL MAIZAL,14,28,10,4,1,73.68
21,SAN CRISTÓBAL,06,YAGUATE,01,YAGUATE,04,MANÁ DE YAGUATE,007,EL HORNO,66,102,47,2,22,70.29
21,SAN CRISTÓBAL,06,YAGUATE,01,YAGUATE,04,MANÁ DE YAGUATE,010,EL COPEY,29,55,16,2,5,78.5
21,SAN CRISTÓBAL,06,YAGUATE,01,YAGUATE,04,MANÁ DE YAGUATE,002,BOCA DE MANÁ,31,67,22,2,7,75.97
21,SAN CRISTÓBAL,06,YAGUATE,01,YAGUATE,04,MANÁ DE YAGUATE,008,MANÁ ABAJO,23,13,3,0,2,87.8
21,SAN CRISTÓBAL,07,SAN GREGORIO DE NIGUA,01,SAN GREGORIO DE NIGUA,02,BOCA DE NIGUA,004,BOCA DE NIGUA,82,397,238,57,186,49.9
21,SAN CRISTÓBAL,07,SAN GREGORIO DE NIGUA,01,SAN GREGORIO DE NIGUA,02,BOCA DE NIGUA,008,YOGO YOGO,2,13,9,3,10,40.54
21,SAN CRISTÓBAL,07,SAN GREGORIO DE NIGUA,01,SAN GREGORIO DE NIGUA,02,BOCA DE NIGUA,002,SAN ANTONIO,40,158,138,34,88,43.23
21,SAN CRISTÓBAL,07,SAN GREGORIO DE NIGUA,01,SAN GREGORIO DE NIGUA,02,BOCA DE NIGUA,001,LOS FRUCTUOSOS,29,92,29,2,62,56.54
21,SAN CRISTÓBAL,07,SAN GREGORIO DE NIGUA,01,SAN GREGORIO DE NIGUA,02,BOCA DE NIGUA,003,SAMÁNGOLA,31,84,23,3,56,58.38
21,SAN CRISTÓBAL,07,SAN GREGORIO DE NIGUA,01,SAN GREGORIO DE NIGUA,02,BOCA DE NIGUA,005,SAN NICOLÁS,56,170,41,2,54,69.97
21,SAN CRISTÓBAL,07,SAN GREGORIO DE NIGUA,01,SAN GREGORIO DE NIGUA,02,BOCA DE NIGUA,006,CAMBELÉN,79,384,227,46,257,46.63
21,SAN CRISTÓBAL,07,SAN GREGORIO DE NIGUA,01,SAN GREGORIO DE NIGUA,02,BOCA DE NIGUA,007,ARROYO HIGÜERO,0,2,0,0,7,22.22
21,SAN CRISTÓBAL,07,SAN GREGORIO DE NIGUA,01,SAN GREGORIO DE NIGUA,03,NAJAYO ABAJO,002,NAJAYO ABAJO O CRUCE DE NAJAYO,38,186,76,9,77,58.03
21,SAN CRISTÓBAL,07,SAN GREGORIO DE NIGUA,01,SAN GREGORIO DE NIGUA,03,NAJAYO ABAJO,006,CARLOS PINTO,42,148,67,17,33,61.89
21,SAN CRISTÓBAL,07,SAN GREGORIO DE NIGUA,01,SAN GREGORIO DE NIGUA,03,NAJAYO ABAJO,009,LAS PLAYAS,55,191,95,15,102,53.71
21,SAN CRISTÓBAL,07,SAN GREGORIO DE NIGUA,01,SAN GREGORIO DE NIGUA,03,NAJAYO ABAJO,004,LOS AMACEYES,1,6,3,0,3,53.85
21,SAN CRISTÓBAL,07,SAN GREGORIO DE NIGUA,01,SAN GREGORIO DE NIGUA,03,NAJAYO ABAJO,010,EL GUANO,23,59,14,0,5,81.19
21,SAN CRISTÓBAL,07,SAN GREGORIO DE NIGUA,01,SAN GREGORIO DE NIGUA,03,NAJAYO ABAJO,003,HATO VIEJO,26,91,21,6,23,70.06
21,SAN CRISTÓBAL,07,SAN GREGORIO DE NIGUA,01,SAN GREGORIO DE NIGUA,03,NAJAYO ABAJO,001,DIOS DIRÁ,41,87,32,6,17,69.95
21,SAN CRISTÓBAL,07,SAN GREGORIO DE NIGUA,01,SAN GREGORIO DE NIGUA,03,NAJAYO ABAJO,008,GOYO VIEJO,18,26,2,1,1,91.67
21,SAN CRISTÓBAL,07,SAN GREGORIO DE NIGUA,01,SAN GREGORIO DE NIGUA,03,NAJAYO ABAJO,005,LOS HIGÜEROS,25,62,11,1,13,77.68
21,SAN CRISTÓBAL,07,SAN GREGORIO DE NIGUA,01,SAN GREGORIO DE NIGUA,03,NAJAYO ABAJO,007,CAÑADA ANDRÉS,0,0,1,0,0,0
21,SAN CRISTÓBAL,07,SAN GREGORIO DE NIGUA,01,SAN GREGORIO DE NIGUA,04,MALPÁEZ,003,LOS CAJUILES,20,61,15,4,16,69.83
21,SAN CRISTÓBAL,07,SAN GREGORIO DE NIGUA,01,SAN GREGORIO DE NIGUA,04,MALPÁEZ,001,MALPÁEZ,75,187,41,4,49,73.6
21,SAN CRISTÓBAL,07,SAN GREGORIO DE NIGUA,01,SAN GREGORIO DE NIGUA,04,MALPÁEZ,002,LA CANELA,21,59,31,7,20,57.97
21,SAN CRISTÓBAL,08,LOS CACAOS,01,LOS CACAOS,02,EL GUINEO,012,LOS JÍBAROS,22,4,2,1,5,76.47
21,SAN CRISTÓBAL,08,LOS CACAOS,01,LOS CACAOS,02,EL GUINEO,010,LA POCILGA,47,68,28,1,44,61.17
21,SAN CRISTÓBAL,08,LOS CACAOS,01,LOS CACAOS,02,EL GUINEO,002,LOS GUAZAROS,0,1,1,0,2,25
21,SAN CRISTÓBAL,08,LOS CACAOS,01,LOS CACAOS,02,EL GUINEO,004,LA SIEMBRA,16,11,1,0,15,62.79
21,SAN CRISTÓBAL,08,LOS CACAOS,01,LOS CACAOS,02,EL GUINEO,011,LAS TRES VEREDAS,64,61,5,1,19,83.33
21,SAN CRISTÓBAL,08,LOS CACAOS,01,LOS CACAOS,02,EL GUINEO,005,FRANCISCO MATEO,34,15,4,0,21,66.22
21,SAN CRISTÓBAL,08,LOS CACAOS,01,LOS CACAOS,02,EL GUINEO,007,HOYO PRIETO,1,0,0,0,13,7.14
21,SAN CRISTÓBAL,08,LOS CACAOS,01,LOS CACAOS,02,EL GUINEO,009,LOS CANDONGUITOS,31,2,0,0,25,56.9
21,SAN CRISTÓBAL,08,LOS CACAOS,01,LOS CACAOS,02,EL GUINEO,006,LOS JENGIBRES,2,0,0,0,4,33.33
21,SAN CRISTÓBAL,08,LOS CACAOS,01,LOS CACAOS,02,EL GUINEO,015,LA GINA MARCADA,15,3,1,0,6,72
21,SAN CRISTÓBAL,08,LOS CACAOS,01,LOS CACAOS,02,EL GUINEO,016,LOS GUINEOS ADENTRO,32,23,2,1,33,60.44
21,SAN CRISTÓBAL,08,LOS CACAOS,01,LOS CACAOS,02,EL GUINEO,017,LOS GUINEOS AFUERA,17,19,6,2,24,52.94
21,SAN CRISTÓBAL,08,LOS CACAOS,01,LOS CACAOS,02,EL GUINEO,018,ZUMBI MANTECA,23,45,14,3,14,68.69
21,SAN CRISTÓBAL,08,LOS CACAOS,01,LOS CACAOS,02,EL GUINEO,001,LOS CACAOS RURAL,12,8,7,3,0,66.67
21,SAN CRISTÓBAL,08,LOS CACAOS,01,LOS CACAOS,02,EL GUINEO,008,LOS MINEROS,15,11,1,0,7,76.47
21,SAN CRISTÓBAL,08,LOS CACAOS,01,LOS CACAOS,02,EL GUINEO,014,PANCHOLO,17,14,4,0,15,62
21,SAN CRISTÓBAL,08,LOS CACAOS,01,LOS CACAOS,02,EL GUINEO,013,LA CUCHILLA DE LA GUARDIA,4,7,1,1,21,32.35
21,SAN CRISTÓBAL,08,LOS CACAOS,01,LOS CACAOS,02,EL GUINEO,003,LOS ARROYOS,0,0,0,0,8,0
21,SAN CRISTÓBAL,08,LOS CACAOS,01,LOS CACAOS,03,LOS NARANJOS,006,CAÑADA DEL AGUA,0,0,0,0,4,0
21,SAN CRISTÓBAL,08,LOS CACAOS,01,LOS CACAOS,03,LOS NARANJOS,014,FLORENCIO,7,1,0,0,4,66.67
21,SAN CRISTÓBAL,08,LOS CACAOS,01,LOS CACAOS,03,LOS NARANJOS,013,LA JINA,9,4,0,0,6,68.42
21,SAN CRISTÓBAL,08,LOS CACAOS,01,LOS CACAOS,03,LOS NARANJOS,010,ARROYO PIEDRA,0,0,0,0,5,0
21,SAN CRISTÓBAL,08,LOS CACAOS,01,LOS CACAOS,03,LOS NARANJOS,017,LA PALMA,0,0,0,0,4,0
21,SAN CRISTÓBAL,08,LOS CACAOS,01,LOS CACAOS,03,LOS NARANJOS,016,LOS ARROYOS,6,3,0,0,0,100
21,SAN CRISTÓBAL,08,LOS CACAOS,01,LOS CACAOS,03,LOS NARANJOS,015,LOS NARANJOS,28,4,0,0,7,82.05
21,SAN CRISTÓBAL,08,LOS CACAOS,01,LOS CACAOS,03,LOS NARANJOS,005,MONTE BONITO,4,0,0,0,6,40
21,SAN CRISTÓBAL,08,LOS CACAOS,01,LOS CACAOS,03,LOS NARANJOS,004,CAÑADA BONITA,8,1,1,0,16,34.62
21,SAN CRISTÓBAL,08,LOS CACAOS,01,LOS CACAOS,03,LOS NARANJOS,001,MONTEADA NUEVA,2,1,0,0,12,20
21,SAN CRISTÓBAL,08,LOS CACAOS,01,LOS CACAOS,03,LOS NARANJOS,002,MELITÓN,4,1,0,0,7,41.67
21,SAN CRISTÓBAL,08,LOS CACAOS,01,LOS CACAOS,03,LOS NARANJOS,003,VALLEJO,25,3,0,0,25,52.83
21,SAN CRISTÓBAL,08,LOS CACAOS,01,LOS CACAOS,03,LOS NARANJOS,008,BENITO,4,1,0,0,2,71.43
21,SAN CRISTÓBAL,08,LOS CACAOS,01,LOS CACAOS,03,LOS NARANJOS,007,SANTANA,39,22,1,0,12,82.43
21,SAN CRISTÓBAL,08,LOS CACAOS,01,LOS CACAOS,03,LOS NARANJOS,009,PALMA ARRIBA,0,0,0,0,9,0
21,SAN CRISTÓBAL,08,LOS CACAOS,01,LOS CACAOS,03,LOS NARANJOS,011,ARROYO DEL CAFÉ,15,2,0,0,5,77.27
21,SAN CRISTÓBAL,08,LOS CACAOS,01,LOS CACAOS,04,CALDERÓN,003,PALO DE LA CRUZ,0,0,0,0,5,0
21,SAN CRISTÓBAL,08,LOS CACAOS,01,LOS CACAOS,04,CALDERÓN,007,LA CAÑADA DEL CAFÉ,6,0,0,0,5,54.55
21,SAN CRISTÓBAL,08,LOS CACAOS,01,LOS CACAOS,04,CALDERÓN,004,MAHOMITA LOS ARROYITOS,18,0,0,0,5,78.26
21,SAN CRISTÓBAL,08,LOS CACAOS,01,LOS CACAOS,04,CALDERÓN,005,ARROYO GRANDE,1,1,0,0,4,33.33
21,SAN CRISTÓBAL,08,LOS CACAOS,01,LOS CACAOS,04,CALDERÓN,002,CALDERÓN,29,22,1,0,11,80.95
21,SAN CRISTÓBAL,08,LOS CACAOS,01,LOS CACAOS,04,CALDERÓN,010,VALLEJITO ABAJO,23,25,7,1,6,77.42
21,SAN CRISTÓBAL,08,LOS CACAOS,01,LOS CACAOS,04,CALDERÓN,008,LOS CALIMETES,9,5,0,0,2,87.5
21,SAN CRISTÓBAL,08,LOS CACAOS,01,LOS CACAOS,04,CALDERÓN,006,CALDERÓN ARRIBA,22,2,0,0,4,85.71
21,SAN CRISTÓBAL,08,LOS CACAOS,01,LOS CACAOS,04,CALDERÓN,009,CIENAGUITA,29,15,0,0,19,69.84
21,SAN CRISTÓBAL,03,BAJOS DE HAINA,02,EL CARRIL (D. M.).,03,QUITA SUEÑO,006,QUITA SUEÑO SUR,69,323,434,259,165,31.36
21,SAN CRISTÓBAL,03,BAJOS DE HAINA,02,EL CARRIL (D. M.).,03,QUITA SUEÑO,004,LOS BARRANCONES LOS FRÍAS,34,254,252,54,186,36.92
21,SAN CRISTÓBAL,03,BAJOS DE HAINA,01,BAJOS DE HAINA,02,HAINA,001,CALLE EN MEDIO,75,498,788,283,359,28.61
21,SAN CRISTÓBAL,03,BAJOS DE HAINA,01,BAJOS DE HAINA,02,HAINA,005,PIEDRA BLANCA SUR,50,283,553,227,244,24.54
21,SAN CRISTÓBAL,03,BAJOS DE HAINA,01,BAJOS DE HAINA,02,HAINA,002,CABÓN,41,273,336,76,150,35.84
21,SAN CRISTÓBAL,01,SAN CRISTÓBAL,01,SAN CRISTÓBAL,05,NAJAYO ARRIBA,009,NAJAYO,127,478,313,78,138,53.35
21,SAN CRISTÓBAL,06,YAGUATE,01,YAGUATE,02,LAS GALLARDAS,005,PUJABANTE,28,18,6,0,19,64.79
21,SAN CRISTÓBAL,04,CAMBITA GARABITOS,01,CAMBITA GARABITOS,02,CAMBITA GARABITOS,009,LOMA EL GUAZUMAL,34,7,0,0,3,93.18
21,SAN CRISTÓBAL,04,CAMBITA GARABITOS,01,CAMBITA GARABITOS,02,CAMBITA GARABITOS,011,CUMÍA ADENTRO,23,5,1,0,12,68.29
21,SAN CRISTÓBAL,04,CAMBITA GARABITOS,01,CAMBITA GARABITOS,02,CAMBITA GARABITOS,001,LOS BAJOS DEL RÍO,16,1,0,0,4,80.95
21,SAN CRISTÓBAL,04,CAMBITA GARABITOS,01,CAMBITA GARABITOS,02,CAMBITA GARABITOS,007,BOTONCILLO,5,3,1,1,6,50
21,SAN CRISTÓBAL,04,CAMBITA GARABITOS,01,CAMBITA GARABITOS,02,CAMBITA GARABITOS,012,LOMA LA CANOA,5,1,0,0,0,100
21,SAN CRISTÓBAL,04,CAMBITA GARABITOS,01,CAMBITA GARABITOS,02,CAMBITA GARABITOS,010,SAN FRANCISCO,24,31,13,1,20,61.8
21,SAN CRISTÓBAL,04,CAMBITA GARABITOS,01,CAMBITA GARABITOS,02,CAMBITA GARABITOS,002,ARROYO HIGÜERO,30,34,25,16,17,52.46
21,SAN CRISTÓBAL,04,CAMBITA GARABITOS,01,CAMBITA GARABITOS,02,CAMBITA GARABITOS,008,PALMA SECA,14,4,0,0,1,94.74
21,SAN CRISTÓBAL,04,CAMBITA GARABITOS,01,CAMBITA GARABITOS,02,CAMBITA GARABITOS,013,CUMÍA ARRIBA,31,15,3,0,5,85.19
21,SAN CRISTÓBAL,04,CAMBITA GARABITOS,01,CAMBITA GARABITOS,02,CAMBITA GARABITOS,003,LA TOMA ARRIBA,25,60,27,8,38,53.8
21,SAN CRISTÓBAL,04,CAMBITA GARABITOS,01,CAMBITA GARABITOS,02,CAMBITA GARABITOS,004,LA BOCA DE LA TOMA,9,35,41,12,6,42.72
21,SAN CRISTÓBAL,04,CAMBITA GARABITOS,01,CAMBITA GARABITOS,02,CAMBITA GARABITOS,006,EL INGENIO,10,10,2,0,3,80
21,SAN CRISTÓBAL,04,CAMBITA GARABITOS,01,CAMBITA GARABITOS,02,CAMBITA GARABITOS,005,ARROYO HOYO,2,0,0,0,7,22.22
21,SAN CRISTÓBAL,04,CAMBITA GARABITOS,01,CAMBITA GARABITOS,03,HUMACHÓN,010,EL LIMÓN,12,2,0,0,6,70
21,SAN CRISTÓBAL,04,CAMBITA GARABITOS,01,CAMBITA GARABITOS,03,HUMACHÓN,001,EL MACAO,100,75,18,1,13,84.54
21,SAN CRISTÓBAL,04,CAMBITA GARABITOS,01,CAMBITA GARABITOS,03,HUMACHÓN,002,EL CEDRO,0,0,0,0,8,0
21,SAN CRISTÓBAL,04,CAMBITA GARABITOS,01,CAMBITA GARABITOS,03,HUMACHÓN,008,HUMACHÓN,34,30,4,1,10,81.01
21,SAN CRISTÓBAL,04,CAMBITA GARABITOS,01,CAMBITA GARABITOS,03,HUMACHÓN,009,MUCHA AGUA,43,65,15,2,27,71.05
21,SAN CRISTÓBAL,04,CAMBITA GARABITOS,01,CAMBITA GARABITOS,03,HUMACHÓN,012,BOTONCILLOS,32,25,4,1,5,85.07
21,SAN CRISTÓBAL,04,CAMBITA GARABITOS,01,CAMBITA GARABITOS,03,HUMACHÓN,011,JUAN ROMÁN,34,28,3,0,7,86.11
21,SAN CRISTÓBAL,04,CAMBITA GARABITOS,01,CAMBITA GARABITOS,03,HUMACHÓN,005,EL LLANO,1,0,0,0,17,5.56
21,SAN CRISTÓBAL,04,CAMBITA GARABITOS,01,CAMBITA GARABITOS,03,HUMACHÓN,006,LAS AUYAMAS,0,0,0,0,1,0
21,SAN CRISTÓBAL,04,CAMBITA GARABITOS,01,CAMBITA GARABITOS,03,HUMACHÓN,007,LAS HICOTEAS,33,10,0,0,7,86
21,SAN CRISTÓBAL,04,CAMBITA GARABITOS,01,CAMBITA GARABITOS,03,HUMACHÓN,004,LA JAGÜITA,24,8,0,0,2,94.12
21,SAN CRISTÓBAL,04,CAMBITA GARABITOS,01,CAMBITA GARABITOS,03,HUMACHÓN,003,PALMA SECA,1,2,0,0,7,30
21,SAN CRISTÓBAL,04,CAMBITA GARABITOS,01,CAMBITA GARABITOS,04,LA COLONIA,002,MANO MATUEY ABAJO,30,31,1,0,27,68.54
21,SAN CRISTÓBAL,04,CAMBITA GARABITOS,01,CAMBITA GARABITOS,04,LA COLONIA,009,EL LIMÓN,8,2,0,0,0,100
21,SAN CRISTÓBAL,04,CAMBITA GARABITOS,01,CAMBITA GARABITOS,04,LA COLONIA,008,ARROYO LINDO,89,22,1,0,0,99.11
21,SAN CRISTÓBAL,04,CAMBITA GARABITOS,01,CAMBITA GARABITOS,04,LA COLONIA,001,MANO MATUEY ARRIBA,23,16,3,0,0,92.86
21,SAN CRISTÓBAL,04,CAMBITA GARABITOS,01,CAMBITA GARABITOS,04,LA COLONIA,003,LA CUEVA,3,5,0,1,0,88.89
21,SAN CRISTÓBAL,04,CAMBITA GARABITOS,01,CAMBITA GARABITOS,04,LA COLONIA,004,LA COLONIA,19,33,20,3,37,46.43
21,SAN CRISTÓBAL,04,CAMBITA GARABITOS,01,CAMBITA GARABITOS,04,LA COLONIA,007,EL MAJAGUAL,33,29,17,5,14,63.27
21,SAN CRISTÓBAL,04,CAMBITA GARABITOS,01,CAMBITA GARABITOS,04,LA COLONIA,005,LA CABIRMA,16,30,9,1,8,71.88
21,SAN CRISTÓBAL,04,CAMBITA GARABITOS,01,CAMBITA GARABITOS,04,LA COLONIA,006,LOMA LOS ANONES,0,0,0,0,15,0
21,SAN CRISTÓBAL,04,CAMBITA GARABITOS,01,CAMBITA GARABITOS,05,LOS MANANTIALES,014,LOS COLES,69,13,2,0,5,92.13
21,SAN CRISTÓBAL,04,CAMBITA GARABITOS,01,CAMBITA GARABITOS,05,LOS MANANTIALES,002,LEONARDO,11,5,1,0,2,84.21
21,SAN CRISTÓBAL,04,CAMBITA GARABITOS,01,CAMBITA GARABITOS,05,LOS MANANTIALES,005,AGUA CLARA,0,0,0,1,1,0
21,SAN CRISTÓBAL,04,CAMBITA GARABITOS,01,CAMBITA GARABITOS,05,LOS MANANTIALES,007,EL CORTE NUEVO,3,1,0,0,0,100
21,SAN CRISTÓBAL,04,CAMBITA GARABITOS,01,CAMBITA GARABITOS,05,LOS MANANTIALES,003,LOS MANANTIALES,9,1,0,0,2,83.33
21,SAN CRISTÓBAL,04,CAMBITA GARABITOS,01,CAMBITA GARABITOS,05,LOS MANANTIALES,009,BRUNO,0,0,0,0,4,0
21,SAN CRISTÓBAL,04,CAMBITA GARABITOS,01,CAMBITA GARABITOS,05,LOS MANANTIALES,019,MUCHA AGUA,0,2,1,0,0,66.67
21,SAN CRISTÓBAL,04,CAMBITA GARABITOS,01,CAMBITA GARABITOS,05,LOS MANANTIALES,012,LA ESTANCIA,28,5,0,0,15,68.75
21,SAN CRISTÓBAL,04,CAMBITA GARABITOS,01,CAMBITA GARABITOS,05,LOS MANANTIALES,001,EL CAÑAVERAL,7,9,4,0,0,80
21,SAN CRISTÓBAL,04,CAMBITA GARABITOS,01,CAMBITA GARABITOS,05,LOS MANANTIALES,008,LOS JUGADEROS,4,0,0,0,2,66.67
21,SAN CRISTÓBAL,04,CAMBITA GARABITOS,01,CAMBITA GARABITOS,05,LOS MANANTIALES,010,MANUEL MINA,1,0,0,0,0,100
21,SAN CRISTÓBAL,04,CAMBITA GARABITOS,01,CAMBITA GARABITOS,05,LOS MANANTIALES,004,LOS HOZADEROS,27,12,3,0,17,66.1
21,SAN CRISTÓBAL,04,CAMBITA GARABITOS,01,CAMBITA GARABITOS,06,EL TABLAZO,001,EL TABLAZO,69,57,7,0,26,79.25
21,SAN CRISTÓBAL,04,CAMBITA GARABITOS,01,CAMBITA GARABITOS,06,EL TABLAZO,015,CAÑADA BONITA,0,0,0,0,11,0
21,SAN CRISTÓBAL,04,CAMBITA GARABITOS,01,CAMBITA GARABITOS,06,EL TABLAZO,014,LOS CHAPARRALES,0,1,0,0,0,100
21,SAN CRISTÓBAL,04,CAMBITA GARABITOS,01,CAMBITA GARABITOS,06,EL TABLAZO,012,LA YABACOA,3,0,0,0,5,37.5
21,SAN CRISTÓBAL,04,CAMBITA GARABITOS,01,CAMBITA GARABITOS,06,EL TABLAZO,009,LOS ANONES,38,42,0,0,0,100
21,SAN CRISTÓBAL,04,CAMBITA GARABITOS,01,CAMBITA GARABITOS,06,EL TABLAZO,008,EL HIGÜERITO,16,1,0,0,4,80.95
21,SAN CRISTÓBAL,04,CAMBITA GARABITOS,01,CAMBITA GARABITOS,06,EL TABLAZO,002,LAS MINAS,5,0,0,0,0,100
21,SAN CRISTÓBAL,04,CAMBITA GARABITOS,01,CAMBITA GARABITOS,06,EL TABLAZO,005,EL CO,0,0,0,0,1,0
21,SAN CRISTÓBAL,04,CAMBITA GARABITOS,01,CAMBITA GARABITOS,06,EL TABLAZO,003,PIEDRA GORDA,32,24,1,0,14,78.87
21,SAN CRISTÓBAL,04,CAMBITA GARABITOS,01,CAMBITA GARABITOS,06,EL TABLAZO,004,EL HABRÁ,0,0,0,0,2,0
21,SAN CRISTÓBAL,04,CAMBITA GARABITOS,01,CAMBITA GARABITOS,06,EL TABLAZO,013,NIGUA,11,3,0,0,0,100
21,SAN CRISTÓBAL,04,CAMBITA GARABITOS,01,CAMBITA GARABITOS,06,EL TABLAZO,011,LA GUAZÁBARA,0,0,0,0,3,0
21,SAN CRISTÓBAL,04,CAMBITA GARABITOS,01,CAMBITA GARABITOS,06,EL TABLAZO,016,LOMA EL ALTO DE LA PIÑA,33,15,0,0,9,84.21
21,SAN CRISTÓBAL,04,CAMBITA GARABITOS,01,CAMBITA GARABITOS,06,EL TABLAZO,007,ARROYO GRANDE,16,11,1,0,13,65.85
21,SAN CRISTÓBAL,04,CAMBITA GARABITOS,01,CAMBITA GARABITOS,06,EL TABLAZO,010,EL CARAO,10,7,1,0,0,94.44
21,SAN CRISTÓBAL,04,CAMBITA GARABITOS,02,CAMBITA EL PUEBLECITO (D. M.).,02,LLANADA GRANDE,003,LOMA LECHOSO,4,2,1,0,0,85.71
21,SAN CRISTÓBAL,04,CAMBITA GARABITOS,02,CAMBITA EL PUEBLECITO (D. M.).,02,LLANADA GRANDE,009,FIRME DE SUÁREZ,0,0,1,0,0,0
21,SAN CRISTÓBAL,04,CAMBITA GARABITOS,02,CAMBITA EL PUEBLECITO (D. M.).,02,LLANADA GRANDE,002,LA GALLINA,20,36,2,0,4,90.32
21,SAN CRISTÓBAL,04,CAMBITA GARABITOS,02,CAMBITA EL PUEBLECITO (D. M.).,02,LLANADA GRANDE,006,LA LAGUNITA,15,23,12,1,7,65.52
21,SAN CRISTÓBAL,04,CAMBITA GARABITOS,02,CAMBITA EL PUEBLECITO (D. M.).,02,LLANADA GRANDE,001,LA LLANADA GRANDE O CAÑADA GRANDE,32,37,5,0,10,82.14
21,SAN CRISTÓBAL,04,CAMBITA GARABITOS,02,CAMBITA EL PUEBLECITO (D. M.).,02,LLANADA GRANDE,004,LA CEBOLLA,1,3,1,1,6,33.33
21,SAN CRISTÓBAL,04,CAMBITA GARABITOS,02,CAMBITA EL PUEBLECITO (D. M.).,02,LLANADA GRANDE,008,CORBANITO (CALLAO ARRIBA),13,14,3,0,13,62.79
21,SAN CRISTÓBAL,04,CAMBITA GARABITOS,02,CAMBITA EL PUEBLECITO (D. M.).,03,PUEBLO NUEVO,001,CUMÍA ABAJO,30,30,1,0,26,68.97
21,SAN CRISTÓBAL,04,CAMBITA GARABITOS,02,CAMBITA EL PUEBLECITO (D. M.).,03,PUEBLO NUEVO,002,EL PAPAYO,30,48,16,3,13,70.91
21,SAN CRISTÓBAL,04,CAMBITA GARABITOS,02,CAMBITA EL PUEBLECITO (D. M.).,03,PUEBLO NUEVO,003,JERÓNIMO LÓPEZ,8,27,17,2,5,59.32
21,SAN CRISTÓBAL,04,CAMBITA GARABITOS,02,CAMBITA EL PUEBLECITO (D. M.).,03,PUEBLO NUEVO,006,LA MAJAGUA,9,14,1,0,0,95.83
21,SAN CRISTÓBAL,04,CAMBITA GARABITOS,02,CAMBITA EL PUEBLECITO (D. M.).,03,PUEBLO NUEVO,004,PUEBLO NUEVO,35,121,61,22,33,57.35
21,SAN CRISTÓBAL,04,CAMBITA GARABITOS,02,CAMBITA EL PUEBLECITO (D. M.).,03,PUEBLO NUEVO,005,ARROYO PINO,8,6,1,2,2,73.68
21,SAN CRISTÓBAL,04,CAMBITA GARABITOS,02,CAMBITA EL PUEBLECITO (D. M.).,04,EL TORO,005,MARTINICA,5,1,0,0,7,46.15
21,SAN CRISTÓBAL,04,CAMBITA GARABITOS,02,CAMBITA EL PUEBLECITO (D. M.).,04,EL TORO,001,LA GUAMA,87,323,176,33,87,58.07
21,SAN CRISTÓBAL,04,CAMBITA GARABITOS,02,CAMBITA EL PUEBLECITO (D. M.).,04,EL TORO,002,CANOA,12,13,1,0,12,65.79
21,SAN CRISTÓBAL,04,CAMBITA GARABITOS,02,CAMBITA EL PUEBLECITO (D. M.).,04,EL TORO,003,LOS TOROS,87,121,44,3,24,74.55
21,SAN CRISTÓBAL,04,CAMBITA GARABITOS,02,CAMBITA EL PUEBLECITO (D. M.).,04,EL TORO,004,EL MAMEY,34,35,2,0,14,81.18
21,SAN CRISTÓBAL,04,CAMBITA GARABITOS,01,CAMBITA GARABITOS,05,LOS MANANTIALES,017,MIGUEL,1,0,0,0,0,100
21,SAN CRISTÓBAL,04,CAMBITA GARABITOS,01,CAMBITA GARABITOS,05,LOS MANANTIALES,016,VALENTÍN,14,0,0,0,3,82.35
21,SAN CRISTÓBAL,04,CAMBITA GARABITOS,01,CAMBITA GARABITOS,05,LOS MANANTIALES,018,LA PALMITA,3,4,0,0,0,100
21,SAN CRISTÓBAL,05,VILLA ALTAGRACIA,01,VILLA ALTAGRACIA,01,VILLA ALTAGRACIA,004,CATAREY,87,399,564,270,366,28.83
21,SAN CRISTÓBAL,05,VILLA ALTAGRACIA,01,VILLA ALTAGRACIA,01,VILLA ALTAGRACIA,019,VISTA HERMOSA,8,36,68,70,37,20.09
21,SAN CRISTÓBAL,05,VILLA ALTAGRACIA,01,VILLA ALTAGRACIA,01,VILLA ALTAGRACIA,008,INVI,22,135,269,267,147,18.69
21,SAN CRISTÓBAL,05,VILLA ALTAGRACIA,01,VILLA ALTAGRACIA,01,VILLA ALTAGRACIA,016,BUENOS AIRES,13,72,154,53,105,21.41
21,SAN CRISTÓBAL,05,VILLA ALTAGRACIA,01,VILLA ALTAGRACIA,01,VILLA ALTAGRACIA,017,LIBERTAD,0,18,20,9,4,35.29
21,SAN CRISTÓBAL,05,VILLA ALTAGRACIA,01,VILLA ALTAGRACIA,01,VILLA ALTAGRACIA,002,LAS CAÑITAS,0,7,5,3,33,14.58
21,SAN CRISTÓBAL,05,VILLA ALTAGRACIA,01,VILLA ALTAGRACIA,01,VILLA ALTAGRACIA,011,SAN FRANCISCO (ENTRADA),106,396,346,113,214,42.72
21,SAN CRISTÓBAL,05,VILLA ALTAGRACIA,01,VILLA ALTAGRACIA,01,VILLA ALTAGRACIA,007,CENTRO DEL PUEBLO,23,137,232,268,78,21.68
21,SAN CRISTÓBAL,05,VILLA ALTAGRACIA,01,VILLA ALTAGRACIA,01,VILLA ALTAGRACIA,001,JUAN PABLO DUARTE,102,423,439,171,175,40.08
21,SAN CRISTÓBAL,05,VILLA ALTAGRACIA,01,VILLA ALTAGRACIA,01,VILLA ALTAGRACIA,015,MATERNIDAD,11,29,70,44,49,19.7
21,SAN CRISTÓBAL,05,VILLA ALTAGRACIA,01,VILLA ALTAGRACIA,01,VILLA ALTAGRACIA,014,LAS SARNAS,9,59,70,65,45,27.42
21,SAN CRISTÓBAL,05,VILLA ALTAGRACIA,01,VILLA ALTAGRACIA,01,VILLA ALTAGRACIA,013,REMANGAO,32,203,159,82,83,42.04
21,SAN CRISTÓBAL,05,VILLA ALTAGRACIA,01,VILLA ALTAGRACIA,01,VILLA ALTAGRACIA,006,PUEBLO NUEVO,25,195,345,312,291,18.84
21,SAN CRISTÓBAL,05,VILLA ALTAGRACIA,01,VILLA ALTAGRACIA,01,VILLA ALTAGRACIA,005,FÁTIMA O LOS CACHIMBOS,41,150,121,50,47,46.7
21,SAN CRISTÓBAL,05,VILLA ALTAGRACIA,01,VILLA ALTAGRACIA,01,VILLA ALTAGRACIA,012,LOS SOLARES,72,307,412,214,223,30.86
21,SAN CRISTÓBAL,05,VILLA ALTAGRACIA,01,VILLA ALTAGRACIA,01,VILLA ALTAGRACIA,009,TIERRA SANTA,106,365,249,55,195,48.56
21,SAN CRISTÓBAL,05,VILLA ALTAGRACIA,01,VILLA ALTAGRACIA,01,VILLA ALTAGRACIA,018,PAJARITO,75,322,328,109,149,40.39
21,SAN CRISTÓBAL,05,VILLA ALTAGRACIA,01,VILLA ALTAGRACIA,01,VILLA ALTAGRACIA,020,LOS MERCADOS,2,16,31,14,12,24
21,SAN CRISTÓBAL,05,VILLA ALTAGRACIA,01,VILLA ALTAGRACIA,01,VILLA ALTAGRACIA,010,CARIBE,0,17,23,13,16,24.64
21,SAN CRISTÓBAL,05,VILLA ALTAGRACIA,01,VILLA ALTAGRACIA,01,VILLA ALTAGRACIA,003,RAMÓN MATÍAS MELLA,3,15,29,16,24,20.69
21,SAN CRISTÓBAL,05,VILLA ALTAGRACIA,02,SAN JOSÉ DEL PUERTO (D. M.).,01,SAN JOSÉ DEL PUERTO,003,PUERTO RICO,40,141,165,67,41,39.87
21,SAN CRISTÓBAL,05,VILLA ALTAGRACIA,02,SAN JOSÉ DEL PUERTO (D. M.).,01,SAN JOSÉ DEL PUERTO,001,EL PUERTO O EL CENTRO,31,151,216,98,73,31.99
21,SAN CRISTÓBAL,05,VILLA ALTAGRACIA,02,SAN JOSÉ DEL PUERTO (D. M.).,01,SAN JOSÉ DEL PUERTO,002,BATEY,14,37,54,16,17,36.96
21,SAN CRISTÓBAL,05,VILLA ALTAGRACIA,03,MEDINA (D. M.).,01,MEDINA,001,MEDINA,58,203,114,24,30,60.84
21,SAN CRISTÓBAL,05,VILLA ALTAGRACIA,04,LA CUCHILLA (D. M.).,01,LA CUCHILLA,001,LA CUCHILLA,108,375,231,52,60,58.47
21,SAN CRISTÓBAL,05,VILLA ALTAGRACIA,04,LA CUCHILLA (D. M.).,01,LA CUCHILLA,002,GUACHUPITA,35,113,101,30,50,44.98
21,SAN CRISTÓBAL,05,VILLA ALTAGRACIA,01,VILLA ALTAGRACIA,02,CATAREY,003,EL DUEY,0,1,1,0,0,50
21,SAN CRISTÓBAL,05,VILLA ALTAGRACIA,01,VILLA ALTAGRACIA,02,CATAREY,005,BATEY LECHERÍA,21,36,50,5,27,41.01
21,SAN CRISTÓBAL,05,VILLA ALTAGRACIA,01,VILLA ALTAGRACIA,02,CATAREY,008,NOVILLERO,1,0,3,1,0,20
21,SAN CRISTÓBAL,05,VILLA ALTAGRACIA,01,VILLA ALTAGRACIA,02,CATAREY,009,EL RODEO,274,605,229,19,157,68.46
21,SAN CRISTÓBAL,05,VILLA ALTAGRACIA,01,VILLA ALTAGRACIA,02,CATAREY,010,LOS AGUACATES,5,3,0,0,0,100
21,SAN CRISTÓBAL,05,VILLA ALTAGRACIA,01,VILLA ALTAGRACIA,02,CATAREY,001,EL NEGRO,0,0,1,0,0,0
21,SAN CRISTÓBAL,05,VILLA ALTAGRACIA,01,VILLA ALTAGRACIA,02,CATAREY,002,ARROYO GRANDE,0,1,0,0,0,100
21,SAN CRISTÓBAL,05,VILLA ALTAGRACIA,01,VILLA ALTAGRACIA,02,CATAREY,012,LA LOMITA O EL CORRAL,41,22,1,1,0,96.92
21,SAN CRISTÓBAL,05,VILLA ALTAGRACIA,01,VILLA ALTAGRACIA,02,CATAREY,013,CAÑADA HONDA,4,3,0,0,4,63.64
21,SAN CRISTÓBAL,05,VILLA ALTAGRACIA,01,VILLA ALTAGRACIA,02,CATAREY,007,EL MOLINO,0,0,0,0,6,0
21,SAN CRISTÓBAL,05,VILLA ALTAGRACIA,01,VILLA ALTAGRACIA,02,CATAREY,006,CAÑADA BLANCA,0,2,0,0,3,40
21,SAN CRISTÓBAL,05,VILLA ALTAGRACIA,01,VILLA ALTAGRACIA,02,CATAREY,011,KILÓMETRO 45,26,101,56,14,20,58.53
21,SAN CRISTÓBAL,05,VILLA ALTAGRACIA,01,VILLA ALTAGRACIA,03,MANÁ DE HAINA,009,NANDITA,5,14,5,0,77,18.81
21,SAN CRISTÓBAL,05,VILLA ALTAGRACIA,01,VILLA ALTAGRACIA,03,MANÁ DE HAINA,019,MADRIGAL,10,27,13,0,11,60.66
21,SAN CRISTÓBAL,05,VILLA ALTAGRACIA,01,VILLA ALTAGRACIA,03,MANÁ DE HAINA,016,KILÓMETRO 40,16,39,43,6,36,39.29
21,SAN CRISTÓBAL,05,VILLA ALTAGRACIA,01,VILLA ALTAGRACIA,03,MANÁ DE HAINA,015,LA ISABELA,82,217,63,11,72,67.19
21,SAN CRISTÓBAL,05,VILLA ALTAGRACIA,01,VILLA ALTAGRACIA,03,MANÁ DE HAINA,017,CARVAJAL,0,0,0,0,14,0
21,SAN CRISTÓBAL,05,VILLA ALTAGRACIA,01,VILLA ALTAGRACIA,03,MANÁ DE HAINA,010,HORMIGO,44,84,19,5,20,74.42
21,SAN CRISTÓBAL,05,VILLA ALTAGRACIA,01,VILLA ALTAGRACIA,03,MANÁ DE HAINA,004,MANÁ DE HAINA,14,16,5,1,15,58.82
21,SAN CRISTÓBAL,05,VILLA ALTAGRACIA,01,VILLA ALTAGRACIA,03,MANÁ DE HAINA,018,LOS LIRIOS,19,12,0,0,0,100
21,SAN CRISTÓBAL,05,VILLA ALTAGRACIA,01,VILLA ALTAGRACIA,03,MANÁ DE HAINA,005,MANÁ DE MAIZAL O  MAIZAL ARRIBA,41,32,2,0,0,97.33
21,SAN CRISTÓBAL,05,VILLA ALTAGRACIA,01,VILLA ALTAGRACIA,03,MANÁ DE HAINA,001,JOA,2,6,0,0,0,100
21,SAN CRISTÓBAL,05,VILLA ALTAGRACIA,01,VILLA ALTAGRACIA,03,MANÁ DE HAINA,003,EL SERENO,3,0,0,0,0,100
21,SAN CRISTÓBAL,05,VILLA ALTAGRACIA,01,VILLA ALTAGRACIA,03,MANÁ DE HAINA,007,CAMBUTERA,9,0,0,0,6,60
21,SAN CRISTÓBAL,05,VILLA ALTAGRACIA,01,VILLA ALTAGRACIA,03,MANÁ DE HAINA,002,LA GUÁZUMA,27,19,1,0,0,97.87
21,SAN CRISTÓBAL,05,VILLA ALTAGRACIA,01,VILLA ALTAGRACIA,03,MANÁ DE HAINA,006,LA CAOBA,1,0,2,0,0,33.33
21,SAN CRISTÓBAL,05,VILLA ALTAGRACIA,01,VILLA ALTAGRACIA,03,MANÁ DE HAINA,011,REPARADERO,35,92,26,5,11,75.15
21,SAN CRISTÓBAL,05,VILLA ALTAGRACIA,01,VILLA ALTAGRACIA,03,MANÁ DE HAINA,024,CAOBAL,0,1,1,0,0,50
21,SAN CRISTÓBAL,05,VILLA ALTAGRACIA,01,VILLA ALTAGRACIA,03,MANÁ DE HAINA,012,BATEY LOS GUINEOS,13,32,3,1,1,90
21,SAN CRISTÓBAL,05,VILLA ALTAGRACIA,02,SAN JOSÉ DEL PUERTO (D. M.).,02,BÁSIMA,002,SABANA CULEBRA,10,7,2,0,3,77.27
21,SAN CRISTÓBAL,05,VILLA ALTAGRACIA,02,SAN JOSÉ DEL PUERTO (D. M.).,02,BÁSIMA,010,LOS ARROYONES,13,35,19,2,6,64
21,SAN CRISTÓBAL,05,VILLA ALTAGRACIA,02,SAN JOSÉ DEL PUERTO (D. M.).,02,BÁSIMA,005,TUBO PRIETO,8,9,2,1,28,35.42
21,SAN CRISTÓBAL,05,VILLA ALTAGRACIA,02,SAN JOSÉ DEL PUERTO (D. M.).,02,BÁSIMA,004,SABANA PIEDRA,56,100,17,1,0,89.66
21,SAN CRISTÓBAL,05,VILLA ALTAGRACIA,02,SAN JOSÉ DEL PUERTO (D. M.).,02,BÁSIMA,009,KILÓMETRO 48,0,0,0,0,6,0
21,SAN CRISTÓBAL,05,VILLA ALTAGRACIA,02,SAN JOSÉ DEL PUERTO (D. M.).,02,BÁSIMA,001,BÁSIMA,95,239,179,62,104,49.19
21,SAN CRISTÓBAL,05,VILLA ALTAGRACIA,02,SAN JOSÉ DEL PUERTO (D. M.).,02,BÁSIMA,003,GUANANITO,141,397,309,63,81,54.29
21,SAN CRISTÓBAL,05,VILLA ALTAGRACIA,02,SAN JOSÉ DEL PUERTO (D. M.).,03,LOS MOGOTES,001,LOS MOGOTES,46,112,57,1,27,65.02
21,SAN CRISTÓBAL,05,VILLA ALTAGRACIA,02,SAN JOSÉ DEL PUERTO (D. M.).,03,LOS MOGOTES,006,RANCHO   YAGUA,12,67,31,3,30,55.24
21,SAN CRISTÓBAL,05,VILLA ALTAGRACIA,02,SAN JOSÉ DEL PUERTO (D. M.).,03,LOS MOGOTES,004,KILÓMETRO 56,34,135,44,2,71,59.09
21,SAN CRISTÓBAL,05,VILLA ALTAGRACIA,02,SAN JOSÉ DEL PUERTO (D. M.).,03,LOS MOGOTES,007,ARENOSO,0,6,4,0,9,31.58
21,SAN CRISTÓBAL,05,VILLA ALTAGRACIA,02,SAN JOSÉ DEL PUERTO (D. M.).,03,LOS MOGOTES,003,MAJAGUA,12,12,1,0,7,75
21,SAN CRISTÓBAL,05,VILLA ALTAGRACIA,02,SAN JOSÉ DEL PUERTO (D. M.).,03,LOS MOGOTES,005,KILÓMETRO 59,30,103,49,6,38,58.85
21,SAN CRISTÓBAL,05,VILLA ALTAGRACIA,02,SAN JOSÉ DEL PUERTO (D. M.).,04,PINO HERRADO,002,LOS GANCHOS,16,39,18,2,6,67.9
21,SAN CRISTÓBAL,05,VILLA ALTAGRACIA,02,SAN JOSÉ DEL PUERTO (D. M.).,04,PINO HERRADO,006,EL SESENTA Y UNO (61),24,84,151,32,43,32.34
21,SAN CRISTÓBAL,05,VILLA ALTAGRACIA,02,SAN JOSÉ DEL PUERTO (D. M.).,04,PINO HERRADO,004,EL PUERTO,0,1,0,3,34,2.63
21,SAN CRISTÓBAL,05,VILLA ALTAGRACIA,02,SAN JOSÉ DEL PUERTO (D. M.).,04,PINO HERRADO,005,EL CAFÉ,8,9,26,7,23,23.29
21,SAN CRISTÓBAL,05,VILLA ALTAGRACIA,02,SAN JOSÉ DEL PUERTO (D. M.).,04,PINO HERRADO,007,EL DOS (EL 2) O LA MINA,2,1,0,0,15,16.67
21,SAN CRISTÓBAL,05,VILLA ALTAGRACIA,02,SAN JOSÉ DEL PUERTO (D. M.).,04,PINO HERRADO,003,RANCHO  LA CUMBRE,0,0,0,0,6,0
21,SAN CRISTÓBAL,05,VILLA ALTAGRACIA,02,SAN JOSÉ DEL PUERTO (D. M.).,04,PINO HERRADO,001,LA CUMBRE,13,45,83,34,5,32.22
21,SAN CRISTÓBAL,05,VILLA ALTAGRACIA,03,MEDINA (D. M.).,02,LOMA VERDE,001,NÚÑEZ ABAJO,9,17,6,0,11,60.47
21,SAN CRISTÓBAL,05,VILLA ALTAGRACIA,03,MEDINA (D. M.).,02,LOMA VERDE,002,LOS MEJÍA,37,136,65,12,43,59.04
21,SAN CRISTÓBAL,05,VILLA ALTAGRACIA,03,MEDINA (D. M.).,03,EL PEDRERO,002,MAMEY MACHO,36,11,0,0,2,95.92
21,SAN CRISTÓBAL,05,VILLA ALTAGRACIA,03,MEDINA (D. M.).,03,EL PEDRERO,001,EL PEDRERO,54,150,63,24,47,60.36
21,SAN CRISTÓBAL,05,VILLA ALTAGRACIA,03,MEDINA (D. M.).,03,EL PEDRERO,005,NÚÑEZ ARRIBA,28,54,13,2,12,75.23
21,SAN CRISTÓBAL,05,VILLA ALTAGRACIA,03,MEDINA (D. M.).,03,EL PEDRERO,004,LA JULIANA ARRIBA,0,0,0,0,3,0
21,SAN CRISTÓBAL,05,VILLA ALTAGRACIA,03,MEDINA (D. M.).,04,CASTAÑO,004,CASTAÑO,16,79,31,8,9,66.43
21,SAN CRISTÓBAL,05,VILLA ALTAGRACIA,03,MEDINA (D. M.).,04,CASTAÑO,002,LA CUABITA,20,75,37,10,9,62.91
21,SAN CRISTÓBAL,05,VILLA ALTAGRACIA,03,MEDINA (D. M.).,04,CASTAÑO,001,LA CURVA,2,9,11,3,21,23.91
21,SAN CRISTÓBAL,05,VILLA ALTAGRACIA,03,MEDINA (D. M.).,04,CASTAÑO,003,VIETNAM,10,48,16,0,11,68.24
21,SAN CRISTÓBAL,05,VILLA ALTAGRACIA,03,MEDINA (D. M.).,05,MEDINA,002,EL FUNDO,20,12,3,2,14,62.75
21,SAN CRISTÓBAL,05,VILLA ALTAGRACIA,03,MEDINA (D. M.).,05,MEDINA,007,LOS ALGARROBOS,19,65,14,0,17,73.04
21,SAN CRISTÓBAL,05,VILLA ALTAGRACIA,03,MEDINA (D. M.).,05,MEDINA,001,MEDIA CARA,8,43,10,1,11,69.86
21,SAN CRISTÓBAL,05,VILLA ALTAGRACIA,03,MEDINA (D. M.).,05,MEDINA,005,LECHERÍA,13,65,67,15,17,44.07
21,SAN CRISTÓBAL,05,VILLA ALTAGRACIA,03,MEDINA (D. M.).,05,MEDINA,004,EL PARAÍSO,5,12,24,10,13,26.56
21,SAN CRISTÓBAL,05,VILLA ALTAGRACIA,03,MEDINA (D. M.).,05,MEDINA,006,LA JULIANA ABAJO,0,0,0,0,7,0
21,SAN CRISTÓBAL,05,VILLA ALTAGRACIA,03,MEDINA (D. M.).,05,MEDINA,003,RANCHO ACEVEDO,19,53,8,4,10,76.6
21,SAN CRISTÓBAL,05,VILLA ALTAGRACIA,04,LA CUCHILLA (D. M.).,02,LA CUCHILLA,004,LOS BRACHE O LOS BELLACOS,15,18,3,0,11,70.21
21,SAN CRISTÓBAL,05,VILLA ALTAGRACIA,04,LA CUCHILLA (D. M.).,02,LA CUCHILLA,001,LA JOYA,43,22,1,0,16,79.27
21,SAN CRISTÓBAL,05,VILLA ALTAGRACIA,04,LA CUCHILLA (D. M.).,02,LA CUCHILLA,003,LA ROSA,81,144,30,6,34,76.27
21,SAN CRISTÓBAL,05,VILLA ALTAGRACIA,04,LA CUCHILLA (D. M.).,02,LA CUCHILLA,005,LO MENSO,1,6,0,0,5,58.33
21,SAN CRISTÓBAL,05,VILLA ALTAGRACIA,04,LA CUCHILLA (D. M.).,03,EL AGUACERO,004,CAÑADA DE LA PALMA,9,7,0,0,1,94.12
21,SAN CRISTÓBAL,05,VILLA ALTAGRACIA,04,LA CUCHILLA (D. M.).,03,EL AGUACERO,005,HIGO CLARO,12,6,0,0,2,90
21,SAN CRISTÓBAL,05,VILLA ALTAGRACIA,04,LA CUCHILLA (D. M.).,03,EL AGUACERO,008,LOS COMPÉ,0,0,0,0,7,0
21,SAN CRISTÓBAL,05,VILLA ALTAGRACIA,04,LA CUCHILLA (D. M.).,03,EL AGUACERO,003,ARROYO EL LORO,1,8,1,0,5,60
21,SAN CRISTÓBAL,05,VILLA ALTAGRACIA,04,LA CUCHILLA (D. M.).,03,EL AGUACERO,002,GRAGEA,0,0,1,0,2,0
21,SAN CRISTÓBAL,05,VILLA ALTAGRACIA,04,LA CUCHILLA (D. M.).,03,EL AGUACERO,007,LOS PLACENCIO O LOS HORACIO,10,22,12,0,2,69.57
21,SAN CRISTÓBAL,05,VILLA ALTAGRACIA,04,LA CUCHILLA (D. M.).,03,EL AGUACERO,001,AGUACERO,28,59,10,4,0,86.14
21,SAN CRISTÓBAL,05,VILLA ALTAGRACIA,04,LA CUCHILLA (D. M.).,03,EL AGUACERO,006,BARRIO LA GRAMA,9,31,12,2,6,66.67
21,SAN CRISTÓBAL,05,VILLA ALTAGRACIA,04,LA CUCHILLA (D. M.).,04,EL CAOBAL,004,LOS ANONES,7,13,7,2,8,54.05
21,SAN CRISTÓBAL,05,VILLA ALTAGRACIA,04,LA CUCHILLA (D. M.).,04,EL CAOBAL,008,LOS CONUCOS,38,73,47,22,18,56.06
21,SAN CRISTÓBAL,05,VILLA ALTAGRACIA,04,LA CUCHILLA (D. M.).,04,EL CAOBAL,003,SABANA CAOBAL,26,20,3,0,10,77.97
21,SAN CRISTÓBAL,05,VILLA ALTAGRACIA,04,LA CUCHILLA (D. M.).,04,EL CAOBAL,007,LOS MOSQUITOS,18,31,3,2,6,81.67
21,SAN CRISTÓBAL,05,VILLA ALTAGRACIA,04,LA CUCHILLA (D. M.).,04,EL CAOBAL,005,LOS PINEDA,11,32,4,1,8,76.79
21,SAN CRISTÓBAL,05,VILLA ALTAGRACIA,04,LA CUCHILLA (D. M.).,04,EL CAOBAL,001,EL CAOBAL,47,194,135,25,63,51.94
21,SAN CRISTÓBAL,05,VILLA ALTAGRACIA,04,LA CUCHILLA (D. M.).,05,EL CIDRAL,001,EL CIDRAL,41,62,20,5,31,64.78
21,SAN CRISTÓBAL,05,VILLA ALTAGRACIA,04,LA CUCHILLA (D. M.).,05,EL CIDRAL,002,JENGIBRE,0,2,0,0,4,33.33
21,SAN CRISTÓBAL,05,VILLA ALTAGRACIA,04,LA CUCHILLA (D. M.).,05,EL CIDRAL,004,LOS REINOSO,14,28,5,2,4,79.25
21,SAN CRISTÓBAL,05,VILLA ALTAGRACIA,04,LA CUCHILLA (D. M.).,05,EL CIDRAL,003,LA BOMBA,0,12,4,3,0,63.16
21,SAN CRISTÓBAL,05,VILLA ALTAGRACIA,04,LA CUCHILLA (D. M.).,06,EL CIDRAL (LA REPRESA),003,LA CEIBA,0,0,0,0,7,0
21,SAN CRISTÓBAL,05,VILLA ALTAGRACIA,04,LA CUCHILLA (D. M.).,06,EL CIDRAL (LA REPRESA),001,BARRIO CHINO,48,87,30,4,7,76.7
21,SAN CRISTÓBAL,05,VILLA ALTAGRACIA,04,LA CUCHILLA (D. M.).,06,EL CIDRAL (LA REPRESA),005,LA REPRESA,3,9,7,1,5,48
21,SAN CRISTÓBAL,05,VILLA ALTAGRACIA,01,VILLA ALTAGRACIA,03,MANÁ DE HAINA,013,BATEY 43,171,595,427,121,209,50.3
21,SAN CRISTÓBAL,05,VILLA ALTAGRACIA,03,MEDINA (D. M.).,02,LOMA VERDE,003,LOS JESÚS,7,32,20,1,4,60.94
11,LA ALTAGRACIA,01,HIGÜEY,01,HIGÜEY,02,BEJUCAL,018,LOS MONTES,7,12,1,0,1,90.48
11,LA ALTAGRACIA,01,HIGÜEY,01,HIGÜEY,06,MATA CHALUPE,014,BATEY ESTANTE ALTO,90,0,0,0,119,43.06
11,LA ALTAGRACIA,01,HIGÜEY,01,HIGÜEY,05,LOS RÍOS,015,LA LLANADA,31,45,6,0,59,53.9
11,LA ALTAGRACIA,01,HIGÜEY,01,HIGÜEY,04,JINA JARAGUA,020,LOS YAYALES,29,1,0,0,0,100
11,LA ALTAGRACIA,01,HIGÜEY,01,HIGÜEY,04,JINA JARAGUA,022,EL QUEMADO,0,0,0,1,0,0
11,LA ALTAGRACIA,01,HIGÜEY,01,HIGÜEY,04,JINA JARAGUA,026,VALLE DE LOS ALGARROBOS,0,0,0,1,0,0
11,LA ALTAGRACIA,01,HIGÜEY,01,HIGÜEY,04,JINA JARAGUA,001,LA CRUZ,23,2,0,0,0,100
11,LA ALTAGRACIA,01,HIGÜEY,01,HIGÜEY,04,JINA JARAGUA,049,CHINCHÍN,8,0,0,0,0,100
11,LA ALTAGRACIA,01,HIGÜEY,01,HIGÜEY,04,JINA JARAGUA,004,JINA JARAGUA,2,0,0,0,0,100
11,LA ALTAGRACIA,01,HIGÜEY,01,HIGÜEY,04,JINA JARAGUA,005,CAÑA BRAVA,1,0,0,0,0,100
11,LA ALTAGRACIA,01,HIGÜEY,01,HIGÜEY,04,JINA JARAGUA,025,EL CHACARO,1,0,0,0,0,100
11,LA ALTAGRACIA,01,HIGÜEY,01,HIGÜEY,04,JINA JARAGUA,002,PELIGRO,1,0,0,0,0,100
11,LA ALTAGRACIA,01,HIGÜEY,01,HIGÜEY,04,JINA JARAGUA,023,BATEY LA ÑAPITA,5,2,0,0,0,100
11,LA ALTAGRACIA,01,HIGÜEY,01,HIGÜEY,04,JINA JARAGUA,015,LOS INDIOS,2,1,0,0,0,100
11,LA ALTAGRACIA,01,HIGÜEY,01,HIGÜEY,04,JINA JARAGUA,010,BATEY SAN GERMÁN,149,6,0,0,0,100
11,LA ALTAGRACIA,01,HIGÜEY,01,HIGÜEY,04,JINA JARAGUA,019,PALO BONITO,18,34,9,1,0,83.87
11,LA ALTAGRACIA,01,HIGÜEY,01,HIGÜEY,06,MATA CHALUPE,020,LA MATILLA,18,16,2,0,29,52.31
11,LA ALTAGRACIA,01,HIGÜEY,01,HIGÜEY,06,MATA CHALUPE,022,LA CABIRMA,0,1,1,0,0,50
11,LA ALTAGRACIA,01,HIGÜEY,01,HIGÜEY,06,MATA CHALUPE,019,LA MALENITA,3,7,7,3,0,50
11,LA ALTAGRACIA,01,HIGÜEY,01,HIGÜEY,06,MATA CHALUPE,004,LA CANA,1,3,0,0,0,100
11,LA ALTAGRACIA,01,HIGÜEY,01,HIGÜEY,06,MATA CHALUPE,005,LA PIÑA,2,5,0,0,0,100
11,LA ALTAGRACIA,01,HIGÜEY,01,HIGÜEY,05,LOS RÍOS,003,ANAMUYITA,28,91,22,5,0,81.51
11,LA ALTAGRACIA,01,HIGÜEY,01,HIGÜEY,03,SANTANA,004,CENTRO SANTANA,0,1,6,3,0,10
11,LA ALTAGRACIA,01,HIGÜEY,01,HIGÜEY,03,SANTANA,021,GUARAPITO,13,49,5,1,0,91.18
11,LA ALTAGRACIA,01,HIGÜEY,01,HIGÜEY,03,SANTANA,019,33 DE SANTANA CERRÁ,0,0,5,2,0,0
11,LA ALTAGRACIA,01,HIGÜEY,01,HIGÜEY,03,SANTANA,038,LA ZARZA,14,2,0,0,0,100
11,LA ALTAGRACIA,01,HIGÜEY,01,HIGÜEY,03,SANTANA,012,LA CUCHILLA,15,36,26,6,0,61.45
11,LA ALTAGRACIA,01,HIGÜEY,01,HIGÜEY,03,SANTANA,011,LA MEDIA LUNA,5,3,4,0,0,66.67
11,LA ALTAGRACIA,01,HIGÜEY,01,HIGÜEY,03,SANTANA,001,CAÑAFÍSTOLA,4,10,14,15,50,15.05
11,LA ALTAGRACIA,01,HIGÜEY,01,HIGÜEY,06,MATA CHALUPE,003,LAS LIMAS,15,28,10,2,0,78.18
11,LA ALTAGRACIA,01,HIGÜEY,01,HIGÜEY,06,MATA CHALUPE,002,SANTA CLARA,8,33,15,1,0,71.93
11,LA ALTAGRACIA,01,HIGÜEY,01,HIGÜEY,06,MATA CHALUPE,007,HOYO BONITO,20,61,10,2,0,87.1
11,LA ALTAGRACIA,01,HIGÜEY,01,HIGÜEY,02,BEJUCAL,002,LOS BOTADOS,0,3,0,0,3,50
11,LA ALTAGRACIA,01,HIGÜEY,01,HIGÜEY,02,BEJUCAL,003,LOS GARCÍA,17,21,4,1,23,57.58
11,LA ALTAGRACIA,01,HIGÜEY,01,HIGÜEY,02,BEJUCAL,001,LOS GUINEOS,13,44,9,1,19,66.28
11,LA ALTAGRACIA,01,HIGÜEY,02,LAS LAGUNAS DE NISIBÓN (D. M.).,03,EL BARRERO,001,LAS CAÑAS,3,2,0,0,0,100
11,LA ALTAGRACIA,01,HIGÜEY,02,LAS LAGUNAS DE NISIBÓN (D. M.).,03,EL BARRERO,012,BATEY PAPAGAYO,4,9,1,0,0,92.86
11,LA ALTAGRACIA,01,HIGÜEY,01,HIGÜEY,02,BEJUCAL,004,LA VEGANA,1,0,0,0,0,100
11,LA ALTAGRACIA,01,HIGÜEY,01,HIGÜEY,02,BEJUCAL,034,BEJUCAL,26,57,14,3,25,66.4
11,LA ALTAGRACIA,01,HIGÜEY,01,HIGÜEY,02,BEJUCAL,014,MANÍ BLANCO,0,0,0,0,1,0
11,LA ALTAGRACIA,01,HIGÜEY,01,HIGÜEY,05,LOS RÍOS,010,LOS CACAOS,10,2,1,0,0,92.31
11,LA ALTAGRACIA,01,HIGÜEY,01,HIGÜEY,05,LOS RÍOS,012,LOS RÍOS,9,27,26,2,0,56.25
11,LA ALTAGRACIA,01,HIGÜEY,01,HIGÜEY,05,LOS RÍOS,002,EL BLANCO,1,0,0,0,0,100
11,LA ALTAGRACIA,01,HIGÜEY,01,HIGÜEY,05,LOS RÍOS,016,EL BARRERO,23,13,1,1,0,94.74
11,LA ALTAGRACIA,01,HIGÜEY,01,HIGÜEY,05,LOS RÍOS,004,CABIRMA CLARA,2,0,0,0,0,100
11,LA ALTAGRACIA,01,HIGÜEY,01,HIGÜEY,05,LOS RÍOS,005,LOS PLÁTANOS,3,8,2,3,0,68.75
11,LA ALTAGRACIA,01,HIGÜEY,01,HIGÜEY,05,LOS RÍOS,006,LA MAJAGUA,3,2,0,0,0,100
11,LA ALTAGRACIA,01,HIGÜEY,01,HIGÜEY,05,LOS RÍOS,017,SABANETA,36,33,2,0,0,97.18
11,LA ALTAGRACIA,01,HIGÜEY,01,HIGÜEY,05,LOS RÍOS,023,CAMBELÉN,1,1,3,1,0,33.33
11,LA ALTAGRACIA,01,HIGÜEY,01,HIGÜEY,05,LOS RÍOS,011,EL NARANJO,19,18,5,1,0,86.05
11,LA ALTAGRACIA,01,HIGÜEY,01,HIGÜEY,05,LOS RÍOS,018,LOS COROZOS,8,21,3,0,6,76.32
11,LA ALTAGRACIA,01,HIGÜEY,01,HIGÜEY,05,LOS RÍOS,013,LOS ASIENTOS,15,8,1,0,10,67.65
11,LA ALTAGRACIA,01,HIGÜEY,01,HIGÜEY,05,LOS RÍOS,001,QUISIBANÍ,2,14,7,1,0,66.67
11,LA ALTAGRACIA,01,HIGÜEY,01,HIGÜEY,03,SANTANA,049,LA COLORADA,4,0,0,0,0,100
11,LA ALTAGRACIA,01,HIGÜEY,01,HIGÜEY,03,SANTANA,045,SABANA DE JINA,0,1,0,1,0,50
11,LA ALTAGRACIA,01,HIGÜEY,01,HIGÜEY,03,SANTANA,046,TORO PRIETO,1,0,0,1,0,50
11,LA ALTAGRACIA,01,HIGÜEY,01,HIGÜEY,03,SANTANA,030,GUACONEJO,1,0,0,0,0,100
11,LA ALTAGRACIA,01,HIGÜEY,01,HIGÜEY,03,SANTANA,043,LOS HUSOS O JUSOS,5,0,0,0,0,100
11,LA ALTAGRACIA,01,HIGÜEY,01,HIGÜEY,03,SANTANA,029,ARROYO RICO,4,1,0,0,0,100
11,LA ALTAGRACIA,01,HIGÜEY,01,HIGÜEY,03,SANTANA,039,LOS CACAOS,11,0,0,0,0,100
11,LA ALTAGRACIA,01,HIGÜEY,01,HIGÜEY,03,SANTANA,026,SABANA DE PALMAREJO,2,8,4,0,0,71.43
11,LA ALTAGRACIA,01,HIGÜEY,01,HIGÜEY,03,SANTANA,018,MARTÍN,0,0,0,1,0,0
11,LA ALTAGRACIA,01,HIGÜEY,01,HIGÜEY,03,SANTANA,023,ARROYO SECO,28,51,7,0,0,91.86
11,LA ALTAGRACIA,01,HIGÜEY,01,HIGÜEY,03,SANTANA,006,LOS PALITOS - LOS NARANJOS,9,27,21,7,3,53.73
11,LA ALTAGRACIA,01,HIGÜEY,01,HIGÜEY,03,SANTANA,020,MARTÍNEZ,1,9,2,0,0,83.33
11,LA ALTAGRACIA,01,HIGÜEY,01,HIGÜEY,03,SANTANA,009,CAJERO,20,33,6,5,0,82.81
11,LA ALTAGRACIA,01,HIGÜEY,01,HIGÜEY,03,SANTANA,010,RINCÓN FRÍO,24,16,3,0,0,93.02
11,LA ALTAGRACIA,01,HIGÜEY,01,HIGÜEY,02,BEJUCAL,007,CRUCE DE MORALES,3,14,1,0,11,58.62
11,LA ALTAGRACIA,01,HIGÜEY,01,HIGÜEY,02,BEJUCAL,011,CRUCE JOVINA,11,9,7,0,1,71.43
11,LA ALTAGRACIA,01,HIGÜEY,01,HIGÜEY,02,BEJUCAL,009,PRIMER SABANA,2,1,0,0,2,60
11,LA ALTAGRACIA,01,HIGÜEY,01,HIGÜEY,02,BEJUCAL,010,SABANA GLORIA,1,4,2,0,3,50
11,LA ALTAGRACIA,01,HIGÜEY,01,HIGÜEY,02,BEJUCAL,012,ARROYO SECO,3,7,3,8,8,34.48
11,LA ALTAGRACIA,01,HIGÜEY,01,HIGÜEY,02,BEJUCAL,025,EL JUNCO,9,1,0,0,4,71.43
11,LA ALTAGRACIA,01,HIGÜEY,01,HIGÜEY,02,BEJUCAL,015,GUANITO,13,54,26,6,23,54.92
11,LA ALTAGRACIA,01,HIGÜEY,01,HIGÜEY,02,BEJUCAL,033,CHAVÓN ARRIBA,15,29,1,0,20,67.69
11,LA ALTAGRACIA,01,HIGÜEY,01,HIGÜEY,02,BEJUCAL,024,GUANIÁBANO ARRIBA (LA CEIBA),17,18,2,0,9,76.09
11,LA ALTAGRACIA,01,HIGÜEY,01,HIGÜEY,02,BEJUCAL,017,CALICHAL,8,25,6,0,15,61.11
11,LA ALTAGRACIA,01,HIGÜEY,01,HIGÜEY,02,BEJUCAL,026,HOYO DE LUIS,0,1,0,0,4,20
11,LA ALTAGRACIA,01,HIGÜEY,01,HIGÜEY,02,BEJUCAL,020,JOBITOS,0,8,0,0,0,100
11,LA ALTAGRACIA,01,HIGÜEY,01,HIGÜEY,02,BEJUCAL,019,LAS LIMAS,0,2,0,0,16,11.11
11,LA ALTAGRACIA,01,HIGÜEY,01,HIGÜEY,06,MATA CHALUPE,012,BATEY CUYA,78,19,1,0,114,45.75
11,LA ALTAGRACIA,01,HIGÜEY,01,HIGÜEY,06,MATA CHALUPE,015,CAPÁ,31,5,0,0,0,100
11,LA ALTAGRACIA,01,HIGÜEY,01,HIGÜEY,06,MATA CHALUPE,013,BATEY PESTAÑA,1,0,0,0,0,100
11,LA ALTAGRACIA,01,HIGÜEY,01,HIGÜEY,02,BEJUCAL,027,CHARCO AZUL,12,16,2,0,20,56
11,LA ALTAGRACIA,01,HIGÜEY,01,HIGÜEY,02,BEJUCAL,030,PIEDRA BLANCA,0,0,0,0,3,0
11,LA ALTAGRACIA,01,HIGÜEY,01,HIGÜEY,02,BEJUCAL,031,GUANIÁBANO,28,75,11,0,23,75.18
11,LA ALTAGRACIA,01,HIGÜEY,01,HIGÜEY,02,BEJUCAL,035,SANATE ABAJO,7,10,1,0,8,65.38
11,LA ALTAGRACIA,01,HIGÜEY,01,HIGÜEY,05,LOS RÍOS,020,MATA AJÍ,1,1,0,0,0,100
11,LA ALTAGRACIA,01,HIGÜEY,01,HIGÜEY,04,JINA JARAGUA,014,BATEY EL BLOCK,64,1,0,0,0,100
11,LA ALTAGRACIA,01,HIGÜEY,01,HIGÜEY,04,JINA JARAGUA,050,BATEY LA PANGOLA (PROP. ML. DE LEÓN),0,1,0,0,0,100
11,LA ALTAGRACIA,01,HIGÜEY,01,HIGÜEY,04,JINA JARAGUA,008,BATEY CAMPO NUEVO,19,0,0,0,0,100
11,LA ALTAGRACIA,01,HIGÜEY,01,HIGÜEY,04,JINA JARAGUA,042,LA JARDA DE LOS LIRIOS,0,1,0,0,0,100
11,LA ALTAGRACIA,01,HIGÜEY,01,HIGÜEY,04,JINA JARAGUA,017,EL JOBO,5,0,0,0,0,100
11,LA ALTAGRACIA,01,HIGÜEY,01,HIGÜEY,04,JINA JARAGUA,009,EL AGUACATE,22,0,0,0,0,100
11,LA ALTAGRACIA,01,HIGÜEY,01,HIGÜEY,04,JINA JARAGUA,012,EL PEÑÓN,8,1,0,0,0,100
11,LA ALTAGRACIA,01,HIGÜEY,01,HIGÜEY,04,JINA JARAGUA,011,BOCAMA,5,1,0,0,0,100
11,LA ALTAGRACIA,01,HIGÜEY,01,HIGÜEY,04,JINA JARAGUA,047,BATEY MIRADA,2,0,0,0,0,100
11,LA ALTAGRACIA,01,HIGÜEY,01,HIGÜEY,02,BEJUCAL,021,CUESTA LA PIÑA,9,27,6,3,3,75
11,LA ALTAGRACIA,01,HIGÜEY,01,HIGÜEY,02,BEJUCAL,029,SANATE,2,15,2,1,0,85
11,LA ALTAGRACIA,01,HIGÜEY,01,HIGÜEY,06,MATA CHALUPE,008,PEÑONCITO,17,37,2,0,0,96.43
11,LA ALTAGRACIA,01,HIGÜEY,01,HIGÜEY,06,MATA CHALUPE,006,MATA CHALUPE,14,52,17,7,0,73.33
11,LA ALTAGRACIA,01,HIGÜEY,01,HIGÜEY,06,MATA CHALUPE,021,LA MALENA,11,7,8,4,0,60
11,LA ALTAGRACIA,01,HIGÜEY,01,HIGÜEY,05,LOS RÍOS,014,EL CERRO,12,24,5,2,0,83.72
11,LA ALTAGRACIA,01,HIGÜEY,01,HIGÜEY,06,MATA CHALUPE,001,LOS MANCORNADOS,20,16,1,0,52,40.45
11,LA ALTAGRACIA,01,HIGÜEY,01,HIGÜEY,06,MATA CHALUPE,017,MARÍA RUIZ,25,20,0,0,0,100
11,LA ALTAGRACIA,01,HIGÜEY,03,LA OTRA BANDA (D. M.).,04,CRUZ DE ISLEÑO,016,LOS VICINI,3,21,15,2,0,58.54
11,LA ALTAGRACIA,01,HIGÜEY,03,LA OTRA BANDA (D. M.).,02,EL BONAO,001,EL BONAO,12,54,29,4,0,66.67
11,LA ALTAGRACIA,01,HIGÜEY,03,LA OTRA BANDA (D. M.).,04,CRUZ DE ISLEÑO,018,LOS HIGOS O EL HIGO,12,13,9,1,0,71.43
11,LA ALTAGRACIA,01,HIGÜEY,03,LA OTRA BANDA (D. M.).,04,CRUZ DE ISLEÑO,015,EL CUYA,1,0,0,0,0,100
11,LA ALTAGRACIA,01,HIGÜEY,03,LA OTRA BANDA (D. M.).,03,DUYEY,008,PALIZA BUENA,0,1,0,0,0,100
11,LA ALTAGRACIA,01,HIGÜEY,03,LA OTRA BANDA (D. M.).,04,CRUZ DE ISLEÑO,022,OJO DE AGUA,1,0,0,0,0,100
11,LA ALTAGRACIA,01,HIGÜEY,03,LA OTRA BANDA (D. M.).,02,EL BONAO,006,PUENTE ANAMUYA,0,5,3,2,0,50
11,LA ALTAGRACIA,01,HIGÜEY,03,LA OTRA BANDA (D. M.).,02,EL BONAO,003,ANAMUYA,1,13,9,3,0,53.85
11,LA ALTAGRACIA,01,HIGÜEY,03,LA OTRA BANDA (D. M.).,02,EL BONAO,004,PALO AMARGO,5,15,2,0,0,90.91
11,LA ALTAGRACIA,01,HIGÜEY,03,LA OTRA BANDA (D. M.).,02,EL BONAO,002,VILLA PIÓN,8,35,15,1,0,72.88
11,LA ALTAGRACIA,01,HIGÜEY,03,LA OTRA BANDA (D. M.).,04,CRUZ DE ISLEÑO,006,CERRO GORDO,74,218,98,22,0,70.87
11,LA ALTAGRACIA,01,HIGÜEY,03,LA OTRA BANDA (D. M.).,04,CRUZ DE ISLEÑO,019,ZAFARRAYA,31,38,7,0,0,90.79
11,LA ALTAGRACIA,01,HIGÜEY,03,LA OTRA BANDA (D. M.).,04,CRUZ DE ISLEÑO,017,EL CINCO,16,99,144,42,0,38.21
11,LA ALTAGRACIA,01,HIGÜEY,03,LA OTRA BANDA (D. M.).,04,CRUZ DE ISLEÑO,010,JOBO JAGÜEY,1,0,0,2,0,33.33
11,LA ALTAGRACIA,01,HIGÜEY,03,LA OTRA BANDA (D. M.).,04,CRUZ DE ISLEÑO,009,LA CUCHILLA,1,0,2,1,0,25
11,LA ALTAGRACIA,01,HIGÜEY,03,LA OTRA BANDA (D. M.).,04,CRUZ DE ISLEÑO,014,LA ZAFRA,7,4,0,0,0,100
11,LA ALTAGRACIA,01,HIGÜEY,03,LA OTRA BANDA (D. M.).,04,CRUZ DE ISLEÑO,013,LAS TRES CASITAS,1,0,0,0,0,100
11,LA ALTAGRACIA,01,HIGÜEY,03,LA OTRA BANDA (D. M.).,04,CRUZ DE ISLEÑO,007,LOS PALOS,0,3,0,4,0,42.86
11,LA ALTAGRACIA,01,HIGÜEY,03,LA OTRA BANDA (D. M.).,04,CRUZ DE ISLEÑO,005,YABIQUI,0,1,10,2,0,7.69
11,LA ALTAGRACIA,01,HIGÜEY,03,LA OTRA BANDA (D. M.).,03,DUYEY,009,VISTA ALEGRE,3,7,6,1,0,58.82
11,LA ALTAGRACIA,01,HIGÜEY,03,LA OTRA BANDA (D. M.).,03,DUYEY,002,EL HILO,2,9,2,0,0,84.62
11,LA ALTAGRACIA,01,HIGÜEY,03,LA OTRA BANDA (D. M.).,04,CRUZ DE ISLEÑO,011,BATEY SAN FRANCISCO,30,1,0,0,0,100
11,LA ALTAGRACIA,01,HIGÜEY,03,LA OTRA BANDA (D. M.).,04,CRUZ DE ISLEÑO,021,CAMPO NUEVO,243,10,1,0,0,99.61
11,LA ALTAGRACIA,01,HIGÜEY,03,LA OTRA BANDA (D. M.).,04,CRUZ DE ISLEÑO,012,BATEY ROMANITA,107,3,0,0,0,100
11,LA ALTAGRACIA,01,HIGÜEY,03,LA OTRA BANDA (D. M.).,04,CRUZ DE ISLEÑO,020,BATEY LOS CAÑOS,81,2,0,0,0,100
11,LA ALTAGRACIA,01,HIGÜEY,03,LA OTRA BANDA (D. M.).,04,CRUZ DE ISLEÑO,001,CRUCE DE ISLEÑO (ANTIGUO CRUZ DE ISLEÑO),11,46,10,3,0,81.43
11,LA ALTAGRACIA,01,HIGÜEY,03,LA OTRA BANDA (D. M.).,03,DUYEY,004,HONDURAS,0,5,0,0,0,100
11,LA ALTAGRACIA,01,HIGÜEY,03,LA OTRA BANDA (D. M.).,03,DUYEY,010,PUEBLO NUEVO,3,16,1,0,0,95
11,LA ALTAGRACIA,01,HIGÜEY,01,HIGÜEY,03,SANTANA,014,LÓPEZ,6,25,10,2,0,72.09
11,LA ALTAGRACIA,01,HIGÜEY,01,HIGÜEY,03,SANTANA,017,AZAFRÁN,6,40,30,0,4,57.5
11,LA ALTAGRACIA,01,HIGÜEY,01,HIGÜEY,03,SANTANA,054,LA CULEBRA,1,13,0,0,0,100
11,LA ALTAGRACIA,01,HIGÜEY,01,HIGÜEY,03,SANTANA,025,MANÁ ABAJO,7,15,4,0,0,84.62
11,LA ALTAGRACIA,01,HIGÜEY,01,HIGÜEY,03,SANTANA,037,LA BOYA,1,0,0,0,0,100
11,LA ALTAGRACIA,01,HIGÜEY,01,HIGÜEY,03,SANTANA,028,NARANJO DE CHINA,34,29,8,0,0,88.73
11,LA ALTAGRACIA,01,HIGÜEY,01,HIGÜEY,05,LOS RÍOS,008,LA CEIBA,0,3,2,2,0,42.86
11,LA ALTAGRACIA,01,HIGÜEY,02,LAS LAGUNAS DE NISIBÓN (D. M.).,03,EL BARRERO,004,GUANCHI,13,0,0,0,0,100
11,LA ALTAGRACIA,01,HIGÜEY,02,LAS LAGUNAS DE NISIBÓN (D. M.).,03,EL BARRERO,002,EL BARRERO,8,1,0,1,0,90
11,LA ALTAGRACIA,01,HIGÜEY,02,LAS LAGUNAS DE NISIBÓN (D. M.).,03,EL BARRERO,010,MIRAFLORES,2,0,0,0,0,100
11,LA ALTAGRACIA,01,HIGÜEY,02,LAS LAGUNAS DE NISIBÓN (D. M.).,03,EL BARRERO,013,LA CEIBITA,0,1,0,0,0,100
11,LA ALTAGRACIA,01,HIGÜEY,02,LAS LAGUNAS DE NISIBÓN (D. M.).,03,EL BARRERO,005,RÍO LLANO,8,0,0,0,0,100
11,LA ALTAGRACIA,01,HIGÜEY,02,LAS LAGUNAS DE NISIBÓN (D. M.).,03,EL BARRERO,006,LA LISITA (LA LUISITA),1,3,2,0,0,66.67
11,LA ALTAGRACIA,01,HIGÜEY,01,HIGÜEY,05,LOS RÍOS,009,EL BRAZO,1,0,1,0,0,50
11,LA ALTAGRACIA,01,HIGÜEY,02,LAS LAGUNAS DE NISIBÓN (D. M.).,04,LAS GUAMAS,005,EL HICOTEO,10,0,0,0,0,100
11,LA ALTAGRACIA,01,HIGÜEY,02,LAS LAGUNAS DE NISIBÓN (D. M.).,02,CAÑADA HONDA,006,LOS TOCONES,19,33,7,3,0,83.87
11,LA ALTAGRACIA,01,HIGÜEY,02,LAS LAGUNAS DE NISIBÓN (D. M.).,02,CAÑADA HONDA,005,LOS SUMIDEROS,5,5,3,2,0,66.67
11,LA ALTAGRACIA,01,HIGÜEY,01,HIGÜEY,05,LOS RÍOS,007,BLANDINO,34,30,1,0,0,98.46
11,LA ALTAGRACIA,01,HIGÜEY,03,LA OTRA BANDA (D. M.).,03,DUYEY,005,LA CURTIEMBRE,10,14,1,0,0,96
11,LA ALTAGRACIA,01,HIGÜEY,01,HIGÜEY,03,SANTANA,007,LOS MANGOS,12,66,41,8,6,58.65
11,LA ALTAGRACIA,01,HIGÜEY,01,HIGÜEY,03,SANTANA,015,RESELEZUELA,17,51,16,3,0,78.16
11,LA ALTAGRACIA,01,HIGÜEY,01,HIGÜEY,03,SANTANA,002,EL RANCHO,4,1,0,0,0,100
11,LA ALTAGRACIA,01,HIGÜEY,01,HIGÜEY,03,SANTANA,053,BATEY GENARO QUINO,5,0,0,0,0,100
11,LA ALTAGRACIA,01,HIGÜEY,03,LA OTRA BANDA (D. M.).,04,CRUZ DE ISLEÑO,023,EL PEÑÓN DE LOS REYES,9,31,3,0,0,93.02
11,LA ALTAGRACIA,01,HIGÜEY,01,HIGÜEY,03,SANTANA,016,LA PALOMA,6,57,43,4,25,46.67
11,LA ALTAGRACIA,01,HIGÜEY,02,LAS LAGUNAS DE NISIBÓN (D. M.).,04,LAS GUAMAS,007,YONÚ,5,10,2,1,0,83.33
11,LA ALTAGRACIA,01,HIGÜEY,02,LAS LAGUNAS DE NISIBÓN (D. M.).,04,LAS GUAMAS,016,YONÚ ABAJO,9,30,13,1,0,73.58
11,LA ALTAGRACIA,01,HIGÜEY,02,LAS LAGUNAS DE NISIBÓN (D. M.).,04,LAS GUAMAS,017,PROYECTO YONÚ,10,1,0,0,0,100
11,LA ALTAGRACIA,01,HIGÜEY,03,LA OTRA BANDA (D. M.).,03,DUYEY,007,MI LOLA,3,3,1,0,0,85.71
11,LA ALTAGRACIA,01,HIGÜEY,03,LA OTRA BANDA (D. M.).,03,DUYEY,001,DUYEY,8,21,3,1,0,87.88
11,LA ALTAGRACIA,01,HIGÜEY,02,LAS LAGUNAS DE NISIBÓN (D. M.).,02,CAÑADA HONDA,012,BOCA DE MAMÓN,5,3,0,0,0,100
11,LA ALTAGRACIA,01,HIGÜEY,02,LAS LAGUNAS DE NISIBÓN (D. M.).,04,LAS GUAMAS,018,ARROYO RICO,3,0,0,0,0,100
11,LA ALTAGRACIA,01,HIGÜEY,02,LAS LAGUNAS DE NISIBÓN (D. M.).,02,CAÑADA HONDA,008,LOS MANGUITOS,18,15,1,0,0,97.06
11,LA ALTAGRACIA,01,HIGÜEY,02,LAS LAGUNAS DE NISIBÓN (D. M.).,02,CAÑADA HONDA,015,LOS HELECHOS,0,0,1,0,0,0
11,LA ALTAGRACIA,01,HIGÜEY,02,LAS LAGUNAS DE NISIBÓN (D. M.).,02,CAÑADA HONDA,002,LAS ZANJAS,9,13,4,2,0,78.57
11,LA ALTAGRACIA,01,HIGÜEY,02,LAS LAGUNAS DE NISIBÓN (D. M.).,02,CAÑADA HONDA,010,ENTRADA DE LA ZANJA,5,6,3,0,0,78.57
11,LA ALTAGRACIA,01,HIGÜEY,02,LAS LAGUNAS DE NISIBÓN (D. M.).,02,CAÑADA HONDA,001,CAÑADA HONDA,107,260,82,9,0,80.13
11,LA ALTAGRACIA,01,HIGÜEY,02,LAS LAGUNAS DE NISIBÓN (D. M.).,02,CAÑADA HONDA,014,EL PEÑÓN,1,7,1,0,0,88.89
11,LA ALTAGRACIA,01,HIGÜEY,02,LAS LAGUNAS DE NISIBÓN (D. M.).,02,CAÑADA HONDA,007,EL MAICILLO,1,0,0,0,0,100
11,LA ALTAGRACIA,01,HIGÜEY,02,LAS LAGUNAS DE NISIBÓN (D. M.).,02,CAÑADA HONDA,003,LAS VACAMAS,17,62,31,5,0,68.7
11,LA ALTAGRACIA,01,HIGÜEY,02,LAS LAGUNAS DE NISIBÓN (D. M.).,04,LAS GUAMAS,012,LAS LAJAS,6,0,0,0,0,100
11,LA ALTAGRACIA,01,HIGÜEY,02,LAS LAGUNAS DE NISIBÓN (D. M.).,04,LAS GUAMAS,015,YONÚ ARRIBA,4,15,5,0,0,79.17
11,LA ALTAGRACIA,01,HIGÜEY,02,LAS LAGUNAS DE NISIBÓN (D. M.).,04,LAS GUAMAS,006,BATEY LAS GUAMAS,9,49,26,6,0,64.44
11,LA ALTAGRACIA,01,HIGÜEY,02,LAS LAGUNAS DE NISIBÓN (D. M.).,04,LAS GUAMAS,002,BONILLA,4,5,0,0,0,100
11,LA ALTAGRACIA,01,HIGÜEY,02,LAS LAGUNAS DE NISIBÓN (D. M.).,04,LAS GUAMAS,001,PALMA PANDA,2,4,0,0,0,100
11,LA ALTAGRACIA,01,HIGÜEY,02,LAS LAGUNAS DE NISIBÓN (D. M.).,04,LAS GUAMAS,013,EL FUERTE,8,1,1,0,0,90
11,LA ALTAGRACIA,01,HIGÜEY,02,LAS LAGUNAS DE NISIBÓN (D. M.).,04,LAS GUAMAS,014,LA SILVERITA,3,1,0,0,0,100
11,LA ALTAGRACIA,01,HIGÜEY,01,HIGÜEY,03,SANTANA,033,SABANA EL PIÑAL,0,5,2,0,0,71.43
11,LA ALTAGRACIA,01,HIGÜEY,01,HIGÜEY,03,SANTANA,034,JOBO LARGO,24,35,7,3,0,85.51
11,LA ALTAGRACIA,01,HIGÜEY,01,HIGÜEY,03,SANTANA,040,LA PLAZA,32,29,2,1,0,95.31
11,LA ALTAGRACIA,01,HIGÜEY,01,HIGÜEY,03,SANTANA,055,DUYEY,1,0,0,0,0,100
11,LA ALTAGRACIA,01,HIGÜEY,01,HIGÜEY,03,SANTANA,036,HATO DE MANÁ,60,55,13,0,0,89.84
11,LA ALTAGRACIA,01,HIGÜEY,01,HIGÜEY,03,SANTANA,042,LA CAYA,4,0,1,1,0,66.67
11,LA ALTAGRACIA,01,HIGÜEY,01,HIGÜEY,03,SANTANA,047,LOS BRAZOS,1,0,1,0,0,50
11,LA ALTAGRACIA,01,HIGÜEY,01,HIGÜEY,02,BEJUCAL,005,BEJUCALITO,35,108,31,6,23,70.44
11,LA ALTAGRACIA,01,HIGÜEY,01,HIGÜEY,02,BEJUCAL,013,CAMINO REAL,1,0,0,0,10,9.09
11,LA ALTAGRACIA,01,HIGÜEY,01,HIGÜEY,02,BEJUCAL,008,ENEA,45,130,46,8,84,55.91
11,LA ALTAGRACIA,01,HIGÜEY,01,HIGÜEY,03,SANTANA,031,PEÑÓN,0,0,0,0,4,0
11,LA ALTAGRACIA,01,HIGÜEY,01,HIGÜEY,02,BEJUCAL,022,DON FRANCISCO,4,15,0,0,1,95
11,LA ALTAGRACIA,01,HIGÜEY,01,HIGÜEY,06,MATA CHALUPE,010,EL MAMEYITO,5,3,0,0,0,100
11,LA ALTAGRACIA,01,HIGÜEY,01,HIGÜEY,06,MATA CHALUPE,016,JAGUA MOCHA,27,28,2,0,0,96.49
11,LA ALTAGRACIA,01,HIGÜEY,01,HIGÜEY,06,MATA CHALUPE,009,LA TRANQUERA,13,24,2,0,0,94.87
11,LA ALTAGRACIA,01,HIGÜEY,01,HIGÜEY,06,MATA CHALUPE,018,JOBO DULCE,87,117,14,3,30,81.27
11,LA ALTAGRACIA,01,HIGÜEY,01,HIGÜEY,06,MATA CHALUPE,011,BATEY SIETE PUERTAS,3,2,0,0,0,100
11,LA ALTAGRACIA,01,HIGÜEY,03,LA OTRA BANDA (D. M.).,04,CRUZ DE ISLEÑO,004,VALLE JINA,6,8,7,0,0,66.67
11,LA ALTAGRACIA,01,HIGÜEY,01,HIGÜEY,04,JINA JARAGUA,024,LAS ALBAHACAS,19,0,0,0,0,100
11,LA ALTAGRACIA,01,HIGÜEY,01,HIGÜEY,02,BEJUCAL,006,CHAVONCITO,46,31,6,1,66,51.33
11,LA ALTAGRACIA,01,HIGÜEY,01,HIGÜEY,02,BEJUCAL,016,SAN CRISTÓBAL,16,17,2,0,13,68.75
11,LA ALTAGRACIA,01,HIGÜEY,01,HIGÜEY,02,BEJUCAL,032,CHAVÓN ABAJO,5,6,0,0,5,68.75
11,LA ALTAGRACIA,01,HIGÜEY,01,HIGÜEY,03,SANTANA,008,EL MAMEY,21,18,14,3,0,69.64
11,LA ALTAGRACIA,01,HIGÜEY,01,HIGÜEY,04,JINA JARAGUA,021,BATEY GUAYABO,209,28,1,0,0,99.58
11,LA ALTAGRACIA,01,HIGÜEY,01,HIGÜEY,04,JINA JARAGUA,006,LIMONAL,13,1,0,0,0,100
11,LA ALTAGRACIA,01,HIGÜEY,01,HIGÜEY,03,SANTANA,005,LA YAYAS,7,13,7,2,16,44.44
11,LA ALTAGRACIA,01,HIGÜEY,01,HIGÜEY,03,SANTANA,024,LOS CERRITOS,11,21,6,0,0,84.21
11,LA ALTAGRACIA,01,HIGÜEY,01,HIGÜEY,03,SANTANA,022,PUERTO ESCONDIDO,13,31,1,0,0,97.78
11,LA ALTAGRACIA,01,HIGÜEY,01,HIGÜEY,02,BEJUCAL,023,GÜIZARA,6,9,1,1,4,71.43
11,LA ALTAGRACIA,01,HIGÜEY,03,LA OTRA BANDA (D. M.).,04,CRUZ DE ISLEÑO,025,VERÓN,197,582,311,62,618,44.01
11,LA ALTAGRACIA,01,HIGÜEY,03,LA OTRA BANDA (D. M.).,04,CRUZ DE ISLEÑO,027,LAS DOS JARDAS,114,475,305,99,259,47.04
11,LA ALTAGRACIA,01,HIGÜEY,03,LA OTRA BANDA (D. M.).,04,CRUZ DE ISLEÑO,026,LOS MANANTIALES,0,1,1,0,0,50
11,LA ALTAGRACIA,01,HIGÜEY,03,LA OTRA BANDA (D. M.).,04,CRUZ DE ISLEÑO,002,CRUZ DE ISLEÑO (ANTIGUO LOS DAJAOS),8,27,12,2,0,71.43
11,LA ALTAGRACIA,01,HIGÜEY,01,HIGÜEY,03,SANTANA,013,SANTANA,33,141,177,46,146,32.04
11,LA ALTAGRACIA,01,HIGÜEY,02,LAS LAGUNAS DE NISIBÓN (D. M.).,02,CAÑADA HONDA,013,LA LAGUNA,1,6,4,0,0,63.64
11,LA ALTAGRACIA,01,HIGÜEY,04,VERÓN PUNTA CANA (D. M.).,01,VERÓN,001,LOTIFICACIÓN VERÓN,59,158,129,84,1254,12.89
11,LA ALTAGRACIA,01,HIGÜEY,04,VERÓN PUNTA CANA (D. M.).,01,VERÓN,004,VILLA PROGRESO,29,90,121,66,128,27.42
11,LA ALTAGRACIA,01,HIGÜEY,04,VERÓN PUNTA CANA (D. M.).,01,VERÓN,008,BELLO AMANECER,48,148,174,83,0,43.27
11,LA ALTAGRACIA,01,HIGÜEY,04,VERÓN PUNTA CANA (D. M.).,01,VERÓN,005,BÁVARO,110,207,157,99,15,53.91
11,LA ALTAGRACIA,01,HIGÜEY,04,VERÓN PUNTA CANA (D. M.).,01,VERÓN,003,LA JARDA DE HOYO CLARO,923,1315,540,184,385,66.87
11,LA ALTAGRACIA,01,HIGÜEY,04,VERÓN PUNTA CANA (D. M.).,01,VERÓN,002,LOTIFICACIÓN VERÓN II,0,11,29,24,401,2.37
11,LA ALTAGRACIA,01,HIGÜEY,03,LA OTRA BANDA (D. M.).,01,LA OTRA BANDA,001,JOBO JAGÜEY,30,199,221,120,0,40.18
11,LA ALTAGRACIA,01,HIGÜEY,03,LA OTRA BANDA (D. M.).,01,LA OTRA BANDA,002,LÍNEA NUEVA,12,107,110,69,0,39.93
11,LA ALTAGRACIA,01,HIGÜEY,03,LA OTRA BANDA (D. M.).,01,LA OTRA BANDA,003,LOS MARTÍNEZ O LA CANCHA,14,39,64,50,0,31.74
11,LA ALTAGRACIA,01,HIGÜEY,03,LA OTRA BANDA (D. M.).,01,LA OTRA BANDA,005,LOS CASTILLOS,25,57,57,24,0,50.31
11,LA ALTAGRACIA,01,HIGÜEY,03,LA OTRA BANDA (D. M.).,01,LA OTRA BANDA,006,VILLA JUANA O LOS PILOTOS,39,236,176,111,0,48.93
11,LA ALTAGRACIA,01,HIGÜEY,03,LA OTRA BANDA (D. M.).,01,LA OTRA BANDA,007,LAGUNA VERDE,22,76,103,78,0,35.13
11,LA ALTAGRACIA,01,HIGÜEY,03,LA OTRA BANDA (D. M.).,01,LA OTRA BANDA,008,LA PALMILLA,13,45,51,38,0,39.46
11,LA ALTAGRACIA,01,HIGÜEY,03,LA OTRA BANDA (D. M.).,01,LA OTRA BANDA,009,CENTRO DEL PUEBLO,7,52,86,41,0,31.72
11,LA ALTAGRACIA,01,HIGÜEY,01,HIGÜEY,01,SALVALEÓN DE HIGÜEY,001,SAN MARTÍN DE PORRES,47,367,514,271,663,22.23
11,LA ALTAGRACIA,01,HIGÜEY,01,HIGÜEY,01,SALVALEÓN DE HIGÜEY,002,EL TAMARINDO,3,12,30,36,22,14.56
11,LA ALTAGRACIA,01,HIGÜEY,01,HIGÜEY,01,SALVALEÓN DE HIGÜEY,003,MAMÁ TINGÓ,58,272,213,57,208,40.84
11,LA ALTAGRACIA,01,HIGÜEY,01,HIGÜEY,01,SALVALEÓN DE HIGÜEY,004,EL CEMENTERIO,2,1,1,1,21,11.54
11,LA ALTAGRACIA,01,HIGÜEY,01,HIGÜEY,01,SALVALEÓN DE HIGÜEY,005,LA BASÍLICA,2,3,13,12,15,11.11
11,LA ALTAGRACIA,01,HIGÜEY,01,HIGÜEY,01,SALVALEÓN DE HIGÜEY,006,CENTRO DE LA CIUDAD,7,63,85,73,126,19.77
11,LA ALTAGRACIA,01,HIGÜEY,01,HIGÜEY,01,SALVALEÓN DE HIGÜEY,007,LA ANTENA O LA TORRE,7,50,37,12,53,35.85
11,LA ALTAGRACIA,01,HIGÜEY,01,HIGÜEY,01,SALVALEÓN DE HIGÜEY,008,SAN JOSE,2,29,42,34,185,10.62
11,LA ALTAGRACIA,01,HIGÜEY,01,HIGÜEY,01,SALVALEÓN DE HIGÜEY,009,PUEBLO NUEVO,27,140,228,153,189,22.66
11,LA ALTAGRACIA,01,HIGÜEY,01,HIGÜEY,01,SALVALEÓN DE HIGÜEY,010,NAZARET,22,162,265,157,195,22.97
11,LA ALTAGRACIA,01,HIGÜEY,01,HIGÜEY,01,SALVALEÓN DE HIGÜEY,011,LOS PLATANITOS,100,651,586,164,613,35.53
11,LA ALTAGRACIA,01,HIGÜEY,01,HIGÜEY,01,SALVALEÓN DE HIGÜEY,012,LOS COQUITOS,11,62,46,15,201,21.79
11,LA ALTAGRACIA,01,HIGÜEY,01,HIGÜEY,01,SALVALEÓN DE HIGÜEY,013,BRISAS DEL LLANO,23,148,248,259,67,22.95
11,LA ALTAGRACIA,01,HIGÜEY,01,HIGÜEY,01,SALVALEÓN DE HIGÜEY,014,SAVICA,6,88,153,151,258,14.33
11,LA ALTAGRACIA,01,HIGÜEY,01,HIGÜEY,01,SALVALEÓN DE HIGÜEY,015,ANTONIO GUZMÁN FERNÁNDEZ,61,416,392,157,338,34.97
11,LA ALTAGRACIA,01,HIGÜEY,01,HIGÜEY,01,SALVALEÓN DE HIGÜEY,016,LA IMAGEN,4,79,184,283,178,11.4
11,LA ALTAGRACIA,01,HIGÜEY,01,HIGÜEY,01,SALVALEÓN DE HIGÜEY,017,LAS CAOBAS,24,231,489,174,165,23.55
11,LA ALTAGRACIA,01,HIGÜEY,01,HIGÜEY,01,SALVALEÓN DE HIGÜEY,018,RESIDENCIAL DOÑA ROSA,0,0,0,2,0,0
11,LA ALTAGRACIA,01,HIGÜEY,01,HIGÜEY,01,SALVALEÓN DE HIGÜEY,019,CHILLO POUERIET,14,95,172,153,124,19.53
11,LA ALTAGRACIA,01,HIGÜEY,01,HIGÜEY,01,SALVALEÓN DE HIGÜEY,020,21 DE ENERO,47,340,501,301,436,23.82
11,LA ALTAGRACIA,01,HIGÜEY,01,HIGÜEY,01,SALVALEÓN DE HIGÜEY,021,RESIDENCIAL ANA MELIA,1,2,6,7,0,18.75
11,LA ALTAGRACIA,01,HIGÜEY,01,HIGÜEY,01,SALVALEÓN DE HIGÜEY,022,SAN PEDRO,147,555,487,165,349,41.22
11,LA ALTAGRACIA,01,HIGÜEY,01,HIGÜEY,01,SALVALEÓN DE HIGÜEY,023,ZANJUL,1,9,18,36,0,15.62
11,LA ALTAGRACIA,01,HIGÜEY,01,HIGÜEY,01,SALVALEÓN DE HIGÜEY,024,DOÑA FEMA,1,1,3,6,23,5.88
11,LA ALTAGRACIA,01,HIGÜEY,01,HIGÜEY,01,SALVALEÓN DE HIGÜEY,025,LOS SOTO,82,424,598,342,738,23.17
11,LA ALTAGRACIA,01,HIGÜEY,01,HIGÜEY,01,SALVALEÓN DE HIGÜEY,026,HAITÍ CHIQUITO,39,120,46,10,51,59.77
11,LA ALTAGRACIA,01,HIGÜEY,01,HIGÜEY,01,SALVALEÓN DE HIGÜEY,027,PEPE ROSARIO,83,294,290,157,305,33.39
11,LA ALTAGRACIA,01,HIGÜEY,01,HIGÜEY,01,SALVALEÓN DE HIGÜEY,028,VILLA CERRO,834,3570,3019,1256,1794,42.05
11,LA ALTAGRACIA,01,HIGÜEY,01,HIGÜEY,01,SALVALEÓN DE HIGÜEY,029,SAN JOUL,15,157,472,521,569,9.92
11,LA ALTAGRACIA,01,HIGÜEY,01,HIGÜEY,01,SALVALEÓN DE HIGÜEY,030,RESIDENCIAL LUISA PERLA,1,2,0,4,29,8.33
11,LA ALTAGRACIA,01,HIGÜEY,01,HIGÜEY,01,SALVALEÓN DE HIGÜEY,031,RESIDENCIAL VILLA PROGRESO,0,1,1,0,0,50
11,LA ALTAGRACIA,01,HIGÜEY,01,HIGÜEY,01,SALVALEÓN DE HIGÜEY,032,LA MALENA,49,324,494,409,292,23.79
11,LA ALTAGRACIA,01,HIGÜEY,01,HIGÜEY,01,SALVALEÓN DE HIGÜEY,033,JUAN PABLO DUARTE O NUEVO,209,1381,1984,1366,1572,24.42
11,LA ALTAGRACIA,01,HIGÜEY,01,HIGÜEY,01,SALVALEÓN DE HIGÜEY,034,LA CABRERA,129,869,782,197,441,41.27
11,LA ALTAGRACIA,01,HIGÜEY,01,HIGÜEY,01,SALVALEÓN DE HIGÜEY,035,CAMBELEN,22,103,177,107,408,15.3
11,LA ALTAGRACIA,01,HIGÜEY,01,HIGÜEY,01,SALVALEÓN DE HIGÜEY,036,LA AVIACIÓN,9,63,131,139,93,16.55
11,LA ALTAGRACIA,01,HIGÜEY,01,HIGÜEY,01,SALVALEÓN DE HIGÜEY,037,SAN FRANCISCO,263,840,552,252,733,41.78
11,LA ALTAGRACIA,01,HIGÜEY,01,HIGÜEY,01,SALVALEÓN DE HIGÜEY,038,EL OBISPADO,67,230,168,51,121,46.62
11,LA ALTAGRACIA,01,HIGÜEY,01,HIGÜEY,01,SALVALEÓN DE HIGÜEY,040,VILLA CRISTAL,74,395,413,130,57,43.87
11,LA ALTAGRACIA,01,HIGÜEY,01,HIGÜEY,01,SALVALEÓN DE HIGÜEY,041,LA MATILLA,3,3,4,6,4,30
11,LA ALTAGRACIA,01,HIGÜEY,01,HIGÜEY,01,SALVALEÓN DE HIGÜEY,042,LOS LIMONES,8,93,125,51,83,28.06
11,LA ALTAGRACIA,01,HIGÜEY,01,HIGÜEY,01,SALVALEÓN DE HIGÜEY,043,ANAMUYA,91,564,449,146,326,41.56
11,LA ALTAGRACIA,01,HIGÜEY,02,LAS LAGUNAS DE NISIBÓN (D. M.).,01,LAS LAGUNAS DE NISIBÓN,001,LA MINA,13,43,49,42,44,29.32
11,LA ALTAGRACIA,01,HIGÜEY,02,LAS LAGUNAS DE NISIBÓN (D. M.).,01,LAS LAGUNAS DE NISIBÓN,002,CENTRO DEL PUEBLO,10,47,68,35,55,26.51
11,LA ALTAGRACIA,01,HIGÜEY,02,LAS LAGUNAS DE NISIBÓN (D. M.).,01,LAS LAGUNAS DE NISIBÓN,003,EL PEÑON,40,152,113,58,99,41.56
11,LA ALTAGRACIA,01,HIGÜEY,02,LAS LAGUNAS DE NISIBÓN (D. M.).,01,LAS LAGUNAS DE NISIBÓN,004,LA GALLERA,17,109,72,26,67,43.3
11,LA ALTAGRACIA,01,HIGÜEY,02,LAS LAGUNAS DE NISIBÓN (D. M.).,01,LAS LAGUNAS DE NISIBÓN,005,LOS CALLEJONES,10,46,43,49,52,28
11,LA ALTAGRACIA,01,HIGÜEY,02,LAS LAGUNAS DE NISIBÓN (D. M.).,01,LAS LAGUNAS DE NISIBÓN,006,BUENOS AIRES,52,111,63,43,74,47.52
11,LA ALTAGRACIA,01,HIGÜEY,02,LAS LAGUNAS DE NISIBÓN (D. M.).,01,LAS LAGUNAS DE NISIBÓN,007,SUIZO,8,37,33,36,46,28.12
11,LA ALTAGRACIA,01,HIGÜEY,04,VERÓN PUNTA CANA (D. M.).,01,VERÓN,010,EL SAMARITANO 1,62,216,124,37,0,63.33
11,LA ALTAGRACIA,01,HIGÜEY,04,VERÓN PUNTA CANA (D. M.).,01,VERÓN,009, EL SAMARITANO 2,13,88,44,21,0,60.84
11,LA ALTAGRACIA,01,HIGÜEY,03,LA OTRA BANDA (D. M.).,01,LA OTRA BANDA,004,LOS POLOS,28,207,141,85,0,50.98
11,LA ALTAGRACIA,01,HIGÜEY,04,VERÓN PUNTA CANA (D. M.).,02,JUANILLO,001,CABO ENGAÑO,49,42,5,0,67,55.83
11,LA ALTAGRACIA,01,HIGÜEY,04,VERÓN PUNTA CANA (D. M.).,03,EL SALADO,022,CABEZA DE TORO,0,0,1,0,20,0
11,LA ALTAGRACIA,01,HIGÜEY,04,VERÓN PUNTA CANA (D. M.).,03,EL SALADO,020,CAOBA,35,18,2,0,157,25
11,LA ALTAGRACIA,01,HIGÜEY,04,VERÓN PUNTA CANA (D. M.).,03,EL SALADO,011,LOS NARANJOS,0,0,1,1,0,0
11,LA ALTAGRACIA,01,HIGÜEY,04,VERÓN PUNTA CANA (D. M.).,03,EL SALADO,012,LA SAFRA,0,0,0,0,14,0
11,LA ALTAGRACIA,01,HIGÜEY,04,VERÓN PUNTA CANA (D. M.).,03,EL SALADO,021,LA JARDA,4,4,7,1,71,9.2
11,LA ALTAGRACIA,01,HIGÜEY,04,VERÓN PUNTA CANA (D. M.).,03,EL SALADO,007,EL PEÑÓN,6,12,7,1,16,42.86
11,LA ALTAGRACIA,01,HIGÜEY,04,VERÓN PUNTA CANA (D. M.).,03,EL SALADO,005,LA JINA,28,60,17,0,0,83.81
11,LA ALTAGRACIA,01,HIGÜEY,04,VERÓN PUNTA CANA (D. M.).,03,EL SALADO,003,EL ESPINO,7,1,0,0,0,100
11,LA ALTAGRACIA,01,HIGÜEY,04,VERÓN PUNTA CANA (D. M.).,03,EL SALADO,023,ISLABÓN,9,4,0,0,0,100
11,LA ALTAGRACIA,01,HIGÜEY,04,VERÓN PUNTA CANA (D. M.).,03,EL SALADO,019,LA JARDA U HOYO CLARO,0,1,2,3,0,16.67
11,LA ALTAGRACIA,01,HIGÜEY,04,VERÓN PUNTA CANA (D. M.).,03,EL SALADO,006,JAGUA MOCHA,1,4,1,0,0,83.33
11,LA ALTAGRACIA,01,HIGÜEY,04,VERÓN PUNTA CANA (D. M.).,03,EL SALADO,001,EL CAÑO,5,39,15,0,0,74.58
11,LA ALTAGRACIA,01,HIGÜEY,04,VERÓN PUNTA CANA (D. M.).,03,EL SALADO,008,LA CEIBA,205,435,236,57,173,57.87
11,LA ALTAGRACIA,01,HIGÜEY,04,VERÓN PUNTA CANA (D. M.).,03,EL SALADO,014,LA PILETA,0,0,0,0,3,0
11,LA ALTAGRACIA,01,HIGÜEY,04,VERÓN PUNTA CANA (D. M.).,03,EL SALADO,010,LOS HOYOS,17,10,3,1,10,65.85
11,LA ALTAGRACIA,01,HIGÜEY,04,VERÓN PUNTA CANA (D. M.).,03,EL SALADO,009,EL SALADO,11,44,20,8,23,51.89
11,LA ALTAGRACIA,01,HIGÜEY,04,VERÓN PUNTA CANA (D. M.).,03,EL SALADO,024,TRES PIEZAS (EL CARACOL),0,1,0,0,5,16.67
11,LA ALTAGRACIA,01,HIGÜEY,04,VERÓN PUNTA CANA (D. M.).,03,EL SALADO,018,EL BUREN DE TRES PIEZAS,1,1,0,0,4,33.33
11,LA ALTAGRACIA,01,HIGÜEY,04,VERÓN PUNTA CANA (D. M.).,03,EL SALADO,017,GUIRI GUIRI,35,124,42,14,32,64.37
11,LA ALTAGRACIA,01,HIGÜEY,04,VERÓN PUNTA CANA (D. M.).,03,EL SALADO,016,EL MACAO,48,69,26,3,37,63.93
11,LA ALTAGRACIA,01,HIGÜEY,04,VERÓN PUNTA CANA (D. M.).,03,EL SALADO,015,UVERO ALTO,0,1,2,0,0,33.33
11,LA ALTAGRACIA,01,HIGÜEY,04,VERÓN PUNTA CANA (D. M.).,03,EL SALADO,027,ZONA TURISTICA DE BÁVARO,49,620,215,14,5,74.09
11,LA ALTAGRACIA,01,HIGÜEY,04,VERÓN PUNTA CANA (D. M.).,02,JUANILLO,010,JUANILLO,0,0,3,0,0,0
11,LA ALTAGRACIA,01,HIGÜEY,04,VERÓN PUNTA CANA (D. M.).,02,JUANILLO,006,PANTANAL,10,8,0,2,0,90
11,LA ALTAGRACIA,01,HIGÜEY,04,VERÓN PUNTA CANA (D. M.).,02,JUANILLO,004,LOS MANANTIALES,0,2,2,2,0,33.33
11,LA ALTAGRACIA,01,HIGÜEY,04,VERÓN PUNTA CANA (D. M.).,02,JUANILLO,007,PUNTA CANA,0,3,4,1,0,37.5
11,LA ALTAGRACIA,01,HIGÜEY,04,VERÓN PUNTA CANA (D. M.).,03,EL SALADO,028,CORTECITO,36,20,5,0,0,91.8
11,LA ALTAGRACIA,01,HIGÜEY,04,VERÓN PUNTA CANA (D. M.).,03,EL SALADO,004,CAÑADA HONDA,37,133,50,9,0,74.24
11,LA ALTAGRACIA,01,HIGÜEY,04,VERÓN PUNTA CANA (D. M.).,02,JUANILLO,013,LOS RANCHITOS (ARENA GORDA),920,1367,285,51,0,87.19
12,LA ROMANA,03,VILLA HERMOSA,02,CUMAYASA (D. M.).,02,CUMAYASA,004,EL PAPAYO,4,1,2,0,10,29.41
12,LA ROMANA,03,VILLA HERMOSA,02,CUMAYASA (D. M.).,02,CUMAYASA,008,CAMPO ALEGRE,3,9,4,0,8,50
12,LA ROMANA,02,GUAYMATE,01,GUAYMATE,02,HIGÜERAL,001,LA NORIA,26,9,1,0,7,81.4
12,LA ROMANA,02,GUAYMATE,01,GUAYMATE,02,HIGÜERAL,009,BATEY HIGÜERAL,45,93,126,60,106,32.09
12,LA ROMANA,01,LA ROMANA,01,LA ROMANA,02,ALETÓN,007,BATEY CACATA,159,104,41,3,176,54.45
12,LA ROMANA,01,LA ROMANA,01,LA ROMANA,02,ALETÓN,016,BATEY ANÓN,22,0,0,0,0,100
12,LA ROMANA,02,GUAYMATE,01,GUAYMATE,03,SABANA,027,BATEY COLÓN O PELIGRO,0,1,0,0,0,100
12,LA ROMANA,01,LA ROMANA,01,LA ROMANA,02,ALETÓN,006,LA CACHAZA,0,4,0,0,0,100
12,LA ROMANA,02,GUAYMATE,01,GUAYMATE,02,HIGÜERAL,013,BATEY EL 5,15,10,0,0,51,32.89
12,LA ROMANA,02,GUAYMATE,01,GUAYMATE,02,HIGÜERAL,006,BATEY RENGUELITO,58,5,0,0,51,55.26
12,LA ROMANA,02,GUAYMATE,01,GUAYMATE,02,HIGÜERAL,007,BATEY LAS FLORES,23,3,0,0,69,27.37
12,LA ROMANA,02,GUAYMATE,01,GUAYMATE,02,HIGÜERAL,016,BATEY 62,88,5,0,0,1,98.94
12,LA ROMANA,02,GUAYMATE,01,GUAYMATE,02,HIGÜERAL,028,BATEY EL 16,117,1,1,0,16,87.41
12,LA ROMANA,02,GUAYMATE,01,GUAYMATE,02,HIGÜERAL,025,BATEY GUERRERO,25,54,21,0,240,23.24
12,LA ROMANA,02,GUAYMATE,01,GUAYMATE,02,HIGÜERAL,008,BATEY EL 20,67,15,1,0,26,75.23
12,LA ROMANA,02,GUAYMATE,01,GUAYMATE,02,HIGÜERAL,005,BATEY CAMPIÑA,81,10,3,0,36,70
12,LA ROMANA,01,LA ROMANA,01,LA ROMANA,02,ALETÓN,014,LA LUISA,0,0,0,1,4,0
12,LA ROMANA,02,GUAYMATE,01,GUAYMATE,02,HIGÜERAL,010,BATEY ALMEYDA,4,1,0,0,1,83.33
12,LA ROMANA,02,GUAYMATE,01,GUAYMATE,02,HIGÜERAL,014,BATEY EL 40,11,4,0,0,14,51.72
12,LA ROMANA,02,GUAYMATE,01,GUAYMATE,03,SABANA,001,MIRAPATO,0,0,0,0,1,0
12,LA ROMANA,02,GUAYMATE,01,GUAYMATE,03,SABANA,002,CHAVÓN ABAJO,4,2,1,0,0,85.71
12,LA ROMANA,02,GUAYMATE,01,GUAYMATE,02,HIGÜERAL,022,BATEY EL 17,1,2,0,0,0,100
12,LA ROMANA,02,GUAYMATE,01,GUAYMATE,02,HIGÜERAL,024,BATEY EL 15,3,2,0,0,0,100
12,LA ROMANA,01,LA ROMANA,01,LA ROMANA,03,ISLA SAONA,001,MANO JUAN - ADAMANAY,1,3,1,0,0,80
12,LA ROMANA,01,LA ROMANA,01,LA ROMANA,03,ISLA SAONA,002,CATUANO,0,0,1,0,0,0
12,LA ROMANA,02,GUAYMATE,01,GUAYMATE,02,HIGÜERAL,027,BATEY PELIGRO,82,40,1,0,129,48.41
12,LA ROMANA,02,GUAYMATE,01,GUAYMATE,02,HIGÜERAL,019,BATEY CAIMONÍ,24,7,1,0,18,62
12,LA ROMANA,02,GUAYMATE,01,GUAYMATE,02,HIGÜERAL,018,BATEY CRUCE DE GUERRERO,6,4,3,0,25,26.32
12,LA ROMANA,02,GUAYMATE,01,GUAYMATE,02,HIGÜERAL,020,BATEY 82,12,4,0,0,6,72.73
12,LA ROMANA,02,GUAYMATE,01,GUAYMATE,02,HIGÜERAL,021,BATEY PALO BLANCO,77,33,0,0,19,85.27
12,LA ROMANA,02,GUAYMATE,01,GUAYMATE,03,SABANA,023,BATEY LECHERÍA,2,6,3,0,2,61.54
12,LA ROMANA,02,GUAYMATE,01,GUAYMATE,03,SABANA,020,BATEY EL 24,0,0,0,0,24,0
12,LA ROMANA,02,GUAYMATE,01,GUAYMATE,03,SABANA,021,LA HABANA,39,3,0,0,25,62.69
12,LA ROMANA,02,GUAYMATE,01,GUAYMATE,03,SABANA,033,BATEY EL 81,0,0,0,0,7,0
12,LA ROMANA,02,GUAYMATE,01,GUAYMATE,03,SABANA,025,BATEY HOYO DE PUERCO,71,1,0,0,66,52.17
12,LA ROMANA,02,GUAYMATE,01,GUAYMATE,03,SABANA,015,BATEY LAS MERCEDES,193,13,1,0,0,99.52
12,LA ROMANA,02,GUAYMATE,01,GUAYMATE,03,SABANA,014,BATEY NIGUA,147,4,0,0,64,70.23
12,LA ROMANA,02,GUAYMATE,01,GUAYMATE,03,SABANA,016,BATEY COMO QUIERA,82,2,0,0,55,60.43
12,LA ROMANA,02,GUAYMATE,01,GUAYMATE,02,HIGÜERAL,012,BATEY EL QUEMADO,0,3,0,0,0,100
12,LA ROMANA,02,GUAYMATE,01,GUAYMATE,02,HIGÜERAL,023,BATEY EL 18,29,7,3,0,22,59.02
12,LA ROMANA,03,VILLA HERMOSA,02,CUMAYASA (D. M.).,02,CUMAYASA,007,CUCAMA,1,4,3,1,0,55.56
12,LA ROMANA,02,GUAYMATE,01,GUAYMATE,03,SABANA,017,BATEY SANTA ROSA,24,0,0,0,78,23.53
12,LA ROMANA,02,GUAYMATE,01,GUAYMATE,03,SABANA,010,BATEY LA MILAGROSA,0,0,0,0,72,0
12,LA ROMANA,02,GUAYMATE,01,GUAYMATE,03,SABANA,009,BATEY LAS PARCELAS,0,0,0,0,7,0
12,LA ROMANA,02,GUAYMATE,01,GUAYMATE,03,SABANA,012,CHAVÓN ARRIBA,9,5,0,0,3,82.35
12,LA ROMANA,02,GUAYMATE,01,GUAYMATE,03,SABANA,007,BATEY HIGO CLARO,67,13,0,0,88,47.62
12,LA ROMANA,02,GUAYMATE,01,GUAYMATE,03,SABANA,031,LA CULEBRA,5,3,0,0,0,100
12,LA ROMANA,02,GUAYMATE,01,GUAYMATE,03,SABANA,003,BUENOS AIRES,1,0,0,0,0,100
12,LA ROMANA,02,GUAYMATE,01,GUAYMATE,03,SABANA,030,LA REGOLA,12,0,0,0,0,100
12,LA ROMANA,02,GUAYMATE,01,GUAYMATE,03,SABANA,019,BATEY EL 80,13,5,0,0,25,41.86
12,LA ROMANA,02,GUAYMATE,01,GUAYMATE,02,HIGÜERAL,011,BATEY ESCUADRA,1,12,9,1,3,50
12,LA ROMANA,01,LA ROMANA,01,LA ROMANA,02,ALETÓN,015,ALTOS DE CHAVÓN,1,0,0,0,0,100
12,LA ROMANA,02,GUAYMATE,01,GUAYMATE,03,SABANA,018,LA CUCHILLA,71,17,0,0,103,46.07
12,LA ROMANA,02,GUAYMATE,01,GUAYMATE,02,HIGÜERAL,026,BATEY EL 22,63,8,0,0,58,55.04
12,LA ROMANA,03,VILLA HERMOSA,02,CUMAYASA (D. M.).,02,CUMAYASA,002,BATEY LAS TUMBAS,0,0,0,0,1,0
12,LA ROMANA,01,LA ROMANA,01,LA ROMANA,02,ALETÓN,019,CALETÓN,2,1,0,0,0,100
12,LA ROMANA,03,VILLA HERMOSA,02,CUMAYASA (D. M.).,02,CUMAYASA,005,EL 10,2,11,4,3,0,65
12,LA ROMANA,03,VILLA HERMOSA,02,CUMAYASA (D. M.).,02,CUMAYASA,006,LAS UVITAS,0,0,0,0,4,0
12,LA ROMANA,03,VILLA HERMOSA,02,CUMAYASA (D. M.).,02,CUMAYASA,010,EL GATO,11,5,1,0,0,94.12
12,LA ROMANA,03,VILLA HERMOSA,02,CUMAYASA (D. M.).,02,CUMAYASA,001,BATEY EL GATO,13,9,2,0,16,55
12,LA ROMANA,03,VILLA HERMOSA,02,CUMAYASA (D. M.).,02,CUMAYASA,003,EL 14,31,89,56,7,25,57.69
12,LA ROMANA,03,VILLA HERMOSA,02,CUMAYASA (D. M.).,02,CUMAYASA,013,AMÉRICA,1,5,1,0,17,25
12,LA ROMANA,01,LA ROMANA,01,LA ROMANA,02,ALETÓN,005,BATEY MUCARABÓN,0,0,0,1,0,0
12,LA ROMANA,01,LA ROMANA,01,LA ROMANA,02,ALETÓN,003,BATEY SANTONI,32,31,1,0,33,64.95
12,LA ROMANA,01,LA ROMANA,01,LA ROMANA,02,ALETÓN,012,BATEY 203,0,0,0,0,61,0
12,LA ROMANA,01,LA ROMANA,01,LA ROMANA,01,LA ROMANA,033,VILLA NAZARETH,44,458,486,301,433,29.15
12,LA ROMANA,01,LA ROMANA,01,LA ROMANA,01,LA ROMANA,006,ENSANCHE LA HOZ,7,59,92,88,149,16.71
12,LA ROMANA,01,LA ROMANA,01,LA ROMANA,01,LA ROMANA,024,ALTO DE RÍO DULCE,1,24,47,42,0,21.93
12,LA ROMANA,01,LA ROMANA,01,LA ROMANA,01,LA ROMANA,031,PRECONCA,3,17,39,66,46,11.7
12,LA ROMANA,01,LA ROMANA,01,LA ROMANA,01,LA ROMANA,019,KATANGA,42,178,193,117,150,32.35
12,LA ROMANA,01,LA ROMANA,01,LA ROMANA,01,LA ROMANA,020,URBANIZACIÓN MARÍA RUBIO,1,49,47,44,16,31.85
12,LA ROMANA,01,LA ROMANA,01,LA ROMANA,01,LA ROMANA,032,BANCOLA,20,132,200,148,206,21.53
12,LA ROMANA,01,LA ROMANA,01,LA ROMANA,01,LA ROMANA,034,LOS MULTI,2,15,95,219,75,4.19
12,LA ROMANA,01,LA ROMANA,01,LA ROMANA,01,LA ROMANA,014,LOS COLONOS,1,3,16,22,59,3.96
12,LA ROMANA,01,LA ROMANA,01,LA ROMANA,01,LA ROMANA,030,RESIDENCIAL LAS PALMAS,0,0,1,2,0,0
12,LA ROMANA,01,LA ROMANA,01,LA ROMANA,01,LA ROMANA,011,ORQUÍDEA PRIMERA ETAPA,0,1,1,7,0,11.11
12,LA ROMANA,01,LA ROMANA,01,LA ROMANA,01,LA ROMANA,009,DON JUAN I,0,3,6,4,40,5.66
12,LA ROMANA,01,LA ROMANA,01,LA ROMANA,01,LA ROMANA,018,DON JUAN V,1,0,1,0,6,12.5
12,LA ROMANA,01,LA ROMANA,01,LA ROMANA,01,LA ROMANA,021,URBANIZACIÓN LAS PIEDRAS,20,72,58,48,84,32.62
12,LA ROMANA,01,LA ROMANA,01,LA ROMANA,01,LA ROMANA,022,PAPAGAYO,1,19,88,128,79,6.35
12,LA ROMANA,01,LA ROMANA,01,LA ROMANA,01,LA ROMANA,039,GEORGE,67,285,390,236,164,30.82
12,LA ROMANA,01,LA ROMANA,01,LA ROMANA,01,LA ROMANA,008,CHICAGO,1,32,74,77,111,11.19
12,LA ROMANA,01,LA ROMANA,01,LA ROMANA,01,LA ROMANA,025,SAVICA,66,477,517,371,428,29.21
12,LA ROMANA,01,LA ROMANA,01,LA ROMANA,01,LA ROMANA,017,CENTRO DE LA CIUDAD,180,1119,1375,1057,1262,26.02
12,LA ROMANA,01,LA ROMANA,01,LA ROMANA,01,LA ROMANA,016,CENTRAL ROMANA,4,5,10,10,0,31.03
12,LA ROMANA,01,LA ROMANA,01,LA ROMANA,01,LA ROMANA,035,ENSANCHE LA PAZ,1,4,4,5,34,10.42
12,LA ROMANA,01,LA ROMANA,01,LA ROMANA,01,LA ROMANA,002,LOS CAMIONEROS,0,1,7,23,14,2.22
12,LA ROMANA,01,LA ROMANA,01,LA ROMANA,01,LA ROMANA,004,PASEO DE LOS CACIQUES II,0,9,52,141,90,3.08
12,LA ROMANA,01,LA ROMANA,01,LA ROMANA,01,LA ROMANA,007,INVI,1,2,19,38,0,5
12,LA ROMANA,01,LA ROMANA,01,LA ROMANA,01,LA ROMANA,027,DON JUAN II,6,58,50,41,4,40.25
12,LA ROMANA,01,LA ROMANA,01,LA ROMANA,01,LA ROMANA,001,ENSANCHE QUISQUEYA,7,181,801,923,381,8.2
12,LA ROMANA,01,LA ROMANA,01,LA ROMANA,01,LA ROMANA,003,PASEO DE LOS CACIQUES I,1,12,30,47,15,12.38
12,LA ROMANA,01,LA ROMANA,01,LA ROMANA,01,LA ROMANA,012,LA AVIACIÓN,41,399,564,521,483,21.91
12,LA ROMANA,01,LA ROMANA,01,LA ROMANA,01,LA ROMANA,037,RESIDENCIAL ORQUIDEA II ETAPA,0,0,0,2,0,0
12,LA ROMANA,01,LA ROMANA,01,LA ROMANA,01,LA ROMANA,038,VILLA SAN CARLOS,50,360,721,612,187,21.24
12,LA ROMANA,01,LA ROMANA,01,LA ROMANA,01,LA ROMANA,013,SAN CARLOS,38,214,442,572,376,15.35
12,LA ROMANA,01,LA ROMANA,01,LA ROMANA,01,LA ROMANA,041,MINA CENTRAL ROMANA,0,1,1,1,0,33.33
12,LA ROMANA,01,LA ROMANA,01,LA ROMANA,01,LA ROMANA,026,VILLA ALACRÁN,59,322,359,226,328,29.44
12,LA ROMANA,01,LA ROMANA,01,LA ROMANA,01,LA ROMANA,010,ENSANSCHE PEREIRA,66,568,697,445,784,24.77
12,LA ROMANA,01,LA ROMANA,01,LA ROMANA,01,LA ROMANA,040,VILLA ESPAÑA,16,162,329,371,439,13.52
12,LA ROMANA,01,LA ROMANA,01,LA ROMANA,01,LA ROMANA,028,OBRERO,0,16,63,84,32,8.21
12,LA ROMANA,01,LA ROMANA,02,CALETA (D. M.).,01,CALETA,003,RESIDENCIAL VISTA CATALINA,3,44,175,309,77,7.73
12,LA ROMANA,01,LA ROMANA,02,CALETA (D. M.).,01,CALETA,001,CALETA,106,457,472,253,187,38.17
12,LA ROMANA,01,LA ROMANA,02,CALETA (D. M.).,01,CALETA,002,RESIDENCIAL ROMANA,0,4,11,19,2,11.11
12,LA ROMANA,01,LA ROMANA,01,LA ROMANA,01,LA ROMANA,015,SANTA FE,20,68,95,70,67,27.5
12,LA ROMANA,01,LA ROMANA,01,LA ROMANA,01,LA ROMANA,005,VILLA VERDE,590,3128,3149,2198,2930,31
12,LA ROMANA,01,LA ROMANA,01,LA ROMANA,01,LA ROMANA,023,URBANIZACIÓN BUENA VISTA NORTE,0,1,2,3,14,5
12,LA ROMANA,01,LA ROMANA,01,LA ROMANA,01,LA ROMANA,029,CALETÓN O URBANIZACIÓN BUENA VISTA SUR,0,8,38,19,6,11.27
12,LA ROMANA,03,VILLA HERMOSA,01,VILLA HERMOSA,01,VILLA HERMOSA,010,VILLA CAOBA,319,1164,518,84,438,58.78
12,LA ROMANA,03,VILLA HERMOSA,02,CUMAYASA (D. M.).,01,CUMAYASA,004,JUAN PABLO DUARTE O KILÓMETRO SEIS,137,486,281,41,315,49.44
12,LA ROMANA,03,VILLA HERMOSA,02,CUMAYASA (D. M.).,01,CUMAYASA,001,KILÓMETRO 10 DE CUMAYASA,74,311,324,93,187,38.93
12,LA ROMANA,03,VILLA HERMOSA,02,CUMAYASA (D. M.).,01,CUMAYASA,002,VILLA REAL,14,147,251,100,88,26.83
12,LA ROMANA,03,VILLA HERMOSA,02,CUMAYASA (D. M.).,01,CUMAYASA,003,CUCAMA,79,340,299,143,113,43.02
12,LA ROMANA,03,VILLA HERMOSA,02,CUMAYASA (D. M.).,01,CUMAYASA,005,RESIDENCIAL DOÑA OLGA III,0,0,2,1,4,0
12,LA ROMANA,03,VILLA HERMOSA,01,VILLA HERMOSA,01,VILLA HERMOSA,013,JUAN PABLO DUARTE O KILÓMETRO 6,16,84,66,21,42,43.67
12,LA ROMANA,03,VILLA HERMOSA,01,VILLA HERMOSA,01,VILLA HERMOSA,003,CUMAJÓN,133,434,182,29,169,59.87
12,LA ROMANA,03,VILLA HERMOSA,01,VILLA HERMOSA,01,VILLA HERMOSA,009,LA CAOBA,49,271,227,98,84,43.9
12,LA ROMANA,03,VILLA HERMOSA,01,VILLA HERMOSA,01,VILLA HERMOSA,007,VILLA PROGRESO,501,2153,2104,696,1152,40.18
12,LA ROMANA,03,VILLA HERMOSA,01,VILLA HERMOSA,01,VILLA HERMOSA,008,LA LECHOZA,133,474,361,154,204,45.78
12,LA ROMANA,03,VILLA HERMOSA,01,VILLA HERMOSA,01,VILLA HERMOSA,011,LOS COQUITOS,53,229,227,92,88,40.93
12,LA ROMANA,03,VILLA HERMOSA,01,VILLA HERMOSA,01,VILLA HERMOSA,017,EL JOBO O VILLA PARAÍSO,76,357,379,256,233,33.28
12,LA ROMANA,03,VILLA HERMOSA,01,VILLA HERMOSA,01,VILLA HERMOSA,016,EL PARQUECITO,21,104,139,77,66,30.71
12,LA ROMANA,03,VILLA HERMOSA,01,VILLA HERMOSA,01,VILLA HERMOSA,006,LA SABANITA,125,457,523,183,317,36.26
12,LA ROMANA,03,VILLA HERMOSA,01,VILLA HERMOSA,01,VILLA HERMOSA,001,REPARTO TORRES,1,26,64,124,110,8.31
12,LA ROMANA,03,VILLA HERMOSA,01,VILLA HERMOSA,01,VILLA HERMOSA,002,EL PICAPIEDRA,262,1385,1591,620,1268,32.13
12,LA ROMANA,03,VILLA HERMOSA,01,VILLA HERMOSA,01,VILLA HERMOSA,018,VILLA HERMOSA,20,150,325,256,215,17.6
12,LA ROMANA,03,VILLA HERMOSA,01,VILLA HERMOSA,01,VILLA HERMOSA,014,LA PAZ,9,54,52,23,67,30.73
12,LA ROMANA,03,VILLA HERMOSA,01,VILLA HERMOSA,01,VILLA HERMOSA,012,RESIDENCIAL DON JUAN,0,0,0,2,15,0
12,LA ROMANA,03,VILLA HERMOSA,01,VILLA HERMOSA,01,VILLA HERMOSA,015,SINAÍ,1,5,8,15,15,13.64
12,LA ROMANA,03,VILLA HERMOSA,01,VILLA HERMOSA,01,VILLA HERMOSA,005,VILLA ZORRILLA,2,38,68,30,50,21.28
12,LA ROMANA,03,VILLA HERMOSA,01,VILLA HERMOSA,01,VILLA HERMOSA,004,PIEDRA LINDA,240,1116,1485,897,857,29.51
12,LA ROMANA,02,GUAYMATE,01,GUAYMATE,01,GUAYMATE,001,CENTRO DEL PUEBLO,96,216,189,119,214,37.41
12,LA ROMANA,02,GUAYMATE,01,GUAYMATE,01,GUAYMATE,003,HOYO DE HIGÜERO,28,58,15,2,25,67.19
12,LA ROMANA,02,GUAYMATE,01,GUAYMATE,01,GUAYMATE,004,LOS COCOS,134,320,137,39,228,52.91
12,LA ROMANA,02,GUAYMATE,01,GUAYMATE,01,GUAYMATE,005,EL TANQUE,6,38,51,19,16,33.85
12,LA ROMANA,02,GUAYMATE,01,GUAYMATE,01,GUAYMATE,006,PUEBLO NUEVO,49,96,68,52,89,40.96
12,LA ROMANA,02,GUAYMATE,01,GUAYMATE,01,GUAYMATE,002,LA PALMA,0,4,2,3,6,26.67
12,LA ROMANA,02,GUAYMATE,01,GUAYMATE,01,GUAYMATE,007,LA CONSTRUCCIÓN,1,24,24,3,6,43.1
12,LA ROMANA,03,VILLA HERMOSA,01,VILLA HERMOSA,01,VILLA HERMOSA,020,LOS MULOS,16,56,93,42,0,34.78
12,LA ROMANA,03,VILLA HERMOSA,01,VILLA HERMOSA,01,VILLA HERMOSA,019,LOS MAESTROS,2,18,38,95,69,9.01
12,LA ROMANA,01,LA ROMANA,01,LA ROMANA,01,LA ROMANA,036,RESIDENCIAL ROMANA DEL OESTE,0,0,16,17,0,0
11,LA ALTAGRACIA,02,SAN RAFAEL DEL YUMA,01,SAN RAFAEL DEL YUMA,01,SAN RAFAEL DEL YUMA,001,LAVADOR,46,223,158,50,107,46.06
11,LA ALTAGRACIA,02,SAN RAFAEL DEL YUMA,01,SAN RAFAEL DEL YUMA,01,SAN RAFAEL DEL YUMA,002,ALMA ROSA O EL BRONX,14,55,44,10,31,44.81
11,LA ALTAGRACIA,02,SAN RAFAEL DEL YUMA,01,SAN RAFAEL DEL YUMA,01,SAN RAFAEL DEL YUMA,003,LA LOMITA,27,58,44,16,41,45.7
11,LA ALTAGRACIA,02,SAN RAFAEL DEL YUMA,01,SAN RAFAEL DEL YUMA,01,SAN RAFAEL DEL YUMA,004,CENTRO DEL PUEBLO,1,19,28,18,18,23.81
11,LA ALTAGRACIA,02,SAN RAFAEL DEL YUMA,01,SAN RAFAEL DEL YUMA,01,SAN RAFAEL DEL YUMA,005,LA GALLERA O EL MULTIUSO,10,27,26,17,29,33.94
11,LA ALTAGRACIA,02,SAN RAFAEL DEL YUMA,01,SAN RAFAEL DEL YUMA,01,SAN RAFAEL DEL YUMA,006,LAS FLORES,12,43,49,40,28,31.98
11,LA ALTAGRACIA,02,SAN RAFAEL DEL YUMA,01,SAN RAFAEL DEL YUMA,01,SAN RAFAEL DEL YUMA,007,NUEVO,22,120,91,28,57,44.65
11,LA ALTAGRACIA,02,SAN RAFAEL DEL YUMA,01,SAN RAFAEL DEL YUMA,01,SAN RAFAEL DEL YUMA,008,LOS PROFESORES,7,31,33,62,28,23.6
11,LA ALTAGRACIA,02,SAN RAFAEL DEL YUMA,01,SAN RAFAEL DEL YUMA,01,SAN RAFAEL DEL YUMA,009,OSCAR,12,57,47,29,0,47.59
11,LA ALTAGRACIA,02,SAN RAFAEL DEL YUMA,01,SAN RAFAEL DEL YUMA,01,SAN RAFAEL DEL YUMA,010,INESPRE,11,61,58,37,32,36.18
11,LA ALTAGRACIA,02,SAN RAFAEL DEL YUMA,02,BOCA DE YUMA (D. M.).,01,BOCA DE YUMA,001,CENTRO DEL PUEBLO,16,99,75,19,0,55.02
11,LA ALTAGRACIA,02,SAN RAFAEL DEL YUMA,02,BOCA DE YUMA (D. M.).,01,BOCA DE YUMA,002,LOS COCOS,30,117,80,42,47,46.52
11,LA ALTAGRACIA,02,SAN RAFAEL DEL YUMA,03,BAYAHÍBE (D. M.).,01,BAYAHÍBE,001,CENTRO DEL PUEBLO BAYAHÍBE,8,24,13,7,83,23.7
11,LA ALTAGRACIA,02,SAN RAFAEL DEL YUMA,03,BAYAHÍBE (D. M.).,01,BAYAHÍBE,002,FLOR DE BAYAHÍBE,1,4,2,1,2,50
11,LA ALTAGRACIA,02,SAN RAFAEL DEL YUMA,03,BAYAHÍBE (D. M.).,01,BAYAHÍBE,003,LA BAHÍA,0,1,1,1,0,33.33
11,LA ALTAGRACIA,02,SAN RAFAEL DEL YUMA,03,BAYAHÍBE (D. M.).,01,BAYAHÍBE,004,LA PUNTA,1,0,0,0,0,100
11,LA ALTAGRACIA,02,SAN RAFAEL DEL YUMA,03,BAYAHÍBE (D. M.).,01,BAYAHÍBE,005,LA PLAYA,0,0,0,1,0,0
11,LA ALTAGRACIA,02,SAN RAFAEL DEL YUMA,01,SAN RAFAEL DEL YUMA,02,BOCA DE YUMA,008,LA GUARAPA,6,2,1,0,0,88.89
11,LA ALTAGRACIA,02,SAN RAFAEL DEL YUMA,01,SAN RAFAEL DEL YUMA,04,LA PIÑITA,003,BATEY GUÁZUMA,89,24,0,0,0,100
11,LA ALTAGRACIA,02,SAN RAFAEL DEL YUMA,01,SAN RAFAEL DEL YUMA,03,GATO,013,BATEY LAS CEJAS,31,8,0,0,0,100
11,LA ALTAGRACIA,02,SAN RAFAEL DEL YUMA,03,BAYAHÍBE (D. M.).,02,BAYAHÍBE,003,BOCA DE CHAVÓN,81,102,9,3,87,64.89
11,LA ALTAGRACIA,02,SAN RAFAEL DEL YUMA,03,BAYAHÍBE (D. M.).,02,BAYAHÍBE,002,LA BOTIJUELA,18,39,8,3,16,67.86
11,LA ALTAGRACIA,02,SAN RAFAEL DEL YUMA,03,BAYAHÍBE (D. M.).,02,BAYAHÍBE,001,VALLE DE LA ORQUESTA,1,0,0,0,10,9.09
11,LA ALTAGRACIA,02,SAN RAFAEL DEL YUMA,01,SAN RAFAEL DEL YUMA,03,GATO,010,MAROTA,0,0,1,0,28,0
11,LA ALTAGRACIA,02,SAN RAFAEL DEL YUMA,01,SAN RAFAEL DEL YUMA,03,GATO,007,EL GUAYACÁN,0,0,0,0,2,0
11,LA ALTAGRACIA,02,SAN RAFAEL DEL YUMA,01,SAN RAFAEL DEL YUMA,03,GATO,011,LOS CINCO CAMINOS,3,1,1,0,0,80
11,LA ALTAGRACIA,02,SAN RAFAEL DEL YUMA,03,BAYAHÍBE (D. M.).,02,BAYAHÍBE,008,DOMINICUS,0,1,1,1,0,33.33
11,LA ALTAGRACIA,02,SAN RAFAEL DEL YUMA,01,SAN RAFAEL DEL YUMA,02,BOCA DE YUMA,004,LEONARDO (EL BAÑADERO),0,1,2,1,0,25
11,LA ALTAGRACIA,02,SAN RAFAEL DEL YUMA,01,SAN RAFAEL DEL YUMA,02,BOCA DE YUMA,005,EL GUANO (LOS YAGRUMOS),23,61,9,2,0,88.42
11,LA ALTAGRACIA,02,SAN RAFAEL DEL YUMA,01,SAN RAFAEL DEL YUMA,03,GATO,005,NAZARIO,0,0,0,0,5,0
11,LA ALTAGRACIA,02,SAN RAFAEL DEL YUMA,01,SAN RAFAEL DEL YUMA,03,GATO,015,SANTA CRUZ DE GATO,9,31,6,3,21,57.14
11,LA ALTAGRACIA,02,SAN RAFAEL DEL YUMA,01,SAN RAFAEL DEL YUMA,03,GATO,020,HATO BONITO,0,0,1,0,0,0
11,LA ALTAGRACIA,02,SAN RAFAEL DEL YUMA,01,SAN RAFAEL DEL YUMA,03,GATO,003,EL JUNCO,3,1,0,0,1,80
11,LA ALTAGRACIA,02,SAN RAFAEL DEL YUMA,02,BOCA DE YUMA (D. M.).,02,BOCA DE YUMA,006,LA BRUJA,6,0,0,0,0,100
11,LA ALTAGRACIA,02,SAN RAFAEL DEL YUMA,01,SAN RAFAEL DEL YUMA,02,BOCA DE YUMA,020,CABO SAN RAFAEL,0,2,0,0,0,100
11,LA ALTAGRACIA,02,SAN RAFAEL DEL YUMA,01,SAN RAFAEL DEL YUMA,04,LA PIÑITA,014,LA CRUZ DE LOS RONDONES,9,30,7,0,0,84.78
11,LA ALTAGRACIA,02,SAN RAFAEL DEL YUMA,01,SAN RAFAEL DEL YUMA,04,LA PIÑITA,002,LA GUÁZUMA,0,2,0,0,0,100
11,LA ALTAGRACIA,02,SAN RAFAEL DEL YUMA,01,SAN RAFAEL DEL YUMA,04,LA PIÑITA,004,BATEY 412,32,11,0,0,0,100
11,LA ALTAGRACIA,02,SAN RAFAEL DEL YUMA,01,SAN RAFAEL DEL YUMA,04,LA PIÑITA,005,LA PIÑITA,38,4,0,0,140,23.08
11,LA ALTAGRACIA,02,SAN RAFAEL DEL YUMA,01,SAN RAFAEL DEL YUMA,04,LA PIÑITA,006,LOS VALLES,0,0,1,0,0,0
11,LA ALTAGRACIA,02,SAN RAFAEL DEL YUMA,01,SAN RAFAEL DEL YUMA,04,LA PIÑITA,008,GUAITABÓN,0,1,0,0,0,100
11,LA ALTAGRACIA,02,SAN RAFAEL DEL YUMA,01,SAN RAFAEL DEL YUMA,04,LA PIÑITA,007,LOS CHARCOS,8,8,1,0,0,94.12
11,LA ALTAGRACIA,02,SAN RAFAEL DEL YUMA,01,SAN RAFAEL DEL YUMA,02,BOCA DE YUMA,002,CAÑO PRIETO O LA JARDITA,0,0,1,0,0,0
11,LA ALTAGRACIA,02,SAN RAFAEL DEL YUMA,01,SAN RAFAEL DEL YUMA,02,BOCA DE YUMA,007,GUANO O LOS MUERTOS,2,5,3,1,0,63.64
11,LA ALTAGRACIA,02,SAN RAFAEL DEL YUMA,01,SAN RAFAEL DEL YUMA,02,BOCA DE YUMA,012,EL CARRIL,3,6,3,0,0,75
11,LA ALTAGRACIA,02,SAN RAFAEL DEL YUMA,01,SAN RAFAEL DEL YUMA,02,BOCA DE YUMA,013,EL CASCAJAL,14,25,7,0,0,84.78
11,LA ALTAGRACIA,02,SAN RAFAEL DEL YUMA,01,SAN RAFAEL DEL YUMA,02,BOCA DE YUMA,001,EL NARANJO (NARANJAL),1,2,0,0,0,100
11,LA ALTAGRACIA,02,SAN RAFAEL DEL YUMA,01,SAN RAFAEL DEL YUMA,02,BOCA DE YUMA,003,EL JOBITO,13,23,6,0,0,85.71
11,LA ALTAGRACIA,02,SAN RAFAEL DEL YUMA,01,SAN RAFAEL DEL YUMA,02,BOCA DE YUMA,018,CENTRAL ROMANA,1,0,0,1,0,50
11,LA ALTAGRACIA,02,SAN RAFAEL DEL YUMA,01,SAN RAFAEL DEL YUMA,03,GATO,019,BENERITO,127,401,225,61,396,43.64
11,LA ALTAGRACIA,02,SAN RAFAEL DEL YUMA,01,SAN RAFAEL DEL YUMA,03,GATO,017,BALLESTERO,0,3,0,0,0,100
11,LA ALTAGRACIA,02,SAN RAFAEL DEL YUMA,01,SAN RAFAEL DEL YUMA,03,GATO,016,CAÑADA DE LA JINA,2,1,0,0,7,30
11,LA ALTAGRACIA,02,SAN RAFAEL DEL YUMA,01,SAN RAFAEL DEL YUMA,03,GATO,002,BATEY CUESTA CARIBE,3,22,8,2,3,65.79
11,LA ALTAGRACIA,02,SAN RAFAEL DEL YUMA,01,SAN RAFAEL DEL YUMA,02,BOCA DE YUMA,016,LOS NEGROS,31,34,8,0,0,89.04
11,LA ALTAGRACIA,02,SAN RAFAEL DEL YUMA,02,BOCA DE YUMA (D. M.).,02,BOCA DE YUMA,009,LA CUEVA,6,4,0,0,0,100
11,LA ALTAGRACIA,02,SAN RAFAEL DEL YUMA,02,BOCA DE YUMA (D. M.).,02,BOCA DE YUMA,008,BOCA DE YUMA (RURAL),3,7,10,1,0,47.62
11,LA ALTAGRACIA,02,SAN RAFAEL DEL YUMA,01,SAN RAFAEL DEL YUMA,03,GATO,001,BATEY RAMÓN GORDO,0,2,8,0,0,20
11,LA ALTAGRACIA,02,SAN RAFAEL DEL YUMA,01,SAN RAFAEL DEL YUMA,04,LA PIÑITA,015,CRUCE DE LA PIÑITA,48,6,1,0,0,98.18
11,LA ALTAGRACIA,02,SAN RAFAEL DEL YUMA,01,SAN RAFAEL DEL YUMA,04,LA PIÑITA,009,BATEY PALO BONITO,400,52,5,1,0,98.69
11,LA ALTAGRACIA,02,SAN RAFAEL DEL YUMA,03,BAYAHÍBE (D. M.).,02,BAYAHÍBE,006,PADRE NUESTRO,1,1,1,0,0,66.67
11,LA ALTAGRACIA,02,SAN RAFAEL DEL YUMA,03,BAYAHÍBE (D. M.).,02,BAYAHÍBE,009,EL VALLE FRANCÉS,0,1,0,0,0,100
11,LA ALTAGRACIA,02,SAN RAFAEL DEL YUMA,01,SAN RAFAEL DEL YUMA,02,BOCA DE YUMA,009,AGAPITO,2,1,0,0,0,100
11,LA ALTAGRACIA,02,SAN RAFAEL DEL YUMA,01,SAN RAFAEL DEL YUMA,03,GATO,021,BATEY MAGDALENA,35,51,20,2,0,79.63
11,LA ALTAGRACIA,02,SAN RAFAEL DEL YUMA,01,SAN RAFAEL DEL YUMA,04,LA PIÑITA,012,BATEY MARAGUA,149,4,0,0,0,100
11,LA ALTAGRACIA,02,SAN RAFAEL DEL YUMA,01,SAN RAFAEL DEL YUMA,04,LA PIÑITA,011,BATEY LOS TOCONES,143,4,0,0,0,100
11,LA ALTAGRACIA,02,SAN RAFAEL DEL YUMA,01,SAN RAFAEL DEL YUMA,04,LA PIÑITA,010,BATEY LOS HIGOS,1,0,0,0,0,100
11,LA ALTAGRACIA,02,SAN RAFAEL DEL YUMA,02,BOCA DE YUMA (D. M.).,02,BOCA DE YUMA,002,ATAJADIZO,0,1,0,0,0,100
11,LA ALTAGRACIA,02,SAN RAFAEL DEL YUMA,02,BOCA DE YUMA (D. M.).,02,BOCA DE YUMA,001,LAS PLAYITAS,8,19,4,1,0,84.38
11,LA ALTAGRACIA,02,SAN RAFAEL DEL YUMA,01,SAN RAFAEL DEL YUMA,03,GATO,018,EL LIMÓN,0,3,3,0,1,42.86
32,SANTO DOMINGO,03,SANTO DOMINGO NORTE,01,SANTO DOMINGO NORTE,06,LA JAGUA,007,LOS COCOS,0,0,0,0,0,0
32,SANTO DOMINGO,03,SANTO DOMINGO NORTE,01,SANTO DOMINGO NORTE,06,LA JAGUA,008,LOS PERALEJOS,0,0,0,0,0,0
32,SANTO DOMINGO,03,SANTO DOMINGO NORTE,02,LA VICTORIA (D. M.).,04,MATA MAMÓN,008,LOS GENARO,0,0,0,0,0,0
32,SANTO DOMINGO,03,SANTO DOMINGO NORTE,02,LA VICTORIA (D. M.).,04,MATA MAMÓN,002,SAN MATEO,0,0,0,0,0,0
32,SANTO DOMINGO,03,SANTO DOMINGO NORTE,02,LA VICTORIA (D. M.).,04,MATA MAMÓN,009,EL SIETE,0,0,0,0,0,0
32,SANTO DOMINGO,03,SANTO DOMINGO NORTE,02,LA VICTORIA (D. M.).,04,MATA MAMÓN,007,LOS ROSARIO,0,0,0,0,0,0
32,SANTO DOMINGO,03,SANTO DOMINGO NORTE,02,LA VICTORIA (D. M.).,04,MATA MAMÓN,006,RINCÓN DORADO,0,0,0,0,0,0
32,SANTO DOMINGO,03,SANTO DOMINGO NORTE,02,LA VICTORIA (D. M.).,04,MATA MAMÓN,003,LA GUABINA,0,0,0,0,0,0
32,SANTO DOMINGO,04,BOCA CHICA,01,BOCA CHICA,03,LA MALENA,004,LA CIGUAPA,0,0,0,0,0,0
32,SANTO DOMINGO,07,PEDRO BRAND,03,LA CUABA (D. M.).,04,EL LIMÓN,004,EL CACHÓN,0,0,0,0,0,0
32,SANTO DOMINGO,07,PEDRO BRAND,03,LA CUABA (D. M.).,04,EL LIMÓN,014,LOS PILONES O LOS PILARES,0,0,0,0,0,0
32,SANTO DOMINGO,07,PEDRO BRAND,01,PEDRO BRAND,06,FRASQUITO GÓMEZ,002,EL PUERTO,0,0,0,0,0,0
32,SANTO DOMINGO,07,PEDRO BRAND,03,LA CUABA (D. M.).,04,EL LIMÓN,013,LA MALENA,0,0,0,0,0,0
32,SANTO DOMINGO,05,SAN ANTONIO DE GUERRA,02,HATO VIEJO (D. M.).,04,ESTORGA,006,LOS URBANOS,0,0,0,0,0,0
01,DISTRITO NACIONAL,01,SANTO DOMINGO DE GUZMÁN,01,SANTO DOMINGO DE GUZMÁN,01,SANTO DOMINGO DE GUZMÁN,070,SAN DIEGO,0,0,0,0,0,0
21,SAN CRISTÓBAL,01,SAN CRISTÓBAL,01,SAN CRISTÓBAL,04,INGENIO NUEVO,011,SABANA AL MEDIO,0,0,0,0,0,0
21,SAN CRISTÓBAL,01,SAN CRISTÓBAL,02,HATO DAMAS (D. M.).,02,LOS MONTONES,005,INGENGE,0,0,0,0,0,0
21,SAN CRISTÓBAL,01,SAN CRISTÓBAL,02,HATO DAMAS (D. M.).,05,JAMEY,008,LOS ARROYONES,0,0,0,0,0,0
21,SAN CRISTÓBAL,02,SABANA GRANDE DE PALENQUE,01,SABANA GRANDE DE PALENQUE,02,JUAN BARÓN,004,LA GUAMA,0,0,0,0,0,0
21,SAN CRISTÓBAL,06,YAGUATE,01,YAGUATE,02,LAS GALLARDAS,009,TÍO LORENZO,0,0,0,0,0,0
21,SAN CRISTÓBAL,06,YAGUATE,01,YAGUATE,03,NAJAYO EN MEDIO,014,LA VACA,0,0,0,0,0,0
21,SAN CRISTÓBAL,06,YAGUATE,01,YAGUATE,04,MANÁ DE YAGUATE,003,LA MANCHA,0,0,0,0,0,0
21,SAN CRISTÓBAL,08,LOS CACAOS,01,LOS CACAOS,03,LOS NARANJOS,012,LOS CAÑOS,0,0,0,0,0,0
21,SAN CRISTÓBAL,08,LOS CACAOS,01,LOS CACAOS,03,LOS NARANJOS,018,SILLONCITO,0,0,0,0,0,0
21,SAN CRISTÓBAL,08,LOS CACAOS,01,LOS CACAOS,04,CALDERÓN,001,EL VALLE,0,0,0,0,0,0
21,SAN CRISTÓBAL,04,CAMBITA GARABITOS,01,CAMBITA GARABITOS,05,LOS MANANTIALES,006,EL ZUMBÍ MANTECA,0,0,0,0,0,0
21,SAN CRISTÓBAL,04,CAMBITA GARABITOS,01,CAMBITA GARABITOS,05,LOS MANANTIALES,013,LOMA LA TASAJERA,0,0,0,0,0,0
21,SAN CRISTÓBAL,04,CAMBITA GARABITOS,01,CAMBITA GARABITOS,05,LOS MANANTIALES,015,EL JOBO,0,0,0,0,0,0
21,SAN CRISTÓBAL,04,CAMBITA GARABITOS,01,CAMBITA GARABITOS,05,LOS MANANTIALES,011,LA RINCONADA,0,0,0,0,0,0
21,SAN CRISTÓBAL,04,CAMBITA GARABITOS,01,CAMBITA GARABITOS,06,EL TABLAZO,017,HONDO VALLE,0,0,0,0,0,0
21,SAN CRISTÓBAL,04,CAMBITA GARABITOS,01,CAMBITA GARABITOS,06,EL TABLAZO,006,LAS ENEAS,0,0,0,0,0,0
21,SAN CRISTÓBAL,04,CAMBITA GARABITOS,02,CAMBITA EL PUEBLECITO (D. M.).,02,LLANADA GRANDE,005,LA JAGÜITA,0,0,0,0,0,0
21,SAN CRISTÓBAL,04,CAMBITA GARABITOS,02,CAMBITA EL PUEBLECITO (D. M.).,02,LLANADA GRANDE,007,CAÑADA DE LA VACA,0,0,0,0,0,0
21,SAN CRISTÓBAL,05,VILLA ALTAGRACIA,01,VILLA ALTAGRACIA,02,CATAREY,004,LOMA VIEJA,0,0,0,0,0,0
21,SAN CRISTÓBAL,05,VILLA ALTAGRACIA,01,VILLA ALTAGRACIA,03,MANÁ DE HAINA,020,MONTE BONITO,0,0,0,0,0,0
21,SAN CRISTÓBAL,05,VILLA ALTAGRACIA,01,VILLA ALTAGRACIA,03,MANÁ DE HAINA,014,GUARDARRAYA DE NAIBOA,0,0,0,0,0,0
21,SAN CRISTÓBAL,05,VILLA ALTAGRACIA,01,VILLA ALTAGRACIA,03,MANÁ DE HAINA,021,DERRUMBADERO,0,0,0,0,0,0
21,SAN CRISTÓBAL,05,VILLA ALTAGRACIA,01,VILLA ALTAGRACIA,03,MANÁ DE HAINA,008,LA CELESTINA,0,0,0,0,0,0
21,SAN CRISTÓBAL,05,VILLA ALTAGRACIA,01,VILLA ALTAGRACIA,03,MANÁ DE HAINA,022,HIGÜERITO,0,0,0,0,0,0
21,SAN CRISTÓBAL,05,VILLA ALTAGRACIA,01,VILLA ALTAGRACIA,03,MANÁ DE HAINA,023,FINQUITA,0,0,0,0,0,0
21,SAN CRISTÓBAL,05,VILLA ALTAGRACIA,02,SAN JOSÉ DEL PUERTO (D. M.).,02,BÁSIMA,008,LA CUEVA DEL DUEY,0,0,0,0,0,0
21,SAN CRISTÓBAL,05,VILLA ALTAGRACIA,02,SAN JOSÉ DEL PUERTO (D. M.).,02,BÁSIMA,006,COME HOMBRE,0,0,0,0,0,0
21,SAN CRISTÓBAL,05,VILLA ALTAGRACIA,02,SAN JOSÉ DEL PUERTO (D. M.).,02,BÁSIMA,007,EL DUEY,0,0,0,0,0,0
21,SAN CRISTÓBAL,05,VILLA ALTAGRACIA,02,SAN JOSÉ DEL PUERTO (D. M.).,03,LOS MOGOTES,002,BLANCO,0,0,0,0,0,0
21,SAN CRISTÓBAL,05,VILLA ALTAGRACIA,03,MEDINA (D. M.).,03,EL PEDRERO,006,EL LIMÓN,0,0,0,0,0,0
21,SAN CRISTÓBAL,05,VILLA ALTAGRACIA,03,MEDINA (D. M.).,03,EL PEDRERO,003,GUANABANITO,0,0,0,0,0,0
21,SAN CRISTÓBAL,05,VILLA ALTAGRACIA,04,LA CUCHILLA (D. M.).,02,LA CUCHILLA,002,LA PIÑA,0,0,0,0,0,0
21,SAN CRISTÓBAL,05,VILLA ALTAGRACIA,04,LA CUCHILLA (D. M.).,04,EL CAOBAL,002,LOS HOYOS,0,0,0,0,0,0
21,SAN CRISTÓBAL,05,VILLA ALTAGRACIA,04,LA CUCHILLA (D. M.).,04,EL CAOBAL,006,EL MARICAO,0,0,0,0,0,0
21,SAN CRISTÓBAL,05,VILLA ALTAGRACIA,04,LA CUCHILLA (D. M.).,05,EL CIDRAL,007,LOMA DE LOS MAJAGUALES,0,0,0,0,0,0
21,SAN CRISTÓBAL,05,VILLA ALTAGRACIA,04,LA CUCHILLA (D. M.).,05,EL CIDRAL,006,TERRENO DEL ESTADO,0,0,0,0,0,0
21,SAN CRISTÓBAL,05,VILLA ALTAGRACIA,04,LA CUCHILLA (D. M.).,05,EL CIDRAL,005,BLANCO CAOBAL,0,0,0,0,0,0
21,SAN CRISTÓBAL,05,VILLA ALTAGRACIA,04,LA CUCHILLA (D. M.).,06,EL CIDRAL (LA REPRESA),004,HIGÜERITO,0,0,0,0,0,0
21,SAN CRISTÓBAL,05,VILLA ALTAGRACIA,04,LA CUCHILLA (D. M.).,06,EL CIDRAL (LA REPRESA),002,BLANCO MAJAGUA,0,0,0,0,0,0
11,LA ALTAGRACIA,01,HIGÜEY,01,HIGÜEY,04,JINA JARAGUA,035,HOYO CLARO,0,0,0,0,0,0
11,LA ALTAGRACIA,01,HIGÜEY,01,HIGÜEY,04,JINA JARAGUA,044,LA JARDITA,0,0,0,0,0,0
11,LA ALTAGRACIA,01,HIGÜEY,01,HIGÜEY,04,JINA JARAGUA,028,EL TAPIÓN,0,0,0,0,0,0
11,LA ALTAGRACIA,01,HIGÜEY,01,HIGÜEY,04,JINA JARAGUA,027,COLORADO,0,0,0,0,0,0
11,LA ALTAGRACIA,01,HIGÜEY,01,HIGÜEY,04,JINA JARAGUA,029,JOSÉ LETA,0,0,0,0,0,0
11,LA ALTAGRACIA,01,HIGÜEY,01,HIGÜEY,04,JINA JARAGUA,037,LOS COROZOS,0,0,0,0,0,0
11,LA ALTAGRACIA,01,HIGÜEY,01,HIGÜEY,04,JINA JARAGUA,007,OJO DE AGUA,0,0,0,0,0,0
11,LA ALTAGRACIA,01,HIGÜEY,01,HIGÜEY,04,JINA JARAGUA,003,MONTE CLARO,0,0,0,0,0,0
11,LA ALTAGRACIA,01,HIGÜEY,01,HIGÜEY,04,JINA JARAGUA,016,BATEY LOS LIRIOS,0,0,0,0,0,0
11,LA ALTAGRACIA,01,HIGÜEY,01,HIGÜEY,04,JINA JARAGUA,018,LA LADRILLADA,0,0,0,0,0,0
11,LA ALTAGRACIA,01,HIGÜEY,01,HIGÜEY,03,SANTANA,044,LAS ESTANCIAS,0,0,0,0,0,0
11,LA ALTAGRACIA,01,HIGÜEY,02,LAS LAGUNAS DE NISIBÓN (D. M.).,03,EL BARRERO,011,PUNTA DE COCO,0,0,0,0,0,0
11,LA ALTAGRACIA,01,HIGÜEY,01,HIGÜEY,05,LOS RÍOS,022,VIEJO GOYO,0,0,0,0,0,0
11,LA ALTAGRACIA,01,HIGÜEY,01,HIGÜEY,05,LOS RÍOS,021,ARROYO GRANDE,0,0,0,0,0,0
11,LA ALTAGRACIA,01,HIGÜEY,01,HIGÜEY,05,LOS RÍOS,019,LAS ABRAS,0,0,0,0,0,0
11,LA ALTAGRACIA,01,HIGÜEY,01,HIGÜEY,05,LOS RÍOS,024,SERRA O CERRADA,0,0,0,0,0,0
11,LA ALTAGRACIA,01,HIGÜEY,01,HIGÜEY,03,SANTANA,051,EL CAIMITO,0,0,0,0,0,0
11,LA ALTAGRACIA,01,HIGÜEY,01,HIGÜEY,03,SANTANA,041,LOS TOMATES,0,0,0,0,0,0
11,LA ALTAGRACIA,01,HIGÜEY,01,HIGÜEY,03,SANTANA,052,LOS CARPINTEROS,0,0,0,0,0,0
11,LA ALTAGRACIA,01,HIGÜEY,01,HIGÜEY,03,SANTANA,048,LAS AUYAMAS,0,0,0,0,0,0
11,LA ALTAGRACIA,01,HIGÜEY,01,HIGÜEY,03,SANTANA,035,AHOGA PERRO,0,0,0,0,0,0
11,LA ALTAGRACIA,01,HIGÜEY,01,HIGÜEY,03,SANTANA,003,LA REJOLLA,0,0,0,0,0,0
11,LA ALTAGRACIA,01,HIGÜEY,01,HIGÜEY,04,JINA JARAGUA,043,BATEY LOS CAÑOS,0,0,0,0,0,0
11,LA ALTAGRACIA,01,HIGÜEY,01,HIGÜEY,04,JINA JARAGUA,033,EL 25 (EL QUEMADO),0,0,0,0,0,0
11,LA ALTAGRACIA,01,HIGÜEY,01,HIGÜEY,04,JINA JARAGUA,013,PILETA VERDE,0,0,0,0,0,0
11,LA ALTAGRACIA,01,HIGÜEY,03,LA OTRA BANDA (D. M.).,04,CRUZ DE ISLEÑO,003,PINTA PICO,0,0,0,0,0,0
11,LA ALTAGRACIA,01,HIGÜEY,03,LA OTRA BANDA (D. M.).,03,DUYEY,003,EL PLACER,0,0,0,0,0,0
11,LA ALTAGRACIA,01,HIGÜEY,03,LA OTRA BANDA (D. M.).,04,CRUZ DE ISLEÑO,008,LAS CEJAS,0,0,0,0,0,0
11,LA ALTAGRACIA,01,HIGÜEY,03,LA OTRA BANDA (D. M.).,04,CRUZ DE ISLEÑO,024,BATEY MIRADOR,0,0,0,0,0,0
11,LA ALTAGRACIA,01,HIGÜEY,03,LA OTRA BANDA (D. M.).,02,EL BONAO,005,HOYO CAMPO,0,0,0,0,0,0
11,LA ALTAGRACIA,01,HIGÜEY,01,HIGÜEY,03,SANTANA,027,EL PUERTO,0,0,0,0,0,0
11,LA ALTAGRACIA,01,HIGÜEY,02,LAS LAGUNAS DE NISIBÓN (D. M.).,03,EL BARRERO,008,LOS BAJOS DE MAIMÓN,0,0,0,0,0,0
11,LA ALTAGRACIA,01,HIGÜEY,02,LAS LAGUNAS DE NISIBÓN (D. M.).,03,EL BARRERO,015,LA CULATA,0,0,0,0,0,0
11,LA ALTAGRACIA,01,HIGÜEY,02,LAS LAGUNAS DE NISIBÓN (D. M.).,03,EL BARRERO,007,EL GUAYABO,0,0,0,0,0,0
11,LA ALTAGRACIA,01,HIGÜEY,02,LAS LAGUNAS DE NISIBÓN (D. M.).,03,EL BARRERO,009,CHIRINO O HIMIRO,0,0,0,0,0,0
11,LA ALTAGRACIA,01,HIGÜEY,02,LAS LAGUNAS DE NISIBÓN (D. M.).,03,EL BARRERO,016,CUERECITO,0,0,0,0,0,0
11,LA ALTAGRACIA,01,HIGÜEY,02,LAS LAGUNAS DE NISIBÓN (D. M.).,03,EL BARRERO,014,PALO AMARGO,0,0,0,0,0,0
11,LA ALTAGRACIA,01,HIGÜEY,02,LAS LAGUNAS DE NISIBÓN (D. M.).,04,LAS GUAMAS,004,LOS MOGOTES,0,0,0,0,0,0
11,LA ALTAGRACIA,01,HIGÜEY,02,LAS LAGUNAS DE NISIBÓN (D. M.).,04,LAS GUAMAS,008,EL HIGÜERO,0,0,0,0,0,0
11,LA ALTAGRACIA,01,HIGÜEY,01,HIGÜEY,03,SANTANA,050,BOCA DE GUANCHE,0,0,0,0,0,0
11,LA ALTAGRACIA,01,HIGÜEY,02,LAS LAGUNAS DE NISIBÓN (D. M.).,03,EL BARRERO,003,LOS YAGRUMOS,0,0,0,0,0,0
11,LA ALTAGRACIA,01,HIGÜEY,03,LA OTRA BANDA (D. M.).,03,DUYEY,006,LA RINCONADA,0,0,0,0,0,0
11,LA ALTAGRACIA,01,HIGÜEY,02,LAS LAGUNAS DE NISIBÓN (D. M.).,02,CAÑADA HONDA,004,LA CULATICA,0,0,0,0,0,0
11,LA ALTAGRACIA,01,HIGÜEY,02,LAS LAGUNAS DE NISIBÓN (D. M.).,02,CAÑADA HONDA,011,ARROYO RANCHO,0,0,0,0,0,0
11,LA ALTAGRACIA,01,HIGÜEY,02,LAS LAGUNAS DE NISIBÓN (D. M.).,02,CAÑADA HONDA,009,LA TRANQUERA,0,0,0,0,0,0
11,LA ALTAGRACIA,01,HIGÜEY,02,LAS LAGUNAS DE NISIBÓN (D. M.).,04,LAS GUAMAS,003,EL ALGARROBO,0,0,0,0,0,0
11,LA ALTAGRACIA,01,HIGÜEY,02,LAS LAGUNAS DE NISIBÓN (D. M.).,04,LAS GUAMAS,011,LAS CABIRMAS,0,0,0,0,0,0
11,LA ALTAGRACIA,01,HIGÜEY,02,LAS LAGUNAS DE NISIBÓN (D. M.).,04,LAS GUAMAS,009,LA JABILLA,0,0,0,0,0,0
11,LA ALTAGRACIA,01,HIGÜEY,02,LAS LAGUNAS DE NISIBÓN (D. M.).,04,LAS GUAMAS,010,EL JOBO,0,0,0,0,0,0
11,LA ALTAGRACIA,01,HIGÜEY,01,HIGÜEY,03,SANTANA,032,CONGO,0,0,0,0,0,0
11,LA ALTAGRACIA,01,HIGÜEY,01,HIGÜEY,02,BEJUCAL,028,POTRERO CENTRAL ROMANA,0,0,0,0,0,0
11,LA ALTAGRACIA,01,HIGÜEY,01,HIGÜEY,01,SALVALEÓN DE HIGÜEY,039,URBANIZACIÓN CAMELIA CARABALLO,0,0,0,0,0,0
11,LA ALTAGRACIA,01,HIGÜEY,04,VERÓN PUNTA CANA (D. M.).,02,JUANILLO,002,EL SUERO,0,0,0,0,0,0
11,LA ALTAGRACIA,01,HIGÜEY,04,VERÓN PUNTA CANA (D. M.).,02,JUANILLO,003,ARRAIJÁN,0,0,0,0,0,0
11,LA ALTAGRACIA,01,HIGÜEY,04,VERÓN PUNTA CANA (D. M.).,03,EL SALADO,013,MARICAO (EL JOBOVÁN),0,0,0,0,0,0
11,LA ALTAGRACIA,01,HIGÜEY,04,VERÓN PUNTA CANA (D. M.).,03,EL SALADO,002,JOSÉ LEÓN,0,0,0,0,0,0
11,LA ALTAGRACIA,01,HIGÜEY,04,VERÓN PUNTA CANA (D. M.).,03,EL SALADO,026,EL ALEMÁN,0,0,0,0,0,0
11,LA ALTAGRACIA,01,HIGÜEY,04,VERÓN PUNTA CANA (D. M.).,03,EL SALADO,025,SABANA DE LOS MARTÍNEZ,0,0,0,0,0,0
11,LA ALTAGRACIA,01,HIGÜEY,04,VERÓN PUNTA CANA (D. M.).,02,JUANILLO,009,LA SALINA,0,0,0,0,0,0
11,LA ALTAGRACIA,01,HIGÜEY,04,VERÓN PUNTA CANA (D. M.).,02,JUANILLO,012,CABO SAN RAFAEL,0,0,0,0,0,0
11,LA ALTAGRACIA,01,HIGÜEY,04,VERÓN PUNTA CANA (D. M.).,02,JUANILLO,011,LA CURVA O LA CULATA,0,0,0,0,0,0
11,LA ALTAGRACIA,01,HIGÜEY,04,VERÓN PUNTA CANA (D. M.).,02,JUANILLO,014,CARACOLITO,0,0,0,0,0,0
11,LA ALTAGRACIA,01,HIGÜEY,04,VERÓN PUNTA CANA (D. M.).,02,JUANILLO,005,BORRACHON,0,0,0,0,0,0
11,LA ALTAGRACIA,01,HIGÜEY,04,VERÓN PUNTA CANA (D. M.).,02,JUANILLO,008,LA TROCHA,0,0,0,0,0,0
12,LA ROMANA,02,GUAYMATE,01,GUAYMATE,02,HIGÜERAL,002,PLACER BONITO,0,0,0,0,0,0
12,LA ROMANA,01,LA ROMANA,01,LA ROMANA,02,ALETÓN,017,BATEY CULEBRA,0,0,0,0,0,0
12,LA ROMANA,01,LA ROMANA,01,LA ROMANA,02,ALETÓN,018,BATEY MOSQUITO 204,0,0,0,0,0,0
12,LA ROMANA,01,LA ROMANA,01,LA ROMANA,02,ALETÓN,001,MIRAPATO,0,0,0,0,0,0
12,LA ROMANA,02,GUAYMATE,01,GUAYMATE,02,HIGÜERAL,004,PUNTO FIJO,0,0,0,0,0,0
12,LA ROMANA,02,GUAYMATE,01,GUAYMATE,02,HIGÜERAL,015,BATEY EL 4,0,0,0,0,0,0
12,LA ROMANA,02,GUAYMATE,01,GUAYMATE,02,HIGÜERAL,017,BATEY ESPINILLO,0,0,0,0,0,0
12,LA ROMANA,02,GUAYMATE,01,GUAYMATE,03,SABANA,013,BATEY PULGUERO,0,0,0,0,0,0
12,LA ROMANA,02,GUAYMATE,01,GUAYMATE,03,SABANA,028,ALETÓN,0,0,0,0,0,0
12,LA ROMANA,02,GUAYMATE,01,GUAYMATE,02,HIGÜERAL,029,CHUCHO DE CHICHÍ,0,0,0,0,0,0
12,LA ROMANA,03,VILLA HERMOSA,02,CUMAYASA (D. M.).,02,CUMAYASA,012,EL MANGUITO,0,0,0,0,0,0
12,LA ROMANA,02,GUAYMATE,01,GUAYMATE,02,HIGÜERAL,003,MATA HOMBRE,0,0,0,0,0,0
12,LA ROMANA,02,GUAYMATE,01,GUAYMATE,03,SABANA,026,EL ARCA,0,0,0,0,0,0
12,LA ROMANA,02,GUAYMATE,01,GUAYMATE,03,SABANA,022,BATEY SABANA DE CHAVÓN,0,0,0,0,0,0
12,LA ROMANA,02,GUAYMATE,01,GUAYMATE,03,SABANA,024,CERROS DE CHAVÓN,0,0,0,0,0,0
12,LA ROMANA,02,GUAYMATE,01,GUAYMATE,03,SABANA,005,BATEY SAN ISIDRO,0,0,0,0,0,0
12,LA ROMANA,01,LA ROMANA,01,LA ROMANA,02,ALETÓN,021,ISLA CATALINA,0,0,0,0,0,0
12,LA ROMANA,02,GUAYMATE,01,GUAYMATE,03,SABANA,008,BATEY AMÉRICA - EL QUEMADO,0,0,0,0,0,0
12,LA ROMANA,02,GUAYMATE,01,GUAYMATE,03,SABANA,006,BATEY LA ALTAGRACIA,0,0,0,0,0,0
12,LA ROMANA,02,GUAYMATE,01,GUAYMATE,03,SABANA,004,BATEY BOBITO,0,0,0,0,0,0
12,LA ROMANA,02,GUAYMATE,01,GUAYMATE,03,SABANA,029,BATEY 205,0,0,0,0,0,0
12,LA ROMANA,02,GUAYMATE,01,GUAYMATE,03,SABANA,032,BATEY NUEVO,0,0,0,0,0,0
12,LA ROMANA,02,GUAYMATE,01,GUAYMATE,03,SABANA,011,LOS BERROA,0,0,0,0,0,0
12,LA ROMANA,01,LA ROMANA,01,LA ROMANA,02,ALETÓN,008,BATEY LITHGOW,0,0,0,0,0,0
12,LA ROMANA,01,LA ROMANA,01,LA ROMANA,02,ALETÓN,010,RANCHO VIEJO,0,0,0,0,0,0
12,LA ROMANA,01,LA ROMANA,01,LA ROMANA,02,ALETÓN,011,MARÍA BONITA,0,0,0,0,0,0
12,LA ROMANA,03,VILLA HERMOSA,02,CUMAYASA (D. M.).,02,CUMAYASA,014,ESPINILLA,0,0,0,0,0,0
12,LA ROMANA,01,LA ROMANA,01,LA ROMANA,02,ALETÓN,020,LOS CAJUILES,0,0,0,0,0,0
12,LA ROMANA,01,LA ROMANA,01,LA ROMANA,02,ALETÓN,004,BATEY 205,0,0,0,0,0,0
12,LA ROMANA,03,VILLA HERMOSA,02,CUMAYASA (D. M.).,02,CUMAYASA,009,EL BATEY,0,0,0,0,0,0
12,LA ROMANA,01,LA ROMANA,01,LA ROMANA,02,ALETÓN,002,BATEY CORCICA,0,0,0,0,0,0
12,LA ROMANA,01,LA ROMANA,01,LA ROMANA,02,ALETÓN,009,BATEY GRAN CALLE,0,0,0,0,0,0
12,LA ROMANA,01,LA ROMANA,01,LA ROMANA,02,ALETÓN,013,BATEY ESPERANZA,0,0,0,0,0,0
12,LA ROMANA,03,VILLA HERMOSA,02,CUMAYASA (D. M.).,02,CUMAYASA,011,EL PEÑÓN,0,0,0,0,0,0
11,LA ALTAGRACIA,02,SAN RAFAEL DEL YUMA,02,BOCA DE YUMA (D. M.).,02,BOCA DE YUMA,012,PARQUE NACIONAL DEL ESTE,0,0,0,0,0,0
11,LA ALTAGRACIA,02,SAN RAFAEL DEL YUMA,03,BAYAHÍBE (D. M.).,02,BAYAHÍBE,004,EL INFINITO,0,0,0,0,0,0
11,LA ALTAGRACIA,02,SAN RAFAEL DEL YUMA,01,SAN RAFAEL DEL YUMA,03,GATO,009,VENEZUELA (EL VALLE),0,0,0,0,0,0
11,LA ALTAGRACIA,02,SAN RAFAEL DEL YUMA,01,SAN RAFAEL DEL YUMA,02,BOCA DE YUMA,006,YAGUEY,0,0,0,0,0,0
11,LA ALTAGRACIA,02,SAN RAFAEL DEL YUMA,01,SAN RAFAEL DEL YUMA,03,GATO,008,LOS VALLES,0,0,0,0,0,0
11,LA ALTAGRACIA,02,SAN RAFAEL DEL YUMA,01,SAN RAFAEL DEL YUMA,03,GATO,014,BATEY CINCO,0,0,0,0,0,0
11,LA ALTAGRACIA,02,SAN RAFAEL DEL YUMA,01,SAN RAFAEL DEL YUMA,03,GATO,012,EL POZO,0,0,0,0,0,0
11,LA ALTAGRACIA,02,SAN RAFAEL DEL YUMA,02,BOCA DE YUMA (D. M.).,02,BOCA DE YUMA,005,LIBORIO,0,0,0,0,0,0
11,LA ALTAGRACIA,02,SAN RAFAEL DEL YUMA,02,BOCA DE YUMA (D. M.).,02,BOCA DE YUMA,010,BARTOLO,0,0,0,0,0,0
11,LA ALTAGRACIA,02,SAN RAFAEL DEL YUMA,02,BOCA DE YUMA (D. M.).,02,BOCA DE YUMA,011,VALLE DE LOS ALGARROBOS,0,0,0,0,0,0
11,LA ALTAGRACIA,02,SAN RAFAEL DEL YUMA,01,SAN RAFAEL DEL YUMA,02,BOCA DE YUMA,017,LOS SÁNCHEZ,0,0,0,0,0,0
11,LA ALTAGRACIA,02,SAN RAFAEL DEL YUMA,01,SAN RAFAEL DEL YUMA,02,BOCA DE YUMA,019,PILETA HONDA,0,0,0,0,0,0
11,LA ALTAGRACIA,02,SAN RAFAEL DEL YUMA,01,SAN RAFAEL DEL YUMA,02,BOCA DE YUMA,022,EL AGUACATE,0,0,0,0,0,0
11,LA ALTAGRACIA,02,SAN RAFAEL DEL YUMA,01,SAN RAFAEL DEL YUMA,02,BOCA DE YUMA,021,LA CUEVA DE LUIS,0,0,0,0,0,0
11,LA ALTAGRACIA,02,SAN RAFAEL DEL YUMA,01,SAN RAFAEL DEL YUMA,04,LA PIÑITA,001,EL ARROYO,0,0,0,0,0,0
11,LA ALTAGRACIA,02,SAN RAFAEL DEL YUMA,01,SAN RAFAEL DEL YUMA,04,LA PIÑITA,013,BATEY VERDE,0,0,0,0,0,0
11,LA ALTAGRACIA,02,SAN RAFAEL DEL YUMA,01,SAN RAFAEL DEL YUMA,02,BOCA DE YUMA,011,LA MALAGUETA,0,0,0,0,0,0
11,LA ALTAGRACIA,02,SAN RAFAEL DEL YUMA,01,SAN RAFAEL DEL YUMA,02,BOCA DE YUMA,015,LA ESTRELLADORA,0,0,0,0,0,0
11,LA ALTAGRACIA,02,SAN RAFAEL DEL YUMA,01,SAN RAFAEL DEL YUMA,02,BOCA DE YUMA,010,LOS LÓPEZ,0,0,0,0,0,0
11,LA ALTAGRACIA,02,SAN RAFAEL DEL YUMA,01,SAN RAFAEL DEL YUMA,03,GATO,004,BATEY MONTECARLO,0,0,0,0,0,0
11,LA ALTAGRACIA,02,SAN RAFAEL DEL YUMA,01,SAN RAFAEL DEL YUMA,03,GATO,006,EL ARRAIJÁN,0,0,0,0,0,0
11,LA ALTAGRACIA,02,SAN RAFAEL DEL YUMA,02,BOCA DE YUMA (D. M.).,02,BOCA DE YUMA,004,EL MATÉ (EL MARTE),0,0,0,0,0,0
11,LA ALTAGRACIA,02,SAN RAFAEL DEL YUMA,02,BOCA DE YUMA (D. M.).,02,BOCA DE YUMA,003,LA GRAN CHORRA,0,0,0,0,0,0
11,LA ALTAGRACIA,02,SAN RAFAEL DEL YUMA,03,BAYAHÍBE (D. M.).,02,BAYAHÍBE,007,EL VALLE,0,0,0,0,0,0
11,LA ALTAGRACIA,02,SAN RAFAEL DEL YUMA,01,SAN RAFAEL DEL YUMA,02,BOCA DE YUMA,014,EL DALMAO,0,0,0,0,0,0
11,LA ALTAGRACIA,02,SAN RAFAEL DEL YUMA,02,BOCA DE YUMA (D. M.).,02,BOCA DE YUMA,007,EL CARACOL,0,0,0,0,0,0
11,LA ALTAGRACIA,02,SAN RAFAEL DEL YUMA,03,BAYAHÍBE (D. M.).,02,BAYAHÍBE,005,PARQUE NACIONAL DEL ESTE,0,0,0,0,0,0
13,LA VEGA,01,LA VEGA,01,LA VEGA,01,CONCEPCIÓN DE LA VEGA,001,SAN MARTÍN II,20,153,253,68,169,26.09
13,LA VEGA,01,LA VEGA,01,LA VEGA,01,CONCEPCIÓN DE LA VEGA,002,NÁPOLES,9,57,143,79,80,17.93
13,LA VEGA,01,LA VEGA,01,LA VEGA,01,CONCEPCIÓN DE LA VEGA,003,X,5,95,210,114,204,15.92
13,LA VEGA,01,LA VEGA,01,LA VEGA,01,CONCEPCIÓN DE LA VEGA,004,QUINTO PATIO,6,44,151,116,100,11.99
13,LA VEGA,01,LA VEGA,01,LA VEGA,01,CONCEPCIÓN DE LA VEGA,006,INDUVECA,0,11,28,53,30,9.02
13,LA VEGA,01,LA VEGA,01,LA VEGA,01,CONCEPCIÓN DE LA VEGA,007,SAN MARTÍN I,3,20,55,66,49,11.92
13,LA VEGA,01,LA VEGA,01,LA VEGA,01,CONCEPCIÓN DE LA VEGA,008,EL CAMPITO,6,18,35,16,22,24.74
13,LA VEGA,01,LA VEGA,01,LA VEGA,01,CONCEPCIÓN DE LA VEGA,009,EL TANQUE,63,410,354,72,126,46.15
13,LA VEGA,01,LA VEGA,01,LA VEGA,01,CONCEPCIÓN DE LA VEGA,010,MARÍA AUXILIADORA,53,320,591,176,148,28.96
13,LA VEGA,01,LA VEGA,01,LA VEGA,01,CONCEPCIÓN DE LA VEGA,011,LAS CARMELITAS,97,701,1178,365,300,30.22
13,LA VEGA,01,LA VEGA,01,LA VEGA,01,CONCEPCIÓN DE LA VEGA,012,NIBAJE,76,452,542,126,102,40.68
13,LA VEGA,01,LA VEGA,01,LA VEGA,01,CONCEPCIÓN DE LA VEGA,014,ALTOS DEL HATICO,8,101,376,313,102,12.11
13,LA VEGA,01,LA VEGA,01,LA VEGA,01,CONCEPCIÓN DE LA VEGA,015,LA PRIMAVERA,6,75,254,335,155,9.82
13,LA VEGA,01,LA VEGA,01,LA VEGA,01,CONCEPCIÓN DE LA VEGA,016,VILLA HOLYWOOD,44,191,252,76,174,31.89
13,LA VEGA,01,LA VEGA,01,LA VEGA,01,CONCEPCIÓN DE LA VEGA,017,LOS MULTIFAMILIARES,0,13,52,157,50,4.78
13,LA VEGA,01,LA VEGA,01,LA VEGA,01,CONCEPCIÓN DE LA VEGA,019,LA LAGUNA,8,146,246,256,175,18.53
13,LA VEGA,01,LA VEGA,01,LA VEGA,01,CONCEPCIÓN DE LA VEGA,020,ARENOSO,16,185,378,207,157,21.31
13,LA VEGA,01,LA VEGA,01,LA VEGA,01,CONCEPCIÓN DE LA VEGA,021,SOTO,17,64,69,32,33,37.67
13,LA VEGA,01,LA VEGA,01,LA VEGA,01,CONCEPCIÓN DE LA VEGA,022,SANTO DOMINGO,0,0,10,8,0,0
13,LA VEGA,01,LA VEGA,01,LA VEGA,01,CONCEPCIÓN DE LA VEGA,023,CIUDAD UNIVERSITARIA,2,2,9,15,0,14.29
13,LA VEGA,01,LA VEGA,01,LA VEGA,01,CONCEPCIÓN DE LA VEGA,024,VILLA MARGARITA,0,0,2,1,0,0
13,LA VEGA,01,LA VEGA,01,LA VEGA,01,CONCEPCIÓN DE LA VEGA,025,GAMUNDI,0,0,10,7,0,0
13,LA VEGA,01,LA VEGA,01,LA VEGA,01,CONCEPCIÓN DE LA VEGA,026,SANTO DOMINGO SAVIO,0,24,62,67,0,15.69
13,LA VEGA,01,LA VEGA,01,LA VEGA,01,CONCEPCIÓN DE LA VEGA,027,DON BOSCO,1,14,59,66,27,8.98
13,LA VEGA,01,LA VEGA,01,LA VEGA,01,CONCEPCIÓN DE LA VEGA,028,GUARIONEX,9,55,138,96,96,16.24
13,LA VEGA,01,LA VEGA,01,LA VEGA,01,CONCEPCIÓN DE LA VEGA,029,VILLA ROSA,9,102,273,137,140,16.79
13,LA VEGA,01,LA VEGA,01,LA VEGA,01,CONCEPCIÓN DE LA VEGA,030,JUAN PABLO DUARTE,4,66,226,216,66,12.11
13,LA VEGA,01,LA VEGA,01,LA VEGA,01,CONCEPCIÓN DE LA VEGA,031,PUERTO RICO,39,194,452,291,181,20.14
13,LA VEGA,01,LA VEGA,01,LA VEGA,01,CONCEPCIÓN DE LA VEGA,032,LOS BARRANCONES O CONANI,3,79,167,78,68,20.76
13,LA VEGA,01,LA VEGA,01,LA VEGA,01,CONCEPCIÓN DE LA VEGA,033,NUEVO,0,23,21,11,12,34.33
13,LA VEGA,01,LA VEGA,01,LA VEGA,01,CONCEPCIÓN DE LA VEGA,034,RESIDENCIAL DON ZOILO,0,0,2,3,0,0
13,LA VEGA,01,LA VEGA,01,LA VEGA,01,CONCEPCIÓN DE LA VEGA,035,LA SABANA,25,163,277,72,199,25.54
13,LA VEGA,01,LA VEGA,01,LA VEGA,01,CONCEPCIÓN DE LA VEGA,036,PONTÓN ABAJO,5,37,88,62,56,16.94
13,LA VEGA,01,LA VEGA,01,LA VEGA,01,CONCEPCIÓN DE LA VEGA,037,LAS MARAS,40,222,482,271,224,21.15
13,LA VEGA,01,LA VEGA,01,LA VEGA,01,CONCEPCIÓN DE LA VEGA,038,LOS POMOS,32,197,453,353,247,17.86
13,LA VEGA,01,LA VEGA,01,LA VEGA,01,CONCEPCIÓN DE LA VEGA,039,EL HIGÜERO,33,149,224,142,88,28.62
13,LA VEGA,01,LA VEGA,01,LA VEGA,01,CONCEPCIÓN DE LA VEGA,040,VILLA ESPINAL,2,42,112,103,87,12.72
13,LA VEGA,01,LA VEGA,01,LA VEGA,01,CONCEPCIÓN DE LA VEGA,041,VILLAS CAROLINA,1,3,5,10,0,21.05
13,LA VEGA,01,LA VEGA,01,LA VEGA,01,CONCEPCIÓN DE LA VEGA,042,CAROLINA,0,0,5,5,0,0
13,LA VEGA,01,LA VEGA,01,LA VEGA,01,CONCEPCIÓN DE LA VEGA,043,RESIDENCIAL ARMIDA,6,46,96,54,52,20.47
13,LA VEGA,01,LA VEGA,01,LA VEGA,01,CONCEPCIÓN DE LA VEGA,044,PONTÓN,2,3,9,7,20,12.2
13,LA VEGA,01,LA VEGA,01,LA VEGA,01,CONCEPCIÓN DE LA VEGA,045,VILLA LORA,5,53,162,127,204,10.53
13,LA VEGA,01,LA VEGA,01,LA VEGA,01,CONCEPCIÓN DE LA VEGA,046,PALMARITO,35,280,714,435,322,17.64
13,LA VEGA,01,LA VEGA,01,LA VEGA,01,CONCEPCIÓN DE LA VEGA,047,ENRIQUILLO O RESIDENCIAL SANTANA,2,16,48,38,18,14.75
13,LA VEGA,01,LA VEGA,01,LA VEGA,01,CONCEPCIÓN DE LA VEGA,048,EL PINITO,10,59,77,12,51,33.01
13,LA VEGA,01,LA VEGA,01,LA VEGA,01,CONCEPCIÓN DE LA VEGA,049,HATICO DE JEREMÍAS,14,72,75,19,42,38.74
13,LA VEGA,01,LA VEGA,01,LA VEGA,01,CONCEPCIÓN DE LA VEGA,050,JEREMÍAS,57,133,147,30,141,37.4
13,LA VEGA,01,LA VEGA,02,RÍO VERDE ARRIBA (D. M.).,01,CUTUPÚ,001,CUTUPÚ,39,105,147,77,136,28.57
13,LA VEGA,01,LA VEGA,02,RÍO VERDE ARRIBA (D. M.).,01,CUTUPÚ,002,VISTA BELLA,11,49,73,17,43,31.09
13,LA VEGA,01,LA VEGA,02,RÍO VERDE ARRIBA (D. M.).,01,CUTUPÚ,004,EL 11 DE CUTUPÚ,27,76,41,13,45,50.99
13,LA VEGA,01,LA VEGA,02,RÍO VERDE ARRIBA (D. M.).,01,CUTUPÚ,005,LOS PROFESORES,2,3,17,11,0,15.15
13,LA VEGA,01,LA VEGA,03,EL RANCHITO (D. M.).,01,EL RANCHITO,001,MARÍA TRINIDAD SÁNCHEZ O EL SEMILLERO,40,109,100,76,39,40.93
13,LA VEGA,01,LA VEGA,03,EL RANCHITO (D. M.).,01,EL RANCHITO,002,CENTRO DEL PUEBLO,11,29,40,11,22,35.4
13,LA VEGA,01,LA VEGA,03,EL RANCHITO (D. M.).,01,EL RANCHITO,003,RANCHITO ABAJO O EL BADÉN,19,53,42,11,16,51.06
13,LA VEGA,01,LA VEGA,03,EL RANCHITO (D. M.).,01,EL RANCHITO,004,ZAFARRAYA,18,68,114,62,66,26.22
13,LA VEGA,01,LA VEGA,03,EL RANCHITO (D. M.).,01,EL RANCHITO,005,URBANIZACIÓN  DOÑA MILEDYS,0,1,6,3,6,6.25
13,LA VEGA,01,LA VEGA,04,TAVERA (D.M.).,01,LA JINA HUECA,001,LA JINA HUECA,12,50,24,16,35,45.26
13,LA VEGA,02,CONSTANZA,01,CONSTANZA,01,CONSTANZA,001,RESPALDO 27 DE FEBRERO,19,86,139,84,63,26.85
13,LA VEGA,02,CONSTANZA,01,CONSTANZA,01,CONSTANZA,002,BUENOS AIRES,9,36,71,67,44,19.82
13,LA VEGA,02,CONSTANZA,01,CONSTANZA,01,CONSTANZA,003,LOS LAURELES,3,21,64,55,22,14.55
13,LA VEGA,02,CONSTANZA,01,CONSTANZA,01,CONSTANZA,004,EL CENTRO DEL PUEBLO,5,46,75,64,24,23.83
13,LA VEGA,02,CONSTANZA,01,CONSTANZA,01,CONSTANZA,005,EL PROGRESO,12,34,60,70,47,20.63
13,LA VEGA,02,CONSTANZA,01,CONSTANZA,01,CONSTANZA,006,BOCA DE PATO,3,33,66,39,35,20.45
13,LA VEGA,02,CONSTANZA,01,CONSTANZA,01,CONSTANZA,007,POPULAR,8,36,111,81,29,16.6
13,LA VEGA,02,CONSTANZA,01,CONSTANZA,01,CONSTANZA,008,EL TORNADO,4,27,39,62,4,22.79
13,LA VEGA,02,CONSTANZA,01,CONSTANZA,01,CONSTANZA,009,LOS PINOS,4,23,24,31,19,26.73
13,LA VEGA,02,CONSTANZA,01,CONSTANZA,01,CONSTANZA,010,EL MILLÓN,3,12,23,20,8,22.73
13,LA VEGA,02,CONSTANZA,01,CONSTANZA,01,CONSTANZA,011,LA COLINA DE LOS POMOS,15,34,30,28,0,45.79
13,LA VEGA,02,CONSTANZA,01,CONSTANZA,01,CONSTANZA,012,EL CERCADO,321,883,858,368,272,44.56
13,LA VEGA,02,CONSTANZA,01,CONSTANZA,01,CONSTANZA,013,LAS PRADERAS DEL RÍO,46,107,55,12,41,58.62
13,LA VEGA,02,CONSTANZA,01,CONSTANZA,01,CONSTANZA,014,ARROYO ARRIBA,226,656,679,305,337,40.04
13,LA VEGA,02,CONSTANZA,01,CONSTANZA,01,CONSTANZA,015,LINDO,53,121,170,87,47,36.4
13,LA VEGA,02,CONSTANZA,01,CONSTANZA,01,CONSTANZA,016,EL GAJO O MIRADOR NORTE,23,56,85,35,75,28.83
13,LA VEGA,02,CONSTANZA,01,CONSTANZA,01,CONSTANZA,017,LA ALTAGRACIA,4,26,49,57,45,16.57
13,LA VEGA,02,CONSTANZA,01,CONSTANZA,01,CONSTANZA,018,LOS PEYNADO,32,105,127,56,51,36.93
13,LA VEGA,02,CONSTANZA,01,CONSTANZA,01,CONSTANZA,019,SANTIAGO APÓSTOL O SAN PEDRO,29,101,117,76,48,35.04
13,LA VEGA,02,CONSTANZA,01,CONSTANZA,01,CONSTANZA,020,COLONIA ESPAÑOLA,28,91,117,119,91,26.68
13,LA VEGA,02,CONSTANZA,02,TIREO (D. M.).,01,TIREO,001,LA MINA,8,19,17,8,26,34.62
13,LA VEGA,02,CONSTANZA,02,TIREO (D. M.).,01,TIREO,002,TIREO AL MEDIO O LA SECADORA,48,112,172,74,58,34.48
13,LA VEGA,02,CONSTANZA,02,TIREO (D. M.).,01,TIREO,003,TIREO ARRIBA,35,112,133,46,36,40.61
13,LA VEGA,02,CONSTANZA,02,TIREO (D. M.).,01,TIREO,004,TIREO ABAJO,29,97,73,15,16,54.78
13,LA VEGA,02,CONSTANZA,03,LA SABINA (D. M.).,01,LA SABINA,001,VILLA SABINA,4,58,100,50,34,25.2
13,LA VEGA,03,JARABACOA,01,JARABACOA,01,JARABACOA,001,YERBA BUENA,10,85,169,118,166,17.34
13,LA VEGA,03,JARABACOA,01,JARABACOA,01,JARABACOA,002,LA JABILLA,1,5,22,2,9,15.38
13,LA VEGA,03,JARABACOA,01,JARABACOA,01,JARABACOA,003,CRISTO REY O LA CACHAZA,19,93,180,71,119,23.24
13,LA VEGA,03,JARABACOA,01,JARABACOA,01,JARABACOA,004,URBANIZACIÓN CERRO ALTO,0,0,1,0,1,0
13,LA VEGA,03,JARABACOA,01,JARABACOA,01,JARABACOA,005,LOS CANDELARIOS,14,47,48,18,24,40.4
13,LA VEGA,03,JARABACOA,01,JARABACOA,01,JARABACOA,006,RINCÓN,0,3,3,1,5,25
13,LA VEGA,03,JARABACOA,01,JARABACOA,01,JARABACOA,007,COLONIA DE LOS POMOS O TOÑITO BATISTA,1,4,5,1,0,45.45
13,LA VEGA,03,JARABACOA,01,JARABACOA,01,JARABACOA,008,LA JOYA II,6,34,56,22,39,25.48
13,LA VEGA,03,JARABACOA,01,JARABACOA,01,JARABACOA,009,URBANIZACIÓN PINAR DORADO,0,23,40,10,45,19.49
13,LA VEGA,03,JARABACOA,01,JARABACOA,01,JARABACOA,010,LA JOYA I,46,187,135,15,70,51.43
13,LA VEGA,03,JARABACOA,01,JARABACOA,01,JARABACOA,011,LA TRINCHERA,2,20,26,17,13,28.21
13,LA VEGA,03,JARABACOA,01,JARABACOA,01,JARABACOA,012,DOMINGO SAVIO,2,23,63,31,35,16.23
13,LA VEGA,03,JARABACOA,01,JARABACOA,01,JARABACOA,015,DON BOSCO,21,98,160,89,196,21.1
13,LA VEGA,03,JARABACOA,01,JARABACOA,01,JARABACOA,016,PUEBLO NUEVO,0,11,33,33,43,9.17
13,LA VEGA,03,JARABACOA,01,JARABACOA,01,JARABACOA,017,DOCTOR ELÍAS SANTANA,19,97,118,53,58,33.62
13,LA VEGA,03,JARABACOA,01,JARABACOA,01,JARABACOA,018,BLANCO O BELARMINIO RAMÍREZ,8,43,39,17,18,40.8
13,LA VEGA,03,JARABACOA,01,JARABACOA,01,JARABACOA,019,NEGRO,13,79,84,53,52,32.74
13,LA VEGA,03,JARABACOA,01,JARABACOA,01,JARABACOA,020,VENECIA,46,143,270,331,202,19.05
13,LA VEGA,03,JARABACOA,01,JARABACOA,01,JARABACOA,021,LA PLAZA,0,0,0,0,2,0
13,LA VEGA,03,JARABACOA,01,JARABACOA,01,JARABACOA,022,ALTOS DEL YAQUE,10,23,28,18,0,41.77
13,LA VEGA,03,JARABACOA,01,JARABACOA,01,JARABACOA,023,ROSA MÍSTICA,3,14,38,23,29,15.89
13,LA VEGA,03,JARABACOA,01,JARABACOA,01,JARABACOA,024,URBANIZACIÓN RINCÓN,8,22,46,25,56,19.11
13,LA VEGA,03,JARABACOA,01,JARABACOA,01,JARABACOA,025,LOS CORRALITOS,2,10,16,13,42,14.46
13,LA VEGA,03,JARABACOA,01,JARABACOA,01,JARABACOA,026,EL 2,0,5,13,5,11,14.71
13,LA VEGA,03,JARABACOA,01,JARABACOA,01,JARABACOA,027,MIRADOR DEL JIMENOA,2,11,35,14,39,12.87
13,LA VEGA,03,JARABACOA,01,JARABACOA,01,JARABACOA,028,LA QUEBRADA,0,11,18,11,19,18.64
13,LA VEGA,03,JARABACOA,01,JARABACOA,01,JARABACOA,029,LOS POMOS,2,8,18,7,2,27.03
13,LA VEGA,03,JARABACOA,01,JARABACOA,01,JARABACOA,031,VILLA BALAGUER O PROYECTO YERBABUENA,5,53,133,82,62,17.31
13,LA VEGA,03,JARABACOA,01,JARABACOA,01,JARABACOA,032,URBANIZACIÓN PROYECTO DILONÉ,0,13,30,32,16,14.29
13,LA VEGA,03,JARABACOA,01,JARABACOA,01,JARABACOA,033,RESCATE 94,8,24,45,24,43,22.22
13,LA VEGA,03,JARABACOA,01,JARABACOA,01,JARABACOA,034,MEDINA,14,64,125,73,133,19.07
13,LA VEGA,03,JARABACOA,01,JARABACOA,01,JARABACOA,035,RESIDENCIAL DON LUIS,3,31,57,58,47,17.35
13,LA VEGA,03,JARABACOA,02,BUENA VISTA (D. M.).,01,BUENA VISTA,001,BUENA VISTA,22,100,119,70,50,33.8
13,LA VEGA,03,JARABACOA,03,MANABAO (D. M.).,01,MANABAO,001,MANABAO,24,67,57,6,15,53.85
13,LA VEGA,04,JIMA ABAJO,01,JIMA ABAJO,01,JIMA ABAJO,001,CENTRO DEL PUEBLO,28,227,321,133,110,31.14
13,LA VEGA,04,JIMA ABAJO,01,JIMA ABAJO,01,JIMA ABAJO,002,VILLA CONSUELO,56,142,142,39,43,46.92
13,LA VEGA,04,JIMA ABAJO,01,JIMA ABAJO,01,JIMA ABAJO,003,LA COLONIA,14,68,58,33,18,42.93
13,LA VEGA,04,JIMA ABAJO,01,JIMA ABAJO,01,JIMA ABAJO,004,RAFAEL CRUCETA,26,88,97,63,16,39.31
13,LA VEGA,04,JIMA ABAJO,01,JIMA ABAJO,01,JIMA ABAJO,005,VILLA MARGARITA,22,35,39,16,21,42.86
13,LA VEGA,04,JIMA ABAJO,01,JIMA ABAJO,01,JIMA ABAJO,006,MARÍA AUXILIADORA,10,43,46,21,17,38.69
13,LA VEGA,04,JIMA ABAJO,02,RINCÓN (D. M.).,01,RINCÓN,001,RINCÓN,165,613,651,241,282,39.86
13,LA VEGA,02,CONSTANZA,01,CONSTANZA,03,PALERO,006,LA SECADORA,17,53,77,45,25,32.26
13,LA VEGA,03,JARABACOA,02,BUENA VISTA (D. M.).,04,HATILLO,006,GUACHUPITA,4,15,18,2,8,40.43
13,LA VEGA,03,JARABACOA,02,BUENA VISTA (D. M.).,05,PIEDRA BLANCA,002,PIEDRA BLANCA,23,98,148,34,86,31.11
13,LA VEGA,03,JARABACOA,02,BUENA VISTA (D. M.).,06,PIEDRA BLANCA DEL SALTO,007,LA GUAMITA PRESA DE YEGUA,18,23,6,0,7,75.93
13,LA VEGA,03,JARABACOA,02,BUENA VISTA (D. M.).,06,PIEDRA BLANCA DEL SALTO,005,OVENDO,4,5,0,0,1,90
13,LA VEGA,03,JARABACOA,02,BUENA VISTA (D. M.).,06,PIEDRA BLANCA DEL SALTO,001,PIEDRA BLANCA,14,39,23,4,8,60.23
13,LA VEGA,03,JARABACOA,02,BUENA VISTA (D. M.).,06,PIEDRA BLANCA DEL SALTO,002,LOS HIGOS,46,106,35,6,23,70.37
13,LA VEGA,03,JARABACOA,02,BUENA VISTA (D. M.).,06,PIEDRA BLANCA DEL SALTO,003,LA JOYA,1,0,0,0,0,100
13,LA VEGA,03,JARABACOA,02,BUENA VISTA (D. M.).,03,HATO VIEJO,003,LA TARANA,5,29,24,8,26,36.96
13,LA VEGA,03,JARABACOA,02,BUENA VISTA (D. M.).,03,HATO VIEJO,004,HATO VIEJO ARRIBA,13,80,93,45,33,35.23
13,LA VEGA,03,JARABACOA,02,BUENA VISTA (D. M.).,03,HATO VIEJO,002,LA CIGUA,0,3,2,0,0,60
13,LA VEGA,03,JARABACOA,02,BUENA VISTA (D. M.).,03,HATO VIEJO,001,HONDURAS,0,1,13,10,16,2.5
13,LA VEGA,03,JARABACOA,02,BUENA VISTA (D. M.).,03,HATO VIEJO,005,HATO VIEJO,5,68,94,54,50,26.94
13,LA VEGA,03,JARABACOA,02,BUENA VISTA (D. M.).,03,HATO VIEJO,006,LOS AZULES,0,2,0,0,0,100
13,LA VEGA,03,JARABACOA,02,BUENA VISTA (D. M.).,02,BUENA VISTA,006,HOTEL MONTAÑA (EL PUERTO),15,67,46,9,39,46.59
13,LA VEGA,03,JARABACOA,02,BUENA VISTA (D. M.).,02,BUENA VISTA,009,EL CACAO,3,18,32,17,8,26.92
13,LA VEGA,03,JARABACOA,02,BUENA VISTA (D. M.).,02,BUENA VISTA,008,MATA DE PLÁTANO,2,6,2,2,3,53.33
13,LA VEGA,03,JARABACOA,02,BUENA VISTA (D. M.).,05,PIEDRA BLANCA,003,SABANETA,18,122,131,24,79,37.43
13,LA VEGA,03,JARABACOA,02,BUENA VISTA (D. M.).,05,PIEDRA BLANCA,004,MANACLAS,8,43,56,18,31,32.69
13,LA VEGA,03,JARABACOA,02,BUENA VISTA (D. M.).,05,PIEDRA BLANCA,001,LOS CATEYES O LOS CATORCE,7,43,82,16,27,28.57
13,LA VEGA,03,JARABACOA,02,BUENA VISTA (D. M.).,02,BUENA VISTA,001,LIMONAL,10,39,38,21,19,38.58
13,LA VEGA,03,JARABACOA,02,BUENA VISTA (D. M.).,02,BUENA VISTA,002,MATA GORDA,23,43,29,6,31,50
13,LA VEGA,03,JARABACOA,02,BUENA VISTA (D. M.).,02,BUENA VISTA,005,EL ANÓN,2,5,1,0,2,70
13,LA VEGA,03,JARABACOA,02,BUENA VISTA (D. M.).,02,BUENA VISTA,004,LOS CAPACITOS,1,4,8,0,2,33.33
13,LA VEGA,03,JARABACOA,02,BUENA VISTA (D. M.).,02,BUENA VISTA,007,LA ATOLLADERA,6,27,29,8,31,32.67
13,LA VEGA,03,JARABACOA,02,BUENA VISTA (D. M.).,04,HATILLO,001,LA CENIZA,16,43,20,2,4,69.41
13,LA VEGA,03,JARABACOA,02,BUENA VISTA (D. M.).,04,HATILLO,002,LA SABANA,5,16,19,6,7,39.62
13,LA VEGA,03,JARABACOA,02,BUENA VISTA (D. M.).,04,HATILLO,009,LA CEIBA,2,9,9,1,0,52.38
13,LA VEGA,03,JARABACOA,02,BUENA VISTA (D. M.).,04,HATILLO,007,LA GUAMA ARRIBA,30,32,2,1,5,88.57
13,LA VEGA,03,JARABACOA,02,BUENA VISTA (D. M.).,04,HATILLO,004,LA GUAMA ABAJO,5,6,3,0,5,57.89
13,LA VEGA,03,JARABACOA,02,BUENA VISTA (D. M.).,04,HATILLO,003,HATILLO,13,38,35,15,27,39.84
13,LA VEGA,03,JARABACOA,02,BUENA VISTA (D. M.).,04,HATILLO,005,LA CAOBA,7,17,7,2,10,55.81
13,LA VEGA,03,JARABACOA,02,BUENA VISTA (D. M.).,02,BUENA VISTA,003,EL SALTO,11,22,11,4,22,47.14
13,LA VEGA,03,JARABACOA,02,BUENA VISTA (D. M.).,06,PIEDRA BLANCA DEL SALTO,004,LAS AUYAMAS,1,0,0,0,1,50
13,LA VEGA,03,JARABACOA,02,BUENA VISTA (D. M.).,04,HATILLO,008,CRUCERO,0,3,6,0,10,15.79
13,LA VEGA,03,JARABACOA,02,BUENA VISTA (D. M.).,06,PIEDRA BLANCA DEL SALTO,006,BOCA DE LOS RÍOS,2,5,2,0,3,58.33
13,LA VEGA,02,CONSTANZA,02,TIREO (D. M.).,05,LAS PALOMAS,007,LAS  PALMAS  ARRIBA,67,79,60,15,16,61.6
13,LA VEGA,03,JARABACOA,01,JARABACOA,03,COROCITO,004,LA CANA,0,1,0,0,1,50
13,LA VEGA,03,JARABACOA,01,JARABACOA,07,LOS COROZOS,007,VERA DEL YAQUE,5,16,22,5,12,35
13,LA VEGA,02,CONSTANZA,02,TIREO (D. M.).,07,TIREO ABAJO,010,EL BOTAO,11,16,3,0,6,75
13,LA VEGA,02,CONSTANZA,02,TIREO (D. M.).,07,TIREO ABAJO,007,EL NARANJO,0,1,0,0,0,100
13,LA VEGA,02,CONSTANZA,02,TIREO (D. M.).,07,TIREO ABAJO,004,LOS FRÍOS,11,0,0,0,1,91.67
13,LA VEGA,02,CONSTANZA,02,TIREO (D. M.).,07,TIREO ABAJO,003,TIREO ABAJO,55,75,55,14,19,59.63
13,LA VEGA,02,CONSTANZA,02,TIREO (D. M.).,07,TIREO ABAJO,002,PALERITO,2,2,0,0,3,57.14
13,LA VEGA,02,CONSTANZA,02,TIREO (D. M.).,07,TIREO ABAJO,001,LA GUAMITA,1,5,0,0,2,75
13,LA VEGA,02,CONSTANZA,02,TIREO (D. M.).,02,LA ALTAGRACIA,001,PARAGUA,22,0,0,0,3,88
13,LA VEGA,02,CONSTANZA,02,TIREO (D. M.).,02,LA ALTAGRACIA,003,CRUZ DE CUABA,31,4,0,0,2,94.59
13,LA VEGA,02,CONSTANZA,02,TIREO (D. M.).,02,LA ALTAGRACIA,002,MONTE LLANO,8,0,0,0,0,100
13,LA VEGA,02,CONSTANZA,02,TIREO (D. M.).,02,LA ALTAGRACIA,007,LA CANELILLA,0,0,0,0,3,0
13,LA VEGA,02,CONSTANZA,02,TIREO (D. M.).,06,EL RÍO,007,LA JOYA DE PAULINO,26,12,9,1,9,66.67
13,LA VEGA,02,CONSTANZA,02,TIREO (D. M.).,06,EL RÍO,004,LOS SÁNCHEZ,45,55,26,2,22,66.67
13,LA VEGA,02,CONSTANZA,02,TIREO (D. M.).,06,EL RÍO,006,LA PELADA,26,61,22,4,30,60.84
13,LA VEGA,02,CONSTANZA,02,TIREO (D. M.).,06,EL RÍO,005,LA CUMBRE,5,12,8,2,11,44.74
13,LA VEGA,02,CONSTANZA,02,TIREO (D. M.).,06,EL RÍO,003,LA COTORRA,22,37,22,5,14,59
13,LA VEGA,02,CONSTANZA,02,TIREO (D. M.).,06,EL RÍO,002,EL MAJAGUAL,0,3,1,0,4,37.5
13,LA VEGA,02,CONSTANZA,02,TIREO (D. M.).,06,EL RÍO,008,LAS AUYAMAS,2,3,3,0,2,50
13,LA VEGA,02,CONSTANZA,02,TIREO (D. M.).,06,EL RÍO,012,EL CERCADO,10,23,15,1,5,61.11
13,LA VEGA,02,CONSTANZA,02,TIREO (D. M.).,06,EL RÍO,001,EL RÍO,40,133,157,40,86,37.94
13,LA VEGA,02,CONSTANZA,02,TIREO (D. M.).,03,ARROYO FRÍO,001,ARROYO FRÍO,30,64,61,13,44,44.34
13,LA VEGA,02,CONSTANZA,02,TIREO (D. M.).,03,ARROYO FRÍO,002,LA CIÉNAGA,12,64,50,9,42,42.94
13,LA VEGA,02,CONSTANZA,02,TIREO (D. M.).,03,ARROYO FRÍO,003,RÍO ABAJO,3,15,10,4,8,45
13,LA VEGA,02,CONSTANZA,02,TIREO (D. M.).,05,LAS PALOMAS,005,LA ANGOSTURA,0,0,0,0,2,0
13,LA VEGA,02,CONSTANZA,02,TIREO (D. M.).,05,LAS PALOMAS,002,VILLA CAFETALERA,3,4,2,1,1,63.64
13,LA VEGA,02,CONSTANZA,02,TIREO (D. M.).,05,LAS PALOMAS,006,LA NOVILLA O VILLA ESPERANZA,0,0,0,2,3,0
13,LA VEGA,02,CONSTANZA,02,TIREO (D. M.).,05,LAS PALOMAS,004,ARROYO PRIETO,0,4,1,0,3,50
13,LA VEGA,02,CONSTANZA,02,TIREO (D. M.).,05,LAS PALOMAS,003,EL ARROYAZO (ARROYO DEL TORO),20,52,24,3,15,63.16
13,LA VEGA,02,CONSTANZA,02,TIREO (D. M.).,03,ARROYO FRÍO,004,JIMA (CRISTO REY),12,10,1,0,0,95.65
13,LA VEGA,02,CONSTANZA,02,TIREO (D. M.).,04,LA DESCUBIERTA,006,LA CASTILLA,4,8,0,0,3,80
13,LA VEGA,02,CONSTANZA,02,TIREO (D. M.).,04,LA DESCUBIERTA,007,ARENOSO,9,24,8,1,9,64.71
13,LA VEGA,02,CONSTANZA,02,TIREO (D. M.).,04,LA DESCUBIERTA,003,LA YEGUA,2,11,0,1,6,65
13,LA VEGA,02,CONSTANZA,02,TIREO (D. M.).,04,LA DESCUBIERTA,002,ARROYO BONITO,16,33,13,2,13,63.64
13,LA VEGA,03,JARABACOA,01,JARABACOA,08,PASO BAJITO,013,LA POCILGA,8,14,3,0,2,81.48
13,LA VEGA,03,JARABACOA,01,JARABACOA,08,PASO BAJITO,014,ARROYO LA VACA,25,26,7,1,25,60.71
13,LA VEGA,03,JARABACOA,01,JARABACOA,08,PASO BAJITO,015,ARROYO LA PISTA,42,17,2,0,2,93.65
13,LA VEGA,03,JARABACOA,01,JARABACOA,06,JUMUNUCO,017,COMPADRE PASCUAL,8,8,2,0,3,76.19
13,LA VEGA,03,JARABACOA,01,JARABACOA,06,JUMUNUCO,018,ARROYO CLARO,0,0,0,0,3,0
13,LA VEGA,03,JARABACOA,01,JARABACOA,06,JUMUNUCO,016,LOS MONTAZOS,6,2,0,0,0,100
13,LA VEGA,03,JARABACOA,01,JARABACOA,06,JUMUNUCO,019,LAS CALABAZAS,2,5,0,0,0,100
13,LA VEGA,03,JARABACOA,01,JARABACOA,06,JUMUNUCO,003,LOMA NEGRA,2,0,0,0,0,100
13,LA VEGA,03,JARABACOA,01,JARABACOA,06,JUMUNUCO,004,ARENOSO,9,27,4,0,6,78.26
13,LA VEGA,03,JARABACOA,01,JARABACOA,06,JUMUNUCO,001,JUMUNUCO,30,49,13,1,31,63.71
13,LA VEGA,03,JARABACOA,01,JARABACOA,06,JUMUNUCO,010,LAS ANIMAS,13,9,3,0,7,68.75
13,LA VEGA,03,JARABACOA,01,JARABACOA,06,JUMUNUCO,014,LLANO DEL HIGO,26,43,11,1,17,70.41
13,LA VEGA,03,JARABACOA,01,JARABACOA,06,JUMUNUCO,008,AMACEYAL,6,3,2,0,3,64.29
13,LA VEGA,03,JARABACOA,01,JARABACOA,06,JUMUNUCO,011,LOS JOSADEROS,6,18,2,0,0,92.31
13,LA VEGA,03,JARABACOA,01,JARABACOA,06,JUMUNUCO,006,GUANAJUMA,10,16,1,0,5,81.25
13,LA VEGA,03,JARABACOA,01,JARABACOA,06,JUMUNUCO,015,LLANO DE JUMUNUCO,1,0,0,0,11,8.33
13,LA VEGA,03,JARABACOA,01,JARABACOA,06,JUMUNUCO,012,LAS CABIRMAS,28,46,8,1,18,73.27
13,LA VEGA,03,JARABACOA,01,JARABACOA,03,COROCITO,003,ANGOSTO,23,34,3,1,18,72.15
13,LA VEGA,03,JARABACOA,01,JARABACOA,03,COROCITO,008,LOS AUQUELLES,2,0,0,0,17,10.53
13,LA VEGA,03,JARABACOA,01,JARABACOA,03,COROCITO,002,CERRO REDONDO,7,2,0,0,4,69.23
13,LA VEGA,03,JARABACOA,01,JARABACOA,03,COROCITO,005,CAÑADA PRIETA,4,13,4,1,2,70.83
13,LA VEGA,03,JARABACOA,01,JARABACOA,03,COROCITO,001,LOS CAFESES,8,7,5,0,4,62.5
13,LA VEGA,03,JARABACOA,01,JARABACOA,07,LOS COROZOS,001,EL PASO DE LA MAJAGÜITA,0,3,0,0,3,50
13,LA VEGA,03,JARABACOA,01,JARABACOA,07,LOS COROZOS,002,POTRO RABÓN,1,0,0,0,1,50
13,LA VEGA,03,JARABACOA,01,JARABACOA,07,LOS COROZOS,003,LOS RANCHITOS,5,10,10,2,5,46.88
13,LA VEGA,03,JARABACOA,01,JARABACOA,07,LOS COROZOS,004,LOS COROZOS,12,10,6,1,5,64.71
13,LA VEGA,03,JARABACOA,01,JARABACOA,07,LOS COROZOS,005,LA CIENAGUITA,6,15,5,1,5,65.62
13,LA VEGA,03,JARABACOA,01,JARABACOA,07,LOS COROZOS,006,PINAR DEL YAQUE (LA PIÑA),0,8,14,4,15,19.51
13,LA VEGA,03,JARABACOA,01,JARABACOA,08,PASO BAJITO,001,LA PISTA,25,46,15,1,10,73.2
13,LA VEGA,03,JARABACOA,01,JARABACOA,08,PASO BAJITO,012,LA JAGUA,22,47,7,1,5,84.15
13,LA VEGA,03,JARABACOA,01,JARABACOA,08,PASO BAJITO,003,MASIPEDRO,16,34,16,3,10,63.29
13,LA VEGA,03,JARABACOA,01,JARABACOA,08,PASO BAJITO,011,ARROYO ANCHO,42,25,0,0,11,85.9
13,LA VEGA,03,JARABACOA,01,JARABACOA,08,PASO BAJITO,016,PASO BAJITO,25,80,40,5,26,59.66
13,LA VEGA,03,JARABACOA,01,JARABACOA,08,PASO BAJITO,010,LA FRISA,5,0,0,0,4,55.56
13,LA VEGA,03,JARABACOA,01,JARABACOA,08,PASO BAJITO,018,PALMA SOLA,0,0,2,0,0,0
13,LA VEGA,03,JARABACOA,01,JARABACOA,08,PASO BAJITO,002,REDONDO,8,18,8,0,7,63.41
13,LA VEGA,03,JARABACOA,01,JARABACOA,02,PINAR QUEMADO,001,LA TRAVESÍA DEL MULO,10,13,0,0,5,82.14
13,LA VEGA,03,JARABACOA,01,JARABACOA,02,PINAR QUEMADO,007,LA PELADA,2,5,0,0,4,63.64
13,LA VEGA,03,JARABACOA,01,JARABACOA,02,PINAR QUEMADO,006,LA GUÁZARA,8,26,36,6,18,36.17
13,LA VEGA,03,JARABACOA,01,JARABACOA,02,PINAR QUEMADO,004,LA LOMITA,16,15,0,0,5,86.11
13,LA VEGA,03,JARABACOA,01,JARABACOA,02,PINAR QUEMADO,002,LA YAUTÍA,8,32,57,24,3,32.26
13,LA VEGA,03,JARABACOA,01,JARABACOA,02,PINAR QUEMADO,003,PINAR QUEMADO,17,55,104,33,72,25.62
13,LA VEGA,02,CONSTANZA,02,TIREO (D. M.).,05,LAS PALOMAS,001,LAS PALMAS O LAS PALOMAS,11,41,35,11,21,43.7
13,LA VEGA,02,CONSTANZA,02,TIREO (D. M.).,02,LA ALTAGRACIA,004,SURIEL,100,149,89,12,20,67.3
13,LA VEGA,02,CONSTANZA,02,TIREO (D. M.).,02,LA ALTAGRACIA,008,EL CAFÉ,26,73,49,15,12,56.57
13,LA VEGA,02,CONSTANZA,02,TIREO (D. M.).,07,TIREO ABAJO,006,PINALITO,21,15,2,0,2,90
13,LA VEGA,03,JARABACOA,01,JARABACOA,08,PASO BAJITO,005,LOS SALTADEROS,2,0,0,0,8,20
13,LA VEGA,03,JARABACOA,01,JARABACOA,03,COROCITO,006,MATA CADILLO,6,24,8,2,9,61.22
13,LA VEGA,03,JARABACOA,01,JARABACOA,03,COROCITO,007,COROCITO,21,61,45,2,25,53.25
13,LA VEGA,03,JARABACOA,01,JARABACOA,04,ESTANCITA,006,LOS POMOS,11,32,44,13,45,29.66
13,LA VEGA,03,JARABACOA,01,JARABACOA,04,ESTANCITA,007,ESTANCITA,2,15,11,1,9,44.74
13,LA VEGA,03,JARABACOA,01,JARABACOA,06,JUMUNUCO,013,RANCHO DEL RÍO GUANAJUMA,1,2,0,0,15,16.67
13,LA VEGA,03,JARABACOA,01,JARABACOA,02,PINAR QUEMADO,008,ARROYO CERCADO,24,102,188,24,71,30.81
13,LA VEGA,03,JARABACOA,01,JARABACOA,08,PASO BAJITO,004,LA MANACLA,2,16,10,5,8,43.9
13,LA VEGA,02,CONSTANZA,02,TIREO (D. M.).,02,LA ALTAGRACIA,005,EL CHICHARRÓN,26,24,25,3,28,47.17
13,LA VEGA,02,CONSTANZA,02,TIREO (D. M.).,02,LA ALTAGRACIA,006,LA ESCUCHADERA,8,15,4,0,4,74.19
13,LA VEGA,02,CONSTANZA,02,TIREO (D. M.).,07,TIREO ABAJO,013,PORTEZUELO,23,82,76,28,19,46.05
13,LA VEGA,02,CONSTANZA,02,TIREO (D. M.).,04,LA DESCUBIERTA,001,LA DESCUBIERTA,17,28,30,8,27,40.91
13,LA VEGA,02,CONSTANZA,02,TIREO (D. M.).,06,EL RÍO,010,LA NOVILLA,0,1,0,0,1,50
13,LA VEGA,03,JARABACOA,01,JARABACOA,06,JUMUNUCO,009,LOS PASOS,19,2,0,0,10,67.74
13,LA VEGA,03,JARABACOA,01,JARABACOA,06,JUMUNUCO,007,MONTAZOS DE ARROYO BONITO,4,1,0,0,5,50
13,LA VEGA,02,CONSTANZA,02,TIREO (D. M.).,04,LA DESCUBIERTA,004,LAS NUECES,36,25,14,3,1,77.22
13,LA VEGA,03,JARABACOA,01,JARABACOA,04,ESTANCITA,001,BOMA,16,23,2,1,5,82.98
13,LA VEGA,03,JARABACOA,01,JARABACOA,04,ESTANCITA,002,ARROYO VERRACO,4,15,9,1,6,54.29
13,LA VEGA,03,JARABACOA,01,JARABACOA,04,ESTANCITA,003,LA PEÑA,1,13,9,3,6,43.75
13,LA VEGA,03,JARABACOA,01,JARABACOA,04,ESTANCITA,004,JUANA ÁLVAREZ,3,6,6,0,1,56.25
13,LA VEGA,03,JARABACOA,01,JARABACOA,04,ESTANCITA,005,BALCÓN DE ESTANCITA,11,40,15,3,14,61.45
13,LA VEGA,03,JARABACOA,01,JARABACOA,02,PINAR QUEMADO,005,PALO BLANCO,47,188,242,70,57,38.91
13,LA VEGA,03,JARABACOA,01,JARABACOA,05,PEDREGAL,004,PEDREGAL,26,134,193,61,108,30.65
13,LA VEGA,03,JARABACOA,01,JARABACOA,08,PASO BAJITO,006,EL GUAYABO,0,8,1,0,0,88.89
13,LA VEGA,03,JARABACOA,01,JARABACOA,05,PEDREGAL,001,EL SALTO DE JIMENOA,3,20,28,2,12,35.38
13,LA VEGA,03,JARABACOA,01,JARABACOA,08,PASO BAJITO,008,LA SAL,1,1,0,0,0,100
13,LA VEGA,02,CONSTANZA,03,LA SABINA (D. M.).,05,EL CONVENTO,001,EL CONVENTO,20,49,14,0,12,72.63
13,LA VEGA,02,CONSTANZA,03,LA SABINA (D. M.).,03,PALERO,002,PALERO ALMONTE,21,84,74,14,35,46.05
13,LA VEGA,02,CONSTANZA,03,LA SABINA (D. M.).,02,LOS CERROS,005,EL CAJÓN,0,0,0,0,22,0
13,LA VEGA,02,CONSTANZA,03,LA SABINA (D. M.).,05,EL CONVENTO,012,EL CONVENTO NIZAO-LA NEVERA,1,0,0,0,0,100
13,LA VEGA,02,CONSTANZA,03,LA SABINA (D. M.).,05,EL CONVENTO,008,VILLA LOS PAJONES,2,0,0,0,0,100
13,LA VEGA,02,CONSTANZA,03,LA SABINA (D. M.).,05,EL CONVENTO,006,SONADOR,0,0,0,0,3,0
13,LA VEGA,02,CONSTANZA,03,LA SABINA (D. M.).,05,EL CONVENTO,004,MONTE LLANO,0,0,0,0,1,0
13,LA VEGA,02,CONSTANZA,03,LA SABINA (D. M.).,05,EL CONVENTO,003,LOS CASTILLOS,0,0,0,0,5,0
13,LA VEGA,02,CONSTANZA,03,LA SABINA (D. M.).,05,EL CONVENTO,007,PINAR PAREJO,10,29,9,1,0,79.59
13,LA VEGA,02,CONSTANZA,03,LA SABINA (D. M.).,05,EL CONVENTO,002,RÍO GRANDE,10,36,6,1,6,77.97
13,LA VEGA,02,CONSTANZA,03,LA SABINA (D. M.).,05,EL CONVENTO,005,LA SILVERIO,0,0,0,0,10,0
13,LA VEGA,02,CONSTANZA,03,LA SABINA (D. M.).,02,LOS CERROS,002,EL TAPIÓN,1,11,10,0,10,37.5
13,LA VEGA,02,CONSTANZA,03,LA SABINA (D. M.).,03,PALERO,001,CERRO DEL MONTE,0,1,1,0,3,20
13,LA VEGA,02,CONSTANZA,03,LA SABINA (D. M.).,03,PALERO,006,CAÑADA SECA,41,152,100,25,17,57.61
13,LA VEGA,02,CONSTANZA,03,LA SABINA (D. M.).,03,PALERO,003,PALERO O LOS HIGOS,10,64,67,29,12,40.66
13,LA VEGA,02,CONSTANZA,03,LA SABINA (D. M.).,04,VILLA SABINA,001,GAJO DEL MULO O VILLA DE LA MONTAÑA,8,19,26,6,26,31.76
13,LA VEGA,02,CONSTANZA,03,LA SABINA (D. M.).,03,PALERO,005,EL VALLE,4,34,51,10,0,38.38
13,LA VEGA,02,CONSTANZA,03,LA SABINA (D. M.).,02,LOS CERROS,001,CACHAZA,0,3,4,0,0,42.86
13,LA VEGA,02,CONSTANZA,03,LA SABINA (D. M.).,02,LOS CERROS,003,LOS GUINEOS,1,13,5,1,6,53.85
13,LA VEGA,02,CONSTANZA,03,LA SABINA (D. M.).,04,VILLA SABINA,005,GAJO DEL MULO,0,0,1,1,0,0
13,LA VEGA,02,CONSTANZA,03,LA SABINA (D. M.).,02,LOS CERROS,006,LOS CERROS,8,47,33,21,0,50.46
13,LA VEGA,02,CONSTANZA,03,LA SABINA (D. M.).,03,PALERO,004,EL MEMISO O EL MIMERO,22,42,20,7,0,70.33
13,LA VEGA,02,CONSTANZA,03,LA SABINA (D. M.).,04,VILLA SABINA,002,SANTA ANA O BARRIO SANTA ANA,8,30,32,17,31,32.2
13,LA VEGA,02,CONSTANZA,03,LA SABINA (D. M.).,02,LOS CERROS,004,EL GRAMASO,1,5,2,0,0,75
13,LA VEGA,02,CONSTANZA,03,LA SABINA (D. M.).,04,VILLA SABINA,003,BARRIO DUARTE,11,31,9,2,4,73.68
13,LA VEGA,04,JIMA ABAJO,01,JIMA ABAJO,03,JIMA ARRIBA,001,EL HIGO,4,26,35,5,22,32.61
13,LA VEGA,04,JIMA ABAJO,01,JIMA ABAJO,04,SAN BARTOLO,005,LA BOCA DE JIMA,5,11,1,0,3,80
13,LA VEGA,04,JIMA ABAJO,01,JIMA ABAJO,04,SAN BARTOLO,002,BATEY BADÍA,0,1,0,0,0,100
13,LA VEGA,04,JIMA ABAJO,01,JIMA ABAJO,04,SAN BARTOLO,001,LA FACTORÍA,2,15,2,3,3,68
13,LA VEGA,04,JIMA ABAJO,01,JIMA ABAJO,04,SAN BARTOLO,003,LA JOYA,34,76,33,2,11,70.51
13,LA VEGA,04,JIMA ABAJO,01,JIMA ABAJO,04,SAN BARTOLO,006,SAN BARTOLO (BARTOLOMÉ),15,84,55,11,5,58.24
13,LA VEGA,04,JIMA ABAJO,01,JIMA ABAJO,04,SAN BARTOLO,004,EL ALTO DEL POLVO,1,29,12,1,17,50
13,LA VEGA,04,JIMA ABAJO,01,JIMA ABAJO,03,JIMA ARRIBA,007,LOS RINCONES,3,5,1,0,7,50
13,LA VEGA,04,JIMA ABAJO,01,JIMA ABAJO,03,JIMA ARRIBA,005,LOS COROZOS,11,12,2,0,3,82.14
13,LA VEGA,04,JIMA ABAJO,01,JIMA ABAJO,03,JIMA ARRIBA,010,LA GUANÁBANA,49,71,36,7,2,72.73
13,LA VEGA,04,JIMA ABAJO,01,JIMA ABAJO,03,JIMA ARRIBA,003,LAS ESCOBAS,22,140,152,43,24,42.52
13,LA VEGA,04,JIMA ABAJO,01,JIMA ABAJO,03,JIMA ARRIBA,004,LA LOMETA,26,83,66,8,22,53.17
13,LA VEGA,04,JIMA ABAJO,01,JIMA ABAJO,02,LA FRONTERA,003,PICO ALTO,0,0,0,0,1,0
13,LA VEGA,04,JIMA ABAJO,01,JIMA ABAJO,02,LA FRONTERA,007,LA FACTORÍA,5,19,8,2,4,63.16
13,LA VEGA,04,JIMA ABAJO,01,JIMA ABAJO,02,LA FRONTERA,002,LOS CERROS,32,107,64,14,35,55.16
13,LA VEGA,04,JIMA ABAJO,01,JIMA ABAJO,02,LA FRONTERA,001,LA FRONTERA,14,99,101,25,39,40.65
13,LA VEGA,04,JIMA ABAJO,01,JIMA ABAJO,03,JIMA ARRIBA,006,RÍO CHIQUITO,2,1,1,0,3,42.86
13,LA VEGA,04,JIMA ABAJO,01,JIMA ABAJO,02,LA FRONTERA,005,LOS SAMANES,64,51,10,1,6,87.12
13,LA VEGA,04,JIMA ABAJO,01,JIMA ABAJO,02,LA FRONTERA,004,LOS QUEMAÍTOS,30,35,5,1,4,86.67
13,LA VEGA,04,JIMA ABAJO,01,JIMA ABAJO,02,LA FRONTERA,008,LA ROMANA,38,41,13,3,27,64.75
13,LA VEGA,04,JIMA ABAJO,01,JIMA ABAJO,03,JIMA ARRIBA,002,JIMA ARRIBA,14,66,90,40,103,25.56
13,LA VEGA,04,JIMA ABAJO,01,JIMA ABAJO,02,LA FRONTERA,006,EL CANAL DE LA MISERIA,28,36,2,1,9,84.21
13,LA VEGA,04,JIMA ABAJO,01,JIMA ABAJO,03,JIMA ARRIBA,008,LA CUARENTA,4,3,1,0,15,30.43
13,LA VEGA,04,JIMA ABAJO,01,JIMA ABAJO,03,JIMA ARRIBA,009,LOS PATOS,9,22,17,7,17,43.06
13,LA VEGA,01,LA VEGA,01,LA VEGA,02,BACUÍ ARRIBA,001,MAGUEY,29,100,99,18,40,45.1
13,LA VEGA,01,LA VEGA,01,LA VEGA,12,LAS CABUYAS,006,LA PRIVADA,8,17,3,1,67,26.04
13,LA VEGA,01,LA VEGA,01,LA VEGA,10,JAMO,001,LOS RIELES,34,105,53,22,50,52.65
13,LA VEGA,01,LA VEGA,01,LA VEGA,14,LICEY,005,RANCHO ABAJO,14,83,35,7,19,61.39
13,LA VEGA,01,LA VEGA,01,LA VEGA,14,LICEY,007,MONTE ADENTRO,2,20,14,2,23,36.07
13,LA VEGA,01,LA VEGA,01,LA VEGA,14,LICEY,001,HOYA GRANDE O LAS TABLITAS,70,257,225,33,104,47.46
13,LA VEGA,01,LA VEGA,01,LA VEGA,02,BACUÍ ARRIBA,008,SABANA DE LOS JIMÉNEZ,8,58,30,5,20,54.55
13,LA VEGA,01,LA VEGA,01,LA VEGA,02,BACUÍ ARRIBA,002,BACUÍ AL MEDIO,75,192,99,15,40,63.42
13,LA VEGA,01,LA VEGA,01,LA VEGA,02,BACUÍ ARRIBA,011,BACUÍ ADENTRO,6,21,11,1,16,49.09
13,LA VEGA,01,LA VEGA,01,LA VEGA,02,BACUÍ ARRIBA,004,LAS CINCO ESQUINAS,27,84,22,3,23,69.81
13,LA VEGA,01,LA VEGA,01,LA VEGA,02,BACUÍ ARRIBA,003,LAS UVAS,23,122,116,25,58,42.15
13,LA VEGA,01,LA VEGA,01,LA VEGA,02,BACUÍ ARRIBA,009,EL CAPACITO,6,32,7,1,16,61.29
13,LA VEGA,01,LA VEGA,01,LA VEGA,02,BACUÍ ARRIBA,007,EL MAMONCITO,16,48,11,0,16,70.33
13,LA VEGA,01,LA VEGA,01,LA VEGA,02,BACUÍ ARRIBA,005,EL RODEO,19,37,31,4,3,59.57
13,LA VEGA,01,LA VEGA,01,LA VEGA,03,BARRANCA,003,MONTE PLATA,2,9,11,5,17,25
13,LA VEGA,01,LA VEGA,01,LA VEGA,03,BARRANCA,008,TORO CENIZO,29,69,50,5,52,47.8
13,LA VEGA,01,LA VEGA,01,LA VEGA,03,BARRANCA,005,VERRUGUETE,70,79,36,6,14,72.68
13,LA VEGA,01,LA VEGA,01,LA VEGA,03,BARRANCA,006,LOS HOYOS,18,59,41,5,21,53.47
13,LA VEGA,01,LA VEGA,01,LA VEGA,03,BARRANCA,004,LAS YERBAS,6,51,61,13,30,35.4
13,LA VEGA,01,LA VEGA,01,LA VEGA,03,BARRANCA,002,BARRANCA,149,698,607,113,122,50.15
13,LA VEGA,01,LA VEGA,01,LA VEGA,10,JAMO,004,JAMO LA BARRANQUITA,4,35,69,5,19,29.55
13,LA VEGA,01,LA VEGA,01,LA VEGA,10,JAMO,005,JAMO JARDETA,60,258,261,58,30,47.68
13,LA VEGA,01,LA VEGA,01,LA VEGA,10,JAMO,002,LAS YAYAS ADENTRO,46,158,123,29,62,48.8
13,LA VEGA,01,LA VEGA,01,LA VEGA,12,LAS CABUYAS,001,LA CIDRA,41,205,229,37,54,43.46
13,LA VEGA,01,LA VEGA,01,LA VEGA,12,LAS CABUYAS,007,LOS ORNES O REFORMA,1,1,0,1,0,66.67
13,LA VEGA,01,LA VEGA,01,LA VEGA,12,LAS CABUYAS,002,LAS CABUYAS,214,310,206,47,157,56.1
13,LA VEGA,01,LA VEGA,01,LA VEGA,12,LAS CABUYAS,003,LOS GUAYOS,58,146,82,19,62,55.59
13,LA VEGA,01,LA VEGA,01,LA VEGA,12,LAS CABUYAS,004,LA CATALINA,43,173,140,19,17,55.1
13,LA VEGA,01,LA VEGA,01,LA VEGA,02,BACUÍ ARRIBA,010,BACUÍ ARRIBA,4,20,5,5,2,66.67
13,LA VEGA,01,LA VEGA,01,LA VEGA,12,LAS CABUYAS,005,LA CUARENTA,10,68,53,15,14,48.75
13,LA VEGA,01,LA VEGA,01,LA VEGA,12,LAS CABUYAS,008,SABANA REY ABAJO LAS CABUYAS,59,160,70,15,11,69.52
13,LA VEGA,01,LA VEGA,01,LA VEGA,10,JAMO,003,JAMO ARRIBA O JAMO AFUERA,4,13,13,3,40,23.29
13,LA VEGA,01,LA VEGA,01,LA VEGA,10,JAMO,008,LA CARMONA,11,70,69,12,72,34.62
13,LA VEGA,01,LA VEGA,01,LA VEGA,03,BARRANCA,001,BACUÍ ABAJO,59,165,183,28,87,42.91
13,LA VEGA,01,LA VEGA,01,LA VEGA,10,JAMO,007,LAS HOYITAS,27,90,91,11,112,35.35
13,LA VEGA,01,LA VEGA,01,LA VEGA,10,JAMO,006,LAS YAYAS AFUERA,32,127,118,20,10,51.79
13,LA VEGA,01,LA VEGA,01,LA VEGA,14,LICEY,004,LAS TOTUMAS O LOS TOCONES,35,69,62,15,9,54.74
13,LA VEGA,01,LA VEGA,01,LA VEGA,03,BARRANCA,007,JAGUA DULCE,3,15,35,11,21,21.18
13,LA VEGA,01,LA VEGA,01,LA VEGA,14,LICEY,002,LA RAFAELA,5,25,14,11,10,46.15
13,LA VEGA,01,LA VEGA,01,LA VEGA,02,BACUÍ ARRIBA,006,LA PALMITA,3,5,0,0,2,80
13,LA VEGA,03,JARABACOA,03,MANABAO (D. M.).,03,LA CIÉNAGA,010,LOS TABLONES,13,0,0,0,0,100
13,LA VEGA,03,JARABACOA,03,MANABAO (D. M.).,03,LA CIÉNAGA,011,BOCA DE LOS RÍOS,0,0,1,0,13,0
13,LA VEGA,03,JARABACOA,03,MANABAO (D. M.).,03,LA CIÉNAGA,001,CIÉNAGA,24,48,28,3,10,63.72
13,LA VEGA,03,JARABACOA,03,MANABAO (D. M.).,03,LA CIÉNAGA,002,MATA DE LIMÓN,10,37,20,5,16,53.41
13,LA VEGA,03,JARABACOA,03,MANABAO (D. M.).,03,LA CIÉNAGA,008,ARROYO FRÍO,2,10,5,1,2,60
13,LA VEGA,03,JARABACOA,03,MANABAO (D. M.).,03,LA CIÉNAGA,012,ARROYO DE LOS MUERTOS,8,9,3,1,8,58.62
13,LA VEGA,03,JARABACOA,03,MANABAO (D. M.).,03,LA CIÉNAGA,009,EL ARRAIGAN,7,21,7,1,0,77.78
13,LA VEGA,03,JARABACOA,03,MANABAO (D. M.).,03,LA CIÉNAGA,004,LA PEÑITA,10,21,9,0,5,68.89
13,LA VEGA,03,JARABACOA,03,MANABAO (D. M.).,03,LA CIÉNAGA,003,PASO DE LA PERRA,7,7,2,0,4,70
13,LA VEGA,03,JARABACOA,03,MANABAO (D. M.).,03,LA CIÉNAGA,005,JOYA DE RAMÓN,12,6,2,1,6,66.67
13,LA VEGA,04,JIMA ABAJO,02,RINCÓN (D. M.).,04,JUNUMUCÚ,002,LA GUAMA DE JUNUMUCÚ,14,19,7,1,6,70.21
13,LA VEGA,04,JIMA ABAJO,02,RINCÓN (D. M.).,02,LA CEIBITA,001,LA CEIBITA,20,39,36,8,23,46.83
13,LA VEGA,04,JIMA ABAJO,02,RINCÓN (D. M.).,02,LA CEIBITA,002,LA JAGÜITA,3,2,0,0,3,62.5
13,LA VEGA,04,JIMA ABAJO,02,RINCÓN (D. M.).,02,LA CEIBITA,003,EL TAMARINDO,20,70,57,19,45,42.65
13,LA VEGA,04,JIMA ABAJO,02,RINCÓN (D. M.).,03,RINCÓN,003,VILLA CANAL,0,1,2,0,0,33.33
13,LA VEGA,04,JIMA ABAJO,02,RINCÓN (D. M.).,03,RINCÓN,001,CALABACITO,4,3,8,1,2,38.89
13,LA VEGA,04,JIMA ABAJO,02,RINCÓN (D. M.).,04,JUNUMUCÚ,007,EL ALGARROBO O ACAPULCO,23,90,72,11,20,52.31
13,LA VEGA,04,JIMA ABAJO,02,RINCÓN (D. M.).,04,JUNUMUCÚ,009,CONTROBA O BORINQUEN,7,19,4,0,12,61.9
13,LA VEGA,04,JIMA ABAJO,02,RINCÓN (D. M.).,04,JUNUMUCÚ,001,EL CALICHE,4,39,45,20,26,32.09
13,LA VEGA,04,JIMA ABAJO,02,RINCÓN (D. M.).,04,JUNUMUCÚ,006,HAITÍ,43,80,64,14,17,56.42
13,LA VEGA,04,JIMA ABAJO,02,RINCÓN (D. M.).,04,JUNUMUCÚ,004,PUERTO ARTURO,28,101,37,8,40,60.28
13,LA VEGA,04,JIMA ABAJO,02,RINCÓN (D. M.).,04,JUNUMUCÚ,008,EL CERCADO,25,117,94,41,81,39.66
13,LA VEGA,04,JIMA ABAJO,02,RINCÓN (D. M.).,04,JUNUMUCÚ,003,JUNUMUCÚ,57,184,174,54,102,42.21
13,LA VEGA,03,JARABACOA,03,MANABAO (D. M.).,04,MANABAO,006,PAJARITO,5,29,12,2,16,53.12
13,LA VEGA,01,LA VEGA,01,LA VEGA,09,GUAREY,007,GUAREY,2,2,0,0,3,57.14
13,LA VEGA,03,JARABACOA,03,MANABAO (D. M.).,04,MANABAO,005,LA ANGOSTURA,2,8,1,0,1,83.33
13,LA VEGA,03,JARABACOA,03,MANABAO (D. M.).,04,MANABAO,002,ARROYO DEL RANCHO,4,12,10,0,6,50
13,LA VEGA,03,JARABACOA,03,MANABAO (D. M.).,04,MANABAO,004,"LA REDONDA (TIERRA COLORADA, EL ABANICO)",18,28,10,2,22,57.5
13,LA VEGA,03,JARABACOA,03,MANABAO (D. M.).,04,MANABAO,007,MATA DE CAFÉ,37,34,6,1,9,81.61
13,LA VEGA,03,JARABACOA,03,MANABAO (D. M.).,02,LOS DAJAOS,015,PIEDRA LLANA,9,6,1,1,2,78.95
13,LA VEGA,03,JARABACOA,03,MANABAO (D. M.).,02,LOS DAJAOS,013,LA MAJAGÜITA,5,1,1,0,8,40
13,LA VEGA,03,JARABACOA,03,MANABAO (D. M.).,02,LOS DAJAOS,014,LOS MARRANITOS,5,10,5,1,4,60
13,LA VEGA,03,JARABACOA,03,MANABAO (D. M.).,02,LOS DAJAOS,010,LOS DAJAOS,6,30,18,2,7,57.14
13,LA VEGA,03,JARABACOA,03,MANABAO (D. M.).,02,LOS DAJAOS,007,EL MANGUITO O ZUMBADOR,3,9,1,0,0,92.31
13,LA VEGA,01,LA VEGA,01,LA VEGA,04,BAYACANES,001,MONTE GRANDE,0,2,2,0,0,50
13,LA VEGA,01,LA VEGA,01,LA VEGA,15,PONTÓN,006,SABANA DE PONTÓN,8,43,9,4,0,79.69
13,LA VEGA,01,LA VEGA,01,LA VEGA,15,PONTÓN,012,EL PINO,125,512,578,109,218,41.31
13,LA VEGA,01,LA VEGA,01,LA VEGA,15,PONTÓN,011,EL ALGARROBO,4,6,2,1,0,76.92
13,LA VEGA,01,LA VEGA,01,LA VEGA,15,PONTÓN,007,RAMADA,14,65,47,7,25,50
13,LA VEGA,01,LA VEGA,01,LA VEGA,15,PONTÓN,002,HOYA  CAUTIVA,0,0,1,0,0,0
13,LA VEGA,01,LA VEGA,01,LA VEGA,15,PONTÓN,005,EL SIETE,1,5,4,2,1,46.15
13,LA VEGA,01,LA VEGA,01,LA VEGA,15,PONTÓN,004, AGUAS ALTAS,0,0,0,0,1,0
13,LA VEGA,01,LA VEGA,01,LA VEGA,09,GUAREY,006,GUAIGUÍ,16,54,32,5,6,61.95
13,LA VEGA,01,LA VEGA,01,LA VEGA,09,GUAREY,004,LOS GUANÁBANOS,33,94,42,1,17,67.91
13,LA VEGA,01,LA VEGA,01,LA VEGA,09,GUAREY,003,ARROYO ANCHO,3,6,4,0,4,52.94
13,LA VEGA,01,LA VEGA,01,LA VEGA,09,GUAREY,002,EL FARO,11,16,3,0,3,81.82
13,LA VEGA,01,LA VEGA,01,LA VEGA,15,PONTÓN,001,PONTÓN,12,72,55,12,36,44.92
13,LA VEGA,01,LA VEGA,01,LA VEGA,15,PONTÓN,003,TERRERO,1,7,0,0,0,100
13,LA VEGA,03,JARABACOA,03,MANABAO (D. M.).,02,LOS DAJAOS,004,EL DULCE O ARROYO DULCE,10,16,0,0,10,72.22
13,LA VEGA,03,JARABACOA,03,MANABAO (D. M.).,02,LOS DAJAOS,005,EL BOLO O LA PELÚA,0,1,0,0,0,100
13,LA VEGA,03,JARABACOA,03,MANABAO (D. M.).,02,LOS DAJAOS,009,LA PALOMA,5,7,1,0,9,54.55
13,LA VEGA,03,JARABACOA,03,MANABAO (D. M.).,02,LOS DAJAOS,003,LA CORTINA,4,8,5,1,0,66.67
13,LA VEGA,03,JARABACOA,03,MANABAO (D. M.).,02,LOS DAJAOS,002,LOS CALABAZOS,3,7,8,1,18,27.03
13,LA VEGA,03,JARABACOA,03,MANABAO (D. M.).,04,MANABAO,001,PINO DEL RAYO,9,23,12,3,2,65.31
13,LA VEGA,03,JARABACOA,03,MANABAO (D. M.).,02,LOS DAJAOS,001,RANCHO DEL RÍO,1,0,0,0,2,33.33
13,LA VEGA,03,JARABACOA,03,MANABAO (D. M.).,02,LOS DAJAOS,011,CAÑADA AMARGA,1,0,0,0,0,100
13,LA VEGA,01,LA VEGA,01,LA VEGA,09,GUAREY,001,GUAREY ARRIBA,0,0,0,0,2,0
13,LA VEGA,01,LA VEGA,01,LA VEGA,16,SABANETA,002,EL PINITO DE LOS JIMÉNEZ,18,75,86,9,0,49.47
13,LA VEGA,01,LA VEGA,01,LA VEGA,16,SABANETA,001,SABANETA O EL PUENTE,175,407,465,129,141,44.19
13,LA VEGA,01,LA VEGA,01,LA VEGA,16,SABANETA,003,MATANZAS,24,127,163,34,54,37.56
13,LA VEGA,01,LA VEGA,01,LA VEGA,16,SABANETA,005,PALMAREJO,0,0,0,0,1,0
13,LA VEGA,01,LA VEGA,01,LA VEGA,16,SABANETA,004,RANCHO VIEJO,56,257,254,82,69,43.59
13,LA VEGA,01,LA VEGA,01,LA VEGA,16,SABANETA,006,MAGUEY,46,114,70,8,39,57.76
13,LA VEGA,01,LA VEGA,04,TAVERA (D.M.).,02,LA JINA HUECA,008,LA CABRA,12,11,1,0,7,74.19
13,LA VEGA,02,CONSTANZA,01,CONSTANZA,02,MALDONADO,007,LA SABANA DEL SUR,19,0,0,0,3,86.36
13,LA VEGA,01,LA VEGA,01,LA VEGA,04,BAYACANES,005,JOA,44,47,7,1,15,79.82
13,LA VEGA,02,CONSTANZA,01,CONSTANZA,03,PALERO,005,COLONIA KENNEDY,56,166,225,112,72,35.18
13,LA VEGA,02,CONSTANZA,01,CONSTANZA,02,MALDONADO,014,FUNDO VIEJO,0,0,0,0,6,0
13,LA VEGA,02,CONSTANZA,01,CONSTANZA,02,MALDONADO,015,LA CIÉNAGA,6,0,0,1,1,75
13,LA VEGA,02,CONSTANZA,01,CONSTANZA,02,MALDONADO,017,LOS CAÑOS,7,0,0,0,1,87.5
13,LA VEGA,02,CONSTANZA,01,CONSTANZA,02,MALDONADO,019,LOS LIMONCITOS,24,2,1,0,7,76.47
13,LA VEGA,02,CONSTANZA,01,CONSTANZA,02,MALDONADO,018,LAS AUYAMAS,7,24,24,10,8,42.47
13,LA VEGA,02,CONSTANZA,01,CONSTANZA,02,MALDONADO,013,EL CHORRO,156,253,116,25,59,67.16
13,LA VEGA,02,CONSTANZA,01,CONSTANZA,02,MALDONADO,001,LA CIENAGUITA,21,31,12,1,11,68.42
13,LA VEGA,02,CONSTANZA,01,CONSTANZA,02,MALDONADO,005,EL ARENASO,73,136,90,10,36,60.58
13,LA VEGA,02,CONSTANZA,01,CONSTANZA,02,MALDONADO,002,EL PUENTE,85,183,154,30,28,55.83
13,LA VEGA,02,CONSTANZA,01,CONSTANZA,02,MALDONADO,004,DON MIGUEL,0,0,0,0,2,0
13,LA VEGA,02,CONSTANZA,01,CONSTANZA,02,MALDONADO,003,LA CULATA,53,119,78,15,44,55.66
13,LA VEGA,02,CONSTANZA,01,CONSTANZA,02,MALDONADO,010,EL PINO DE LAS SIETE HOJAS,0,0,0,1,0,0
13,LA VEGA,02,CONSTANZA,01,CONSTANZA,02,MALDONADO,016,EL LIMÓN,9,0,0,0,1,90
13,LA VEGA,02,CONSTANZA,01,CONSTANZA,02,MALDONADO,009,LOS CAYETANOS,16,0,0,0,3,84.21
13,LA VEGA,02,CONSTANZA,01,CONSTANZA,02,MALDONADO,011,ARROYO NARANJO,10,0,0,0,1,90.91
13,LA VEGA,02,CONSTANZA,01,CONSTANZA,02,MALDONADO,012,LOS CORRALITOS,26,12,0,0,2,95
13,LA VEGA,01,LA VEGA,04,TAVERA (D.M.).,04,JAGUA GORDA,014,LOMA SUCIA,9,13,1,0,5,78.57
13,LA VEGA,01,LA VEGA,04,TAVERA (D.M.).,04,JAGUA GORDA,011,LA MONJA,9,0,0,0,2,81.82
13,LA VEGA,01,LA VEGA,04,TAVERA (D.M.).,04,JAGUA GORDA,013,LOS LIMONES,10,2,0,0,3,80
13,LA VEGA,01,LA VEGA,04,TAVERA (D.M.).,04,JAGUA GORDA,012,VELAZQUITO,22,9,1,0,2,91.18
13,LA VEGA,01,LA VEGA,04,TAVERA (D.M.).,04,JAGUA GORDA,007,LOMITA LARGA,5,4,2,1,2,64.29
13,LA VEGA,01,LA VEGA,04,TAVERA (D.M.).,04,JAGUA GORDA,008,JAGUA GORDA,16,51,9,7,9,72.83
13,LA VEGA,01,LA VEGA,04,TAVERA (D.M.).,02,LA JINA HUECA,012,LOS INDIOS,3,4,0,0,49,12.5
13,LA VEGA,01,LA VEGA,04,TAVERA (D.M.).,04,JAGUA GORDA,006,EL CAPÁ,10,15,2,0,5,78.12
13,LA VEGA,01,LA VEGA,04,TAVERA (D.M.).,04,JAGUA GORDA,004,EL MAMEYITO,0,0,0,0,5,0
13,LA VEGA,01,LA VEGA,04,TAVERA (D.M.).,04,JAGUA GORDA,009,LOMA FIRME,11,11,1,0,4,81.48
13,LA VEGA,01,LA VEGA,04,TAVERA (D.M.).,04,JAGUA GORDA,003,EL BEJUCAL,0,1,0,0,2,33.33
13,LA VEGA,01,LA VEGA,04,TAVERA (D.M.).,04,JAGUA GORDA,002,EL CAFÉ,16,8,0,0,3,88.89
13,LA VEGA,01,LA VEGA,01,LA VEGA,04,BAYACANES,004,EL HIGÜERO,28,52,28,15,23,54.79
13,LA VEGA,01,LA VEGA,04,TAVERA (D.M.).,02,LA JINA HUECA,010,LOS RANCHOS DE TAVERAS,33,99,59,12,0,65.02
13,LA VEGA,01,LA VEGA,04,TAVERA (D.M.).,02,LA JINA HUECA,003,EL JOBO,3,19,8,1,6,59.46
13,LA VEGA,01,LA VEGA,04,TAVERA (D.M.).,02,LA JINA HUECA,004,CONUCO VIEJO,6,51,17,7,26,53.27
13,LA VEGA,01,LA VEGA,04,TAVERA (D.M.).,03,LA LLANADA,008,ALTO DEL JOBO,16,29,24,0,11,56.25
13,LA VEGA,01,LA VEGA,04,TAVERA (D.M.).,02,LA JINA HUECA,007,TAVERA,13,12,2,0,10,67.57
13,LA VEGA,01,LA VEGA,04,TAVERA (D.M.).,03,LA LLANADA,001,LA CIGUA,26,67,19,2,27,65.96
13,LA VEGA,01,LA VEGA,04,TAVERA (D.M.).,03,LA LLANADA,005,LA SABANA,2,14,3,1,9,55.17
13,LA VEGA,01,LA VEGA,04,TAVERA (D.M.).,03,LA LLANADA,004,LA TAYOTA,8,39,9,1,0,82.46
13,LA VEGA,01,LA VEGA,04,TAVERA (D.M.).,03,LA LLANADA,010,EL PINO,13,51,37,6,9,55.17
13,LA VEGA,01,LA VEGA,04,TAVERA (D.M.).,03,LA LLANADA,006,LA TALA,8,28,11,2,3,69.23
13,LA VEGA,01,LA VEGA,04,TAVERA (D.M.).,03,LA LLANADA,009,EL FUNDO,8,27,29,7,16,40.23
13,LA VEGA,01,LA VEGA,04,TAVERA (D.M.).,02,LA JINA HUECA,006,LA JAGÜITA,15,46,11,1,27,61
13,LA VEGA,01,LA VEGA,04,TAVERA (D.M.).,02,LA JINA HUECA,005,EL MORRO,21,41,7,1,7,80.52
13,LA VEGA,01,LA VEGA,01,LA VEGA,05,BURENDE,004,LOS MOTA,3,16,2,0,0,90.48
13,LA VEGA,01,LA VEGA,01,LA VEGA,05,BURENDE,005,GUACO(LA PIÑITA),15,99,141,53,15,35.29
13,LA VEGA,01,LA VEGA,01,LA VEGA,05,BURENDE,020,LOS COROZOS,20,87,107,26,28,39.93
13,LA VEGA,01,LA VEGA,01,LA VEGA,05,BURENDE,021,LOS SUÁREZ,7,38,47,18,7,38.46
13,LA VEGA,01,LA VEGA,01,LA VEGA,05,BURENDE,018,BURENDE,63,359,404,128,161,37.85
13,LA VEGA,01,LA VEGA,01,LA VEGA,05,BURENDE,007,LA LOMITA DE GUACO,13,27,21,5,39,38.1
13,LA VEGA,01,LA VEGA,01,LA VEGA,05,BURENDE,015,SAN FRANCISCO,44,146,138,50,82,41.3
13,LA VEGA,01,LA VEGA,01,LA VEGA,05,BURENDE,014,SANTO CERRO,15,76,114,48,75,27.74
13,LA VEGA,01,LA VEGA,01,LA VEGA,05,BURENDE,006,GUACO LA PISTA,17,140,139,21,42,43.73
13,LA VEGA,01,LA VEGA,01,LA VEGA,05,BURENDE,008,LOMA DE LOS ÁNGELES,7,26,32,12,26,32.04
13,LA VEGA,01,LA VEGA,04,TAVERA (D.M.).,02,LA JINA HUECA,009,EL AGUACATE,12,25,3,0,0,92.5
13,LA VEGA,01,LA VEGA,01,LA VEGA,05,BURENDE,019,LOS VALERIO,14,91,116,40,53,33.44
13,LA VEGA,02,CONSTANZA,01,CONSTANZA,02,MALDONADO,008,LOS ALMENDRALES,9,0,0,0,0,100
13,LA VEGA,02,CONSTANZA,01,CONSTANZA,02,MALDONADO,006,ARROYO HONDO,5,0,1,0,2,62.5
13,LA VEGA,01,LA VEGA,01,LA VEGA,05,BURENDE,017,GUACO LOS FRÍAS,25,122,94,19,24,51.76
13,LA VEGA,01,LA VEGA,01,LA VEGA,05,BURENDE,016,POZO DEL BEJUCO,1,15,18,15,6,29.09
13,LA VEGA,01,LA VEGA,04,TAVERA (D.M.).,02,LA JINA HUECA,002,LOMA DEL COCO,6,13,1,1,2,82.61
13,LA VEGA,01,LA VEGA,04,TAVERA (D.M.).,02,LA JINA HUECA,011,POBLADO DE TAVERAS,5,3,0,0,2,80
13,LA VEGA,01,LA VEGA,04,TAVERA (D.M.).,04,JAGUA GORDA,005,EL COLORADO,1,1,1,0,8,18.18
13,LA VEGA,01,LA VEGA,04,TAVERA (D.M.).,04,JAGUA GORDA,016,LA PIÑA,17,6,0,0,9,71.88
13,LA VEGA,01,LA VEGA,04,TAVERA (D.M.).,04,JAGUA GORDA,017,LOMA DE LA PALMA,0,0,0,0,1,0
13,LA VEGA,01,LA VEGA,04,TAVERA (D.M.).,04,JAGUA GORDA,018,EL AÑIL,12,25,9,1,5,71.15
13,LA VEGA,01,LA VEGA,04,TAVERA (D.M.).,04,JAGUA GORDA,019,LAS CRUCES,20,13,0,0,0,100
13,LA VEGA,01,LA VEGA,04,TAVERA (D.M.).,04,JAGUA GORDA,021,LA AHUMADA,1,0,0,0,1,50
13,LA VEGA,01,LA VEGA,01,LA VEGA,04,BAYACANES,009,MONTE LLANO,6,6,0,0,6,66.67
13,LA VEGA,01,LA VEGA,04,TAVERA (D.M.).,04,JAGUA GORDA,020,LOS CAMARONES,19,10,1,0,8,76.32
13,LA VEGA,01,LA VEGA,01,LA VEGA,04,BAYACANES,006,CERCADO ALTO,15,49,20,4,28,55.17
13,LA VEGA,01,LA VEGA,01,LA VEGA,04,BAYACANES,008,EL HIGO,6,0,1,0,2,66.67
13,LA VEGA,01,LA VEGA,01,LA VEGA,04,BAYACANES,007,YAMI,12,67,82,12,13,42.47
13,LA VEGA,01,LA VEGA,01,LA VEGA,05,BURENDE,002,LAS MARTÍNEZ,3,26,40,19,58,19.86
13,LA VEGA,01,LA VEGA,01,LA VEGA,05,BURENDE,001,ARENOSO,36,120,231,139,90,25.32
13,LA VEGA,01,LA VEGA,01,LA VEGA,05,BURENDE,003,LOS CALLEJONES,11,80,101,31,120,26.53
13,LA VEGA,01,LA VEGA,01,LA VEGA,04,BAYACANES,002,LAS CRUCES,26,202,269,80,52,36.25
13,LA VEGA,01,LA VEGA,01,LA VEGA,05,BURENDE,013,CARRERA DE PALMAS,35,200,287,74,126,32.55
13,LA VEGA,01,LA VEGA,01,LA VEGA,05,BURENDE,009,RÍO SECO,95,360,581,159,281,30.83
13,LA VEGA,01,LA VEGA,01,LA VEGA,05,BURENDE,010,SOTO,24,121,181,56,92,30.59
13,LA VEGA,01,LA VEGA,01,LA VEGA,05,BURENDE,011,LAS POCILGAS,11,68,49,7,49,42.93
13,LA VEGA,02,CONSTANZA,01,CONSTANZA,03,PALERO,004,EL VALLE,5,15,15,12,10,35.09
13,LA VEGA,02,CONSTANZA,01,CONSTANZA,03,PALERO,001,LAS AUYAMAS,10,44,56,24,19,35.29
13,LA VEGA,02,CONSTANZA,01,CONSTANZA,03,PALERO,002,LA COLONIA JAPONESA,61,217,223,85,61,42.97
13,LA VEGA,02,CONSTANZA,03,LA SABINA (D. M.).,04,VILLA SABINA,004,GUARICANO O JARRO SUCIO,59,137,109,15,0,61.25
13,LA VEGA,01,LA VEGA,01,LA VEGA,06,LA CABIRMOTA,001,CABIRMOTA,19,223,206,80,97,38.72
13,LA VEGA,01,LA VEGA,02,RÍO VERDE ARRIBA (D. M.).,03,BONAGUA,001,BONAGUA,22,93,69,24,19,50.66
13,LA VEGA,01,LA VEGA,02,RÍO VERDE ARRIBA (D. M.).,02,ARROYO HONDO ARRIBA,001,ARROYO HONDO ARRIBA,21,44,8,1,27,64.36
13,LA VEGA,01,LA VEGA,02,RÍO VERDE ARRIBA (D. M.).,04,MIRADOR,002,MONTE ADENTRO,7,34,62,22,63,21.81
13,LA VEGA,01,LA VEGA,03,EL RANCHITO (D. M.).,03,EL BADÉN,003,LOS SOLARES U ORLANDO MARTÍNEZ,1,21,35,7,22,25.58
13,LA VEGA,01,LA VEGA,03,EL RANCHITO (D. M.).,02,SABANA REY,007,LOS RANCHOS,0,0,0,0,4,0
13,LA VEGA,01,LA VEGA,02,RÍO VERDE ARRIBA (D. M.).,06,PUEBLO VIEJO,001,PUEBLO VIEJO,15,35,35,4,31,41.67
13,LA VEGA,01,LA VEGA,01,LA VEGA,11,LA PENDA,006,EL CAIMITO ADENTRO,46,186,168,37,90,44.02
13,LA VEGA,01,LA VEGA,01,LA VEGA,11,LA PENDA,007,EL CAIMITO ABAJO,2,23,34,8,15,30.49
13,LA VEGA,01,LA VEGA,01,LA VEGA,11,LA PENDA,005,EL CAIMITO AFUERA,32,132,223,68,92,29.98
13,LA VEGA,01,LA VEGA,01,LA VEGA,11,LA PENDA,004,LA TORRE,52,135,183,109,41,35.96
13,LA VEGA,01,LA VEGA,01,LA VEGA,11,LA PENDA,002,LA PENDA,12,103,139,47,60,31.86
13,LA VEGA,01,LA VEGA,02,RÍO VERDE ARRIBA (D. M.).,03,BONAGUA,003,EL CAIMITO,4,43,57,17,26,31.97
13,LA VEGA,01,LA VEGA,02,RÍO VERDE ARRIBA (D. M.).,03,BONAGUA,004,ROMERO,18,108,72,24,18,52.5
13,LA VEGA,01,LA VEGA,02,RÍO VERDE ARRIBA (D. M.).,03,BONAGUA,005,LA PALMITA,16,43,39,7,23,46.09
13,LA VEGA,01,LA VEGA,02,RÍO VERDE ARRIBA (D. M.).,02,ARROYO HONDO ARRIBA,002,ARROYO HONDO ABAJO,22,92,52,5,29,57
13,LA VEGA,01,LA VEGA,02,RÍO VERDE ARRIBA (D. M.).,02,ARROYO HONDO ARRIBA,005,BONAGUA LOS SIRICES,6,41,24,2,19,51.09
13,LA VEGA,01,LA VEGA,02,RÍO VERDE ARRIBA (D. M.).,02,ARROYO HONDO ARRIBA,003,LOS QUEZADA,22,81,33,5,22,63.19
13,LA VEGA,01,LA VEGA,02,RÍO VERDE ARRIBA (D. M.).,02,ARROYO HONDO ARRIBA,004,LA JABILLA,16,93,29,4,12,70.78
13,LA VEGA,01,LA VEGA,02,RÍO VERDE ARRIBA (D. M.).,08,RÍO VERDE ARRIBA,006,EL CALICHE,5,45,46,6,25,39.37
13,LA VEGA,01,LA VEGA,02,RÍO VERDE ARRIBA (D. M.).,08,RÍO VERDE ARRIBA,005,LA DESTILADERA,5,23,24,6,7,43.08
13,LA VEGA,01,LA VEGA,01,LA VEGA,11,LA PENDA,001,EL QUEMADO,53,247,220,32,81,47.39
13,LA VEGA,01,LA VEGA,02,RÍO VERDE ARRIBA (D. M.).,08,RÍO VERDE ARRIBA,001,RÍO VERDE ARRIBA,3,12,22,3,28,22.06
13,LA VEGA,01,LA VEGA,02,RÍO VERDE ARRIBA (D. M.).,08,RÍO VERDE ARRIBA,007,LA SABANA DE RÍO VERDE,2,30,32,7,4,42.67
13,LA VEGA,01,LA VEGA,02,RÍO VERDE ARRIBA (D. M.).,05,EL NARANJAL,002,LAS ARENAS,12,64,47,12,23,48.1
13,LA VEGA,01,LA VEGA,02,RÍO VERDE ARRIBA (D. M.).,05,EL NARANJAL,001,EL NARANJAL,17,107,81,25,48,44.6
13,LA VEGA,01,LA VEGA,02,RÍO VERDE ARRIBA (D. M.).,04,MIRADOR,006,SABANETA,2,1,0,0,2,60
13,LA VEGA,01,LA VEGA,02,RÍO VERDE ARRIBA (D. M.).,04,MIRADOR,001,EL MIRADOR,15,76,100,28,48,34.08
13,LA VEGA,01,LA VEGA,02,RÍO VERDE ARRIBA (D. M.).,04,MIRADOR,004,LOS HOYOS,3,2,0,0,0,100
13,LA VEGA,01,LA VEGA,02,RÍO VERDE ARRIBA (D. M.).,04,MIRADOR,005,JABABA,11,29,29,3,38,36.36
13,LA VEGA,01,LA VEGA,02,RÍO VERDE ARRIBA (D. M.).,04,MIRADOR,003,EL AZUCEY,6,44,49,10,54,30.67
13,LA VEGA,01,LA VEGA,01,LA VEGA,06,LA CABIRMOTA,002,POZO COLORADO,6,34,50,4,0,42.55
13,LA VEGA,01,LA VEGA,01,LA VEGA,06,LA CABIRMOTA,009,JIMAYACO,14,90,67,9,25,50.73
13,LA VEGA,01,LA VEGA,01,LA VEGA,06,LA CABIRMOTA,007,JIMAYACO ARRIBA,9,77,87,9,26,41.35
13,LA VEGA,01,LA VEGA,01,LA VEGA,06,LA CABIRMOTA,006,BOTIJA DE CABIRMOTA,14,49,45,13,54,36
13,LA VEGA,01,LA VEGA,01,LA VEGA,06,LA CABIRMOTA,005,BOTIJA DE JIMAYACO,27,87,138,33,39,35.19
13,LA VEGA,01,LA VEGA,01,LA VEGA,06,LA CABIRMOTA,003,LA CIDRA,15,74,110,23,33,34.9
13,LA VEGA,01,LA VEGA,01,LA VEGA,06,LA CABIRMOTA,004,ARENOSO,24,112,85,8,37,51.13
13,LA VEGA,01,LA VEGA,02,RÍO VERDE ARRIBA (D. M.).,06,PUEBLO VIEJO,006,EL RANCHITO,12,48,30,13,23,47.62
13,LA VEGA,01,LA VEGA,02,RÍO VERDE ARRIBA (D. M.).,06,PUEBLO VIEJO,003,COLORAO,12,60,45,21,51,38.1
13,LA VEGA,01,LA VEGA,02,RÍO VERDE ARRIBA (D. M.).,06,PUEBLO VIEJO,005,LA VEREDA,17,39,23,3,18,56
13,LA VEGA,01,LA VEGA,02,RÍO VERDE ARRIBA (D. M.).,06,PUEBLO VIEJO,002,EL ALJIBE,1,0,2,0,18,4.76
13,LA VEGA,01,LA VEGA,02,RÍO VERDE ARRIBA (D. M.).,06,PUEBLO VIEJO,004,LOS SUÁREZ,9,33,20,3,10,56
13,LA VEGA,01,LA VEGA,02,RÍO VERDE ARRIBA (D. M.).,07,RÍO VERDE ABAJO,005,LOS PLACERES,1,5,6,6,11,20.69
13,LA VEGA,01,LA VEGA,02,RÍO VERDE ARRIBA (D. M.).,07,RÍO VERDE ABAJO,007,EL ZUMBIO,7,28,10,5,8,60.34
13,LA VEGA,01,LA VEGA,02,RÍO VERDE ARRIBA (D. M.).,07,RÍO VERDE ABAJO,008,CAZABITO,6,35,19,1,17,52.56
13,LA VEGA,01,LA VEGA,02,RÍO VERDE ARRIBA (D. M.).,07,RÍO VERDE ABAJO,003,LAS CAÑAS,11,42,16,1,12,64.63
13,LA VEGA,01,LA VEGA,02,RÍO VERDE ARRIBA (D. M.).,07,RÍO VERDE ABAJO,002,LA LIMA,19,99,40,6,53,54.38
13,LA VEGA,01,LA VEGA,02,RÍO VERDE ARRIBA (D. M.).,07,RÍO VERDE ABAJO,004,LAS ESCOBAS,19,52,27,0,54,46.71
13,LA VEGA,01,LA VEGA,02,RÍO VERDE ARRIBA (D. M.).,07,RÍO VERDE ABAJO,001,RÍO VERDE ABAJO,23,156,132,50,101,38.74
13,LA VEGA,01,LA VEGA,03,EL RANCHITO (D. M.).,04,LA ROSA,001,LA ROSA,49,118,90,42,30,50.76
13,LA VEGA,01,LA VEGA,03,EL RANCHITO (D. M.).,03,EL BADÉN,004,EL BADÉN,49,35,21,8,86,42.21
13,LA VEGA,01,LA VEGA,03,EL RANCHITO (D. M.).,03,EL BADÉN,002,LA REFORMA,24,89,102,28,40,39.93
13,LA VEGA,01,LA VEGA,03,EL RANCHITO (D. M.).,03,EL BADÉN,001,RANCHITO ABAJO,2,9,7,5,0,47.83
13,LA VEGA,01,LA VEGA,03,EL RANCHITO (D. M.).,02,SABANA REY,004,SABANA REY ARRIBA,5,49,46,7,75,29.67
13,LA VEGA,01,LA VEGA,03,EL RANCHITO (D. M.).,02,SABANA REY,005,LA ROMERA,4,44,32,5,22,44.86
13,LA VEGA,01,LA VEGA,03,EL RANCHITO (D. M.).,02,SABANA REY,001,LA ESQUINA,23,91,82,19,88,37.62
13,LA VEGA,01,LA VEGA,03,EL RANCHITO (D. M.).,02,SABANA REY,003,LA TINA,54,270,145,22,13,64.29
13,LA VEGA,01,LA VEGA,03,EL RANCHITO (D. M.).,02,SABANA REY,010,LA MESETA,1,22,6,0,6,65.71
13,LA VEGA,01,LA VEGA,03,EL RANCHITO (D. M.).,02,SABANA REY,009,LA OTRA VERA O LOS CRUCES,0,9,5,0,0,64.29
13,LA VEGA,01,LA VEGA,03,EL RANCHITO (D. M.).,02,SABANA REY,006,EL RECO,0,0,0,0,2,0
13,LA VEGA,01,LA VEGA,03,EL RANCHITO (D. M.).,02,SABANA REY,012,LOS RINCONES,4,26,9,2,8,61.22
13,LA VEGA,01,LA VEGA,03,EL RANCHITO (D. M.).,02,SABANA REY,002,HATO VIEJO,13,88,29,6,25,62.73
13,LA VEGA,01,LA VEGA,03,EL RANCHITO (D. M.).,02,SABANA REY,011,LOS GALLARDOS,5,19,3,1,9,64.86
13,LA VEGA,01,LA VEGA,02,RÍO VERDE ARRIBA (D. M.).,07,RÍO VERDE ABAJO,006,EL ALTO DEL GALLO,6,44,44,23,35,32.89
13,LA VEGA,01,LA VEGA,01,LA VEGA,06,LA CABIRMOTA,008,JIMAYACO ABAJO,8,56,44,9,2,53.78
13,LA VEGA,01,LA VEGA,01,LA VEGA,11,LA PENDA,003,RANCHO VIEJO,49,138,107,44,46,48.7
13,LA VEGA,01,LA VEGA,02,RÍO VERDE ARRIBA (D. M.).,08,RÍO VERDE ARRIBA,004,MANGA LARGA ABAJO,2,8,8,4,11,30.3
13,LA VEGA,01,LA VEGA,02,RÍO VERDE ARRIBA (D. M.).,08,RÍO VERDE ARRIBA,008,LOS BASORA,20,46,36,4,28,49.25
13,LA VEGA,01,LA VEGA,02,RÍO VERDE ARRIBA (D. M.).,08,RÍO VERDE ARRIBA,003,MANGA LARGA ARRIBA,22,95,83,22,126,33.62
13,LA VEGA,01,LA VEGA,02,RÍO VERDE ARRIBA (D. M.).,05,EL NARANJAL,005,EL NARANJAL ADENTRO,1,2,2,1,20,11.54
13,LA VEGA,01,LA VEGA,02,RÍO VERDE ARRIBA (D. M.).,03,BONAGUA,002,EL LLANO,13,98,94,19,138,30.66
13,LA VEGA,01,LA VEGA,03,EL RANCHITO (D. M.).,02,SABANA REY,008,PASO ASTACIO,8,32,44,8,11,38.83
13,LA VEGA,01,LA VEGA,03,EL RANCHITO (D. M.).,04,LA ROSA,002,LOS SAMANES,15,29,21,6,7,56.41
13,LA VEGA,01,LA VEGA,04,TAVERA (D.M.).,05,EL MAMEY,005,MOCÁN,20,82,19,4,24,68.46
13,LA VEGA,01,LA VEGA,04,TAVERA (D.M.).,05,EL MAMEY,009,LOS RINCONES,15,78,85,32,49,35.91
13,LA VEGA,01,LA VEGA,04,TAVERA (D.M.).,05,EL MAMEY,008,YABANAL,12,60,28,10,49,45.28
13,LA VEGA,01,LA VEGA,04,TAVERA (D.M.).,05,EL MAMEY,004,MOCÁN CAMPANA,30,68,8,0,14,81.67
13,LA VEGA,01,LA VEGA,04,TAVERA (D.M.).,05,EL MAMEY,010,POZO HONDO,15,72,31,6,6,66.92
13,LA VEGA,01,LA VEGA,04,TAVERA (D.M.).,05,EL MAMEY,006,JAGÜEY,13,25,6,0,5,77.55
13,LA VEGA,01,LA VEGA,04,TAVERA (D.M.).,05,EL MAMEY,007,LOS PELADEROS,34,139,111,15,97,43.69
13,LA VEGA,01,LA VEGA,04,TAVERA (D.M.).,05,EL MAMEY,003,LA GUARDARRAYA,17,15,2,0,10,72.73
13,LA VEGA,01,LA VEGA,04,TAVERA (D.M.).,05,EL MAMEY,002,EL MAMEY,64,178,107,22,55,56.81
13,LA VEGA,01,LA VEGA,04,TAVERA (D.M.).,05,EL MAMEY,014,EL DESECHO,3,16,8,0,1,67.86
13,LA VEGA,01,LA VEGA,04,TAVERA (D.M.).,05,EL MAMEY,001,LOS GUINEOS,7,15,5,0,5,68.75
13,LA VEGA,01,LA VEGA,04,TAVERA (D.M.).,05,EL MAMEY,012,EL LAUREL,25,37,4,2,12,77.5
13,LA VEGA,01,LA VEGA,04,TAVERA (D.M.).,05,EL MAMEY,013,EL MAMEYITO,10,59,7,1,5,84.15
13,LA VEGA,01,LA VEGA,04,TAVERA (D.M.).,05,EL MAMEY,011,CEIBA GORDA,0,0,0,0,1,0
13,LA VEGA,01,LA VEGA,04,TAVERA (D.M.).,04,JAGUA GORDA,010,RANCHO LA VACA,23,25,8,0,5,78.69
13,LA VEGA,01,LA VEGA,01,LA VEGA,05,BURENDE,012,LOS HORNOS,20,87,72,25,27,46.32
13,LA VEGA,01,LA VEGA,01,LA VEGA,17,LAS CANAS,001,LAS CANAS,22,44,9,1,12,75
13,LA VEGA,01,LA VEGA,01,LA VEGA,17,LAS CANAS,006,EL HIGO,8,31,3,0,3,86.67
13,LA VEGA,01,LA VEGA,01,LA VEGA,17,LAS CANAS,008,LAS CANAS ABAJO,38,212,192,43,65,45.45
13,LA VEGA,01,LA VEGA,01,LA VEGA,17,LAS CANAS,003,LAS CANAS ARRIBA,10,56,38,11,30,45.52
13,LA VEGA,01,LA VEGA,01,LA VEGA,17,LAS CANAS,004,LA BRUSCA,3,17,1,0,8,68.97
13,LA VEGA,01,LA VEGA,01,LA VEGA,17,LAS CANAS,005,LA LOMA,0,1,0,0,13,7.14
13,LA VEGA,01,LA VEGA,01,LA VEGA,17,LAS CANAS,002,LA ESTANCIA,5,16,3,0,1,84
13,LA VEGA,01,LA VEGA,01,LA VEGA,17,LAS CANAS,007,LA MINA,10,57,20,7,13,62.62
13,LA VEGA,04,JIMA ABAJO,02,RINCÓN (D. M.).,03,RINCÓN,002,LA SOLEDAD,0,2,4,1,0,28.57
13,LA VEGA,03,JARABACOA,01,JARABACOA,01,JARABACOA,014,TAVITO,1,43,125,124,153,9.87
13,LA VEGA,03,JARABACOA,01,JARABACOA,01,JARABACOA,013,LA COLONIA  AGRARIA,17,196,400,206,319,18.72
13,LA VEGA,01,LA VEGA,01,LA VEGA,01,CONCEPCIÓN DE LA VEGA,018,VILLA FRANCISCA,34,194,498,608,349,13.55
13,LA VEGA,03,JARABACOA,01,JARABACOA,05,PEDREGAL,003,LOS ARROYOS,3,0,0,0,0,100
13,LA VEGA,01,LA VEGA,01,LA VEGA,01,CONCEPCIÓN DE LA VEGA,013,HATICO,33,186,331,232,163,23.17
13,LA VEGA,01,LA VEGA,01,LA VEGA,01,CONCEPCIÓN DE LA VEGA,005,VILLA REAL,8,69,153,159,109,15.46
13,LA VEGA,03,JARABACOA,01,JARABACOA,06,JUMUNUCO,005,YABACAO,41,73,4,1,21,81.43
13,LA VEGA,01,LA VEGA,01,LA VEGA,04,BAYACANES,003,LAS GUARANITAS,22,62,61,24,23,43.75
13,LA VEGA,01,LA VEGA,01,LA VEGA,14,LICEY,006,COLÓN,1,17,21,4,8,35.29
13,LA VEGA,01,LA VEGA,01,LA VEGA,14,LICEY,003,LICEY,56,226,167,42,30,54.13
13,LA VEGA,01,LA VEGA,02,RÍO VERDE ARRIBA (D. M.).,05,EL NARANJAL,003,LA CRUZ DEL NARANJAL,7,41,28,6,20,47.06
13,LA VEGA,01,LA VEGA,02,RÍO VERDE ARRIBA (D. M.).,01,CUTUPÚ,003,SABANA LARGA O VILLAS TILÍN,8,53,84,33,39,28.11
13,LA VEGA,01,LA VEGA,02,RÍO VERDE ARRIBA (D. M.).,08,RÍO VERDE ARRIBA,002,CAGÜEY,18,61,51,9,24,48.47
25,SANTIAGO,08,PUÑAL,02,GUAYABAL (D. M.).,02,ESTANCIA NUEVA,005,LOS CIRUELITOS,13,50,46,26,88,28.25
25,SANTIAGO,08,PUÑAL,02,GUAYABAL (D. M.).,03,PALO AMARILLO,003,EL GUANO,6,18,21,5,63,21.24
25,SANTIAGO,08,PUÑAL,02,GUAYABAL (D. M.).,03,PALO AMARILLO,001,PALO AMARILLO,4,21,30,11,34,25
25,SANTIAGO,08,PUÑAL,02,GUAYABAL (D. M.).,04,GUAYABAL,001,LA GUÁZARA,2,18,24,17,42,19.42
25,SANTIAGO,08,PUÑAL,02,GUAYABAL (D. M.).,02,ESTANCIA NUEVA,002,ESTANCIA NUEVA  ARRIBA,2,39,45,5,15,38.68
25,SANTIAGO,08,PUÑAL,02,GUAYABAL (D. M.).,02,ESTANCIA NUEVA,007,DON JUAN,7,48,42,2,0,55.56
25,SANTIAGO,08,PUÑAL,02,GUAYABAL (D. M.).,02,ESTANCIA NUEVA,008,CASTILLO ABAJO,11,28,11,0,14,60.94
25,SANTIAGO,08,PUÑAL,02,GUAYABAL (D. M.).,02,ESTANCIA NUEVA,006,CASTILLO ARRIBA,13,56,53,16,4,48.59
25,SANTIAGO,08,PUÑAL,02,GUAYABAL (D. M.).,02,ESTANCIA NUEVA,003,ESTANCIA NUEVA ABAJO,6,25,30,3,12,40.79
25,SANTIAGO,08,PUÑAL,02,GUAYABAL (D. M.).,03,PALO AMARILLO,004,LA JAGUA ARRIBA,4,9,21,5,0,33.33
25,SANTIAGO,08,PUÑAL,02,GUAYABAL (D. M.).,03,PALO AMARILLO,006,DOÑA ÁGUEDA,21,97,102,17,3,49.17
25,SANTIAGO,08,PUÑAL,02,GUAYABAL (D. M.).,03,PALO AMARILLO,002,LA ANGOSTURA,2,15,26,7,20,24.29
25,SANTIAGO,08,PUÑAL,02,GUAYABAL (D. M.).,04,GUAYABAL,002,GUAYABAL ARRIBA,6,39,76,40,88,18.07
25,SANTIAGO,08,PUÑAL,02,GUAYABAL (D. M.).,02,ESTANCIA NUEVA,001,ESTANCIA NUEVA,5,28,40,4,57,24.63
25,SANTIAGO,08,PUÑAL,02,GUAYABAL (D. M.).,03,PALO AMARILLO,007,LOS PICOS,0,1,0,2,0,33.33
25,SANTIAGO,08,PUÑAL,02,GUAYABAL (D. M.).,03,PALO AMARILLO,005,LA JAGUA ABAJO,8,25,63,13,0,30.28
25,SANTIAGO,08,PUÑAL,03,CANABACOA (D. M.).,03,COLORADO,001,COLORADO,13,50,172,214,12,13.67
25,SANTIAGO,08,PUÑAL,03,CANABACOA (D. M.).,02,CANABACOA,002,LA CAPILLA,0,2,2,3,0,28.57
25,SANTIAGO,08,PUÑAL,02,GUAYABAL (D. M.).,02,ESTANCIA NUEVA,009,LA GUÁZARA,2,13,33,6,0,27.78
25,SANTIAGO,08,PUÑAL,01,PUÑAL,03,ARENOSO,005,LOS RODRÍGUEZ,3,31,69,28,0,25.95
25,SANTIAGO,08,PUÑAL,01,PUÑAL,03,ARENOSO,003,LOS GONZÁLEZ,0,9,25,5,79,7.63
25,SANTIAGO,08,PUÑAL,01,PUÑAL,03,ARENOSO,007,TIERRA BLANCA,7,62,165,57,132,16.31
25,SANTIAGO,08,PUÑAL,01,PUÑAL,03,ARENOSO,002,LOS ALBINOS,0,16,39,40,7,15.69
25,SANTIAGO,08,PUÑAL,01,PUÑAL,03,ARENOSO,006,LOS ESTRELLA,6,27,107,55,0,16.92
25,SANTIAGO,08,PUÑAL,01,PUÑAL,03,ARENOSO,004,LOS CABRAL,5,32,134,47,110,11.28
25,SANTIAGO,08,PUÑAL,01,PUÑAL,03,ARENOSO,001,ARENOSO O ARENOSO ARRIBA,2,33,72,46,0,22.88
25,SANTIAGO,08,PUÑAL,01,PUÑAL,05,MATANZAS,003,MATANZAS AFUERA,9,105,215,100,50,23.8
25,SANTIAGO,08,PUÑAL,01,PUÑAL,05,MATANZAS,004,ALTO DE MATANZAS,10,44,145,102,0,17.94
25,SANTIAGO,08,PUÑAL,01,PUÑAL,06,LAGUNA PRIETA,001,LAGUNA PRIETA AL CENTRO,1,44,102,46,6,22.61
25,SANTIAGO,08,PUÑAL,01,PUÑAL,05,MATANZAS,001,MONTE ADENTRO,9,107,186,44,0,33.53
25,SANTIAGO,08,PUÑAL,01,PUÑAL,06,LAGUNA PRIETA,002,MONTE ADENTRO,8,34,61,27,0,32.31
25,SANTIAGO,08,PUÑAL,01,PUÑAL,06,LAGUNA PRIETA,003,LAGUNA PRIETA ABAJO,1,11,18,8,0,31.58
25,SANTIAGO,08,PUÑAL,01,PUÑAL,06,LAGUNA PRIETA,004,LAGUNA PRIETA ARRIBA,4,43,83,47,5,25.82
25,SANTIAGO,08,PUÑAL,01,PUÑAL,02,PUÑAL,001,LOS COCOS,0,18,33,9,19,22.78
25,SANTIAGO,08,PUÑAL,01,PUÑAL,04,LA JABILLA,001,LA JABILLA,5,10,23,14,61,13.27
25,SANTIAGO,08,PUÑAL,01,PUÑAL,04,LA JABILLA,003,SAN ANTONIO,3,24,47,27,9,24.55
25,SANTIAGO,08,PUÑAL,01,PUÑAL,04,LA JABILLA,002,LOS CERCADILLOS,8,48,61,16,43,31.82
25,SANTIAGO,08,PUÑAL,02,GUAYABAL (D. M.).,02,ESTANCIA NUEVA,004,MORA,5,9,21,2,24,22.95
25,SANTIAGO,08,PUÑAL,03,CANABACOA (D. M.).,03,COLORADO,002,LOS CASTILLOS,5,39,149,64,141,11.06
25,SANTIAGO,08,PUÑAL,03,CANABACOA (D. M.).,03,COLORADO,005,LA FREIDURÍA O FARDIQUERA,1,0,1,1,41,2.27
25,SANTIAGO,08,PUÑAL,03,CANABACOA (D. M.).,03,COLORADO,003,SABANETA DE LAS PALOMAS,3,15,50,35,58,11.18
25,SANTIAGO,08,PUÑAL,01,PUÑAL,01,PUÑAL,001,PU¥AL,61,303,497,261,352,24.69
25,SANTIAGO,08,PUÑAL,02,GUAYABAL (D. M.).,01,GUAYABAL,001,GUAYABAL,27,139,269,193,121,22.16
25,SANTIAGO,08,PUÑAL,03,CANABACOA (D. M.).,01,CANABACOA,001,CANABACOA ABAJO,12,50,145,94,168,13.22
25,SANTIAGO,08,PUÑAL,03,CANABACOA (D. M.).,03,COLORADO,004,LIMONAL ABAJO,24,133,276,196,103,21.45
25,SANTIAGO,09,SABANA IGLESIA,01,SABANA IGLESIA,01,SABANA IGLESIA,001,LA ARCILLA,61,275,450,124,338,26.92
25,SANTIAGO,09,SABANA IGLESIA,01,SABANA IGLESIA,01,SABANA IGLESIA,002,LA CORPORACIÓN,24,102,118,53,79,33.51
25,SANTIAGO,09,SABANA IGLESIA,01,SABANA IGLESIA,02,SABANA IGLESIA,005,LA GALETA O LA GOLETA,10,29,19,3,25,45.35
25,SANTIAGO,09,SABANA IGLESIA,01,SABANA IGLESIA,04,LA ZANJA,005,EL FLAIRE,32,79,81,3,33,48.68
25,SANTIAGO,09,SABANA IGLESIA,01,SABANA IGLESIA,04,LA ZANJA,002,LA CAOBA O CAOBETA,1,8,6,0,7,40.91
25,SANTIAGO,09,SABANA IGLESIA,01,SABANA IGLESIA,04,LA ZANJA,001,GUARDARRAYA,0,0,0,0,9,0
25,SANTIAGO,09,SABANA IGLESIA,01,SABANA IGLESIA,04,LA ZANJA,003,BOCA DE CORRAL,9,15,3,0,2,82.76
25,SANTIAGO,09,SABANA IGLESIA,01,SABANA IGLESIA,04,LA ZANJA,004,CAÑAVERAL,3,0,1,0,1,60
25,SANTIAGO,09,SABANA IGLESIA,01,SABANA IGLESIA,04,LA ZANJA,007,PIEDRA GORDA,5,12,1,0,2,85
25,SANTIAGO,09,SABANA IGLESIA,01,SABANA IGLESIA,04,LA ZANJA,006,LA ZANJA,41,106,115,36,69,40.05
25,SANTIAGO,09,SABANA IGLESIA,01,SABANA IGLESIA,04,LA ZANJA,008,YERBA DE CULEBRA,13,35,21,2,17,54.55
25,SANTIAGO,09,SABANA IGLESIA,01,SABANA IGLESIA,03,LOS RANCHOS,002,LOS RANCHOS DE BABOSICO ARRIBA,27,84,89,27,56,39.22
25,SANTIAGO,09,SABANA IGLESIA,01,SABANA IGLESIA,03,LOS RANCHOS,006,SABANETA,14,36,21,6,4,61.73
25,SANTIAGO,09,SABANA IGLESIA,01,SABANA IGLESIA,03,LOS RANCHOS,001,LOS RANCHOS DE BABOSICO ABAJO,10,41,37,9,46,35.66
25,SANTIAGO,09,SABANA IGLESIA,01,SABANA IGLESIA,03,LOS RANCHOS,008,ZALAYA,7,50,44,22,31,37.01
25,SANTIAGO,09,SABANA IGLESIA,01,SABANA IGLESIA,02,SABANA IGLESIA,004,LA FURNIA (LA BOCA),1,13,9,4,7,41.18
25,SANTIAGO,09,SABANA IGLESIA,01,SABANA IGLESIA,02,SABANA IGLESIA,002,EL HOYO DEL CERCADO,3,7,1,0,8,52.63
25,SANTIAGO,09,SABANA IGLESIA,01,SABANA IGLESIA,02,SABANA IGLESIA,001,BOCA DE BAO,8,42,32,6,35,40.65
25,SANTIAGO,09,SABANA IGLESIA,01,SABANA IGLESIA,03,LOS RANCHOS,005,RANCHO ABAJO (VUELTA LARGA),7,33,13,2,9,62.5
25,SANTIAGO,09,SABANA IGLESIA,01,SABANA IGLESIA,03,LOS RANCHOS,004,LA JOYA (RINCÓN),24,23,5,1,14,70.15
25,SANTIAGO,09,SABANA IGLESIA,01,SABANA IGLESIA,03,LOS RANCHOS,007,TERRERO,2,7,15,2,5,29.03
25,SANTIAGO,09,SABANA IGLESIA,01,SABANA IGLESIA,02,SABANA IGLESIA,003,LA BARRANCA,19,79,106,22,56,34.75
25,SANTIAGO,09,SABANA IGLESIA,01,SABANA IGLESIA,03,LOS RANCHOS,003,PALO AMARILLO,13,20,11,5,11,55
25,SANTIAGO,07,VILLA GONZÁLEZ,01,VILLA GONZÁLEZ,01,VILLA GONZÁLEZ,001,CEMENTERIO,3,36,42,46,58,21.08
25,SANTIAGO,07,VILLA GONZÁLEZ,01,VILLA GONZÁLEZ,01,VILLA GONZÁLEZ,003,CENTRO DEL PUEBLO,24,142,188,103,127,28.42
25,SANTIAGO,07,VILLA GONZÁLEZ,01,VILLA GONZÁLEZ,01,VILLA GONZÁLEZ,004,ARRENQUILLO,9,42,51,25,20,34.69
25,SANTIAGO,07,VILLA GONZÁLEZ,01,VILLA GONZÁLEZ,01,VILLA GONZÁLEZ,005,NUEVA ESPERANZA,6,25,53,26,30,22.14
25,SANTIAGO,07,VILLA GONZÁLEZ,01,VILLA GONZÁLEZ,01,VILLA GONZÁLEZ,006,LA LOMITA,88,297,355,145,203,35.39
25,SANTIAGO,07,VILLA GONZÁLEZ,02,PALMAR ARRIBA (D. M.).,01,PALMAR ARRIBA,001,PALMAR ARRIBA,89,439,617,108,189,36.62
25,SANTIAGO,07,VILLA GONZÁLEZ,02,PALMAR ARRIBA (D. M.).,01,PALMAR ARRIBA,002,EL POZO,20,83,100,30,38,38.01
25,SANTIAGO,07,VILLA GONZÁLEZ,02,PALMAR ARRIBA (D. M.).,01,PALMAR ARRIBA,003,LINDO,8,26,45,5,19,33.01
25,SANTIAGO,07,VILLA GONZÁLEZ,03,EL LIMÓN (D. M.).,01,EL LIMÓN,001,EL LIMàN,22,29,16,3,19,57.3
25,SANTIAGO,07,VILLA GONZÁLEZ,03,EL LIMÓN (D. M.).,01,EL LIMÓN,003,LA SABANA,28,54,34,8,2,65.08
25,SANTIAGO,07,VILLA GONZÁLEZ,03,EL LIMÓN (D. M.).,02,MACORÍS DEL LIMÓN,010,LOS JOBOS,3,0,0,0,1,75
25,SANTIAGO,07,VILLA GONZÁLEZ,01,VILLA GONZÁLEZ,04,QUINIGUA,005,BANEGAS,45,242,243,68,187,36.56
25,SANTIAGO,07,VILLA GONZÁLEZ,02,PALMAR ARRIBA (D. M.).,02,PALMAR ARRIBA,001,LA PIEDRA,6,17,10,2,63,23.47
25,SANTIAGO,07,VILLA GONZÁLEZ,03,EL LIMÓN (D. M.).,04,LOS JARDINES DEL LIMÓN,005,LOS UVEROS,10,19,11,2,0,69.05
25,SANTIAGO,07,VILLA GONZÁLEZ,03,EL LIMÓN (D. M.).,03,EL AGUACATE,001,EL AGUACATE,32,30,5,2,14,74.7
25,SANTIAGO,07,VILLA GONZÁLEZ,03,EL LIMÓN (D. M.).,03,EL AGUACATE,004,RANCHITO,5,1,0,0,0,100
25,SANTIAGO,07,VILLA GONZÁLEZ,01,VILLA GONZÁLEZ,04,QUINIGUA,001,INGENIO ABAJO,6,23,18,8,10,44.62
25,SANTIAGO,07,VILLA GONZÁLEZ,02,PALMAR ARRIBA (D. M.).,02,PALMAR ARRIBA,003,ARROYO DEL AGUA,4,4,2,0,10,40
25,SANTIAGO,07,VILLA GONZÁLEZ,03,EL LIMÓN (D. M.).,02,MACORÍS DEL LIMÓN,009,ALTOS DE LOS MATES,13,0,0,0,1,92.86
25,SANTIAGO,07,VILLA GONZÁLEZ,01,VILLA GONZÁLEZ,03,PALMAR ABAJO,003,LA LOMITA,20,29,24,4,35,43.75
25,SANTIAGO,07,VILLA GONZÁLEZ,01,VILLA GONZÁLEZ,03,PALMAR ABAJO,001,LOMA MATA PUERCOS,0,1,0,0,0,100
25,SANTIAGO,07,VILLA GONZÁLEZ,01,VILLA GONZÁLEZ,02,LAS LAVAS,005,LA LOMITA DEL PALMAR ABAJO,0,1,2,0,15,5.56
25,SANTIAGO,07,VILLA GONZÁLEZ,01,VILLA GONZÁLEZ,02,LAS LAVAS,006,ARRENQUILLO,0,1,2,0,0,33.33
25,SANTIAGO,07,VILLA GONZÁLEZ,03,EL LIMÓN (D. M.).,02,MACORÍS DEL LIMÓN,003,LOS PÉREZ,42,86,29,2,18,72.32
25,SANTIAGO,07,VILLA GONZÁLEZ,03,EL LIMÓN (D. M.).,03,EL AGUACATE,002,LA CUMBRE,4,2,1,0,0,85.71
25,SANTIAGO,07,VILLA GONZÁLEZ,03,EL LIMÓN (D. M.).,05,EL LIMÓN,002,LA CALABAZA,5,25,0,0,19,61.22
25,SANTIAGO,07,VILLA GONZÁLEZ,03,EL LIMÓN (D. M.).,04,LOS JARDINES DEL LIMÓN,002,BARRIO LINDO O LA FINQUITA,12,23,13,2,6,62.5
25,SANTIAGO,07,VILLA GONZÁLEZ,03,EL LIMÓN (D. M.).,04,LOS JARDINES DEL LIMÓN,003,VUELTA LARGA,7,25,9,2,0,74.42
25,SANTIAGO,07,VILLA GONZÁLEZ,03,EL LIMÓN (D. M.).,04,LOS JARDINES DEL LIMÓN,004,LAS AROMAS,0,0,0,0,5,0
25,SANTIAGO,07,VILLA GONZÁLEZ,03,EL LIMÓN (D. M.).,02,MACORÍS DEL LIMÓN,012,LA U,23,28,8,2,9,72.86
25,SANTIAGO,07,VILLA GONZÁLEZ,03,EL LIMÓN (D. M.).,04,LOS JARDINES DEL LIMÓN,001,LA POCILGUITA,8,48,26,9,28,47.06
25,SANTIAGO,07,VILLA GONZÁLEZ,01,VILLA GONZÁLEZ,04,QUINIGUA,003,QUINIGUA DE LA YUCA (LA YUCA),17,23,29,6,72,27.21
25,SANTIAGO,07,VILLA GONZÁLEZ,01,VILLA GONZÁLEZ,04,QUINIGUA,004,VILLA DEL YAQUE,20,163,276,93,60,29.9
25,SANTIAGO,07,VILLA GONZÁLEZ,03,EL LIMÓN (D. M.).,02,MACORÍS DEL LIMÓN,007,LOS MATES,1,2,0,0,0,100
25,SANTIAGO,07,VILLA GONZÁLEZ,03,EL LIMÓN (D. M.).,02,MACORÍS DEL LIMÓN,006,PÉREZ DE LOS MATES,0,0,0,0,1,0
25,SANTIAGO,07,VILLA GONZÁLEZ,03,EL LIMÓN (D. M.).,02,MACORÍS DEL LIMÓN,002,MACORÍS,35,32,7,2,10,77.91
25,SANTIAGO,07,VILLA GONZÁLEZ,01,VILLA GONZÁLEZ,04,QUINIGUA,006,QUINIGUA,15,25,10,4,15,57.97
25,SANTIAGO,07,VILLA GONZÁLEZ,01,VILLA GONZÁLEZ,03,PALMAR ABAJO,006,LA BREÑA,12,77,124,43,0,34.77
25,SANTIAGO,07,VILLA GONZÁLEZ,03,EL LIMÓN (D. M.).,05,EL LIMÓN,001,CARACOL,4,3,0,1,0,87.5
25,SANTIAGO,07,VILLA GONZÁLEZ,03,EL LIMÓN (D. M.).,03,EL AGUACATE,003,PALO BLANCO,26,15,1,0,1,95.35
25,SANTIAGO,07,VILLA GONZÁLEZ,03,EL LIMÓN (D. M.).,05,EL LIMÓN,003,LOS ROBLES,2,9,1,0,0,91.67
25,SANTIAGO,07,VILLA GONZÁLEZ,01,VILLA GONZÁLEZ,02,LAS LAVAS,001,LAS LAVAS,39,160,272,77,76,31.89
25,SANTIAGO,07,VILLA GONZÁLEZ,03,EL LIMÓN (D. M.).,02,MACORÍS DEL LIMÓN,011,LOS LEBRILLOS (LA 14),25,31,11,1,1,81.16
25,SANTIAGO,07,VILLA GONZÁLEZ,03,EL LIMÓN (D. M.).,02,MACORÍS DEL LIMÓN,004,HIGO DE AGUA,32,46,11,1,5,82.11
25,SANTIAGO,07,VILLA GONZÁLEZ,03,EL LIMÓN (D. M.).,02,MACORÍS DEL LIMÓN,001,LLANO GRANDE,23,12,1,0,5,85.37
25,SANTIAGO,07,VILLA GONZÁLEZ,01,VILLA GONZÁLEZ,03,PALMAR ABAJO,005,EL RINCÓN,17,94,170,55,0,33.04
25,SANTIAGO,07,VILLA GONZÁLEZ,01,VILLA GONZÁLEZ,03,PALMAR ABAJO,004,PALMAR ABAJO,25,121,163,61,91,31.67
25,SANTIAGO,07,VILLA GONZÁLEZ,02,PALMAR ARRIBA (D. M.).,02,PALMAR ARRIBA,004,QUEBRADA HONDA,0,2,2,1,7,16.67
25,SANTIAGO,07,VILLA GONZÁLEZ,02,PALMAR ARRIBA (D. M.).,02,PALMAR ARRIBA,006,LOS MANANTIALES,0,0,0,1,0,0
25,SANTIAGO,07,VILLA GONZÁLEZ,01,VILLA GONZÁLEZ,04,QUINIGUA,002,CRUCE DE QUINIGUA,160,425,408,111,73,49.7
25,SANTIAGO,07,VILLA GONZÁLEZ,02,PALMAR ARRIBA (D. M.).,02,PALMAR ARRIBA,005,EL POZO,2,12,6,1,12,42.42
25,SANTIAGO,07,VILLA GONZÁLEZ,01,VILLA GONZÁLEZ,02,LAS LAVAS,004,EL MARTILLO,21,33,38,15,24,41.22
25,SANTIAGO,07,VILLA GONZÁLEZ,01,VILLA GONZÁLEZ,01,VILLA GONZÁLEZ,007,VIDAL GUILLN,3,13,31,3,57,14.95
25,SANTIAGO,07,VILLA GONZÁLEZ,01,VILLA GONZÁLEZ,01,VILLA GONZÁLEZ,002,ESPAILLAT,24,152,347,249,269,16.91
25,SANTIAGO,07,VILLA GONZÁLEZ,01,VILLA GONZÁLEZ,02,LAS LAVAS,002,PALMAREJO,97,234,304,157,218,32.77
25,SANTIAGO,08,PUÑAL,03,CANABACOA (D. M.).,02,CANABACOA,001,CANABACOA,6,32,105,74,4,17.19
25,SANTIAGO,06,TAMBORIL,01,TAMBORIL,01,TAMBORIL,001,HICO MARTÍNEZ,12,46,68,35,56,26.73
25,SANTIAGO,06,TAMBORIL,01,TAMBORIL,01,TAMBORIL,002,CENTRO DEL PUEBLO,21,118,229,91,56,26.99
25,SANTIAGO,06,TAMBORIL,01,TAMBORIL,01,TAMBORIL,003,VALENTÍN,21,117,229,88,97,25
25,SANTIAGO,06,TAMBORIL,01,TAMBORIL,01,TAMBORIL,004,MANOLO DÁJER,13,90,184,81,154,19.73
25,SANTIAGO,06,TAMBORIL,01,TAMBORIL,01,TAMBORIL,005,LOS RECIO,2,35,44,16,74,21.64
25,SANTIAGO,06,TAMBORIL,01,TAMBORIL,01,TAMBORIL,006,HAINA,6,52,78,37,42,26.98
25,SANTIAGO,06,TAMBORIL,01,TAMBORIL,01,TAMBORIL,009,MONCADA,8,50,92,33,61,23.77
25,SANTIAGO,06,TAMBORIL,01,TAMBORIL,01,TAMBORIL,010,DON MANUEL,5,10,25,10,22,20.83
25,SANTIAGO,06,TAMBORIL,01,TAMBORIL,01,TAMBORIL,011,CARLOS DÍAZ,2,66,156,91,85,17
25,SANTIAGO,06,TAMBORIL,01,TAMBORIL,01,TAMBORIL,013,LOS POLANCO,5,63,116,90,43,21.45
25,SANTIAGO,06,TAMBORIL,01,TAMBORIL,01,TAMBORIL,014,LA ERMITA DE TAMBORIL,4,25,17,3,48,29.9
25,SANTIAGO,06,TAMBORIL,02,CANCA LA PIEDRA (D. M.).,01,CANCA LA PIEDRA,003,LOS RIELES,34,130,250,369,35,20.05
25,SANTIAGO,06,TAMBORIL,02,CANCA LA PIEDRA (D. M.).,01,CANCA LA PIEDRA,004,ARENOSO,18,100,117,42,70,34.01
25,SANTIAGO,06,TAMBORIL,01,TAMBORIL,03,GUAZUMAL ARRIBA,001,LOS LEONES,7,5,0,0,0,100
25,SANTIAGO,06,TAMBORIL,01,TAMBORIL,05,LICEY AL MEDIO,002,LICEY AL MEDIO,3,37,60,12,38,26.67
25,SANTIAGO,06,TAMBORIL,01,TAMBORIL,06,PONTEZUELA,004,PONTEZUELA ARRIBA,20,126,235,74,85,27.04
25,SANTIAGO,06,TAMBORIL,01,TAMBORIL,02,BOCA DE MAIZAL,004,MAIZAL,3,10,6,1,4,54.17
25,SANTIAGO,06,TAMBORIL,01,TAMBORIL,04,LAS BOCAS DEL LICEY,006,LOS CACAOS,39,62,18,2,37,63.92
25,SANTIAGO,06,TAMBORIL,01,TAMBORIL,05,LICEY AL MEDIO,004,LOS SANTANA,0,15,22,6,31,20.27
25,SANTIAGO,06,TAMBORIL,01,TAMBORIL,05,LICEY AL MEDIO,001,KILÓMETRO 1,8,37,51,14,70,25
25,SANTIAGO,06,TAMBORIL,01,TAMBORIL,05,LICEY AL MEDIO,003,LOS MARCANO,0,4,16,3,5,14.29
25,SANTIAGO,06,TAMBORIL,01,TAMBORIL,06,PONTEZUELA,002,DON PEDRO ABAJO,30,118,133,31,129,33.56
25,SANTIAGO,06,TAMBORIL,01,TAMBORIL,06,PONTEZUELA,001,PONTEZUELA,8,82,157,61,108,21.63
25,SANTIAGO,06,TAMBORIL,01,TAMBORIL,03,GUAZUMAL ARRIBA,005,CANTURRIA ABAJO,0,0,3,0,0,0
25,SANTIAGO,06,TAMBORIL,01,TAMBORIL,03,GUAZUMAL ARRIBA,003,LA CHINA,1,2,0,0,0,100
25,SANTIAGO,06,TAMBORIL,01,TAMBORIL,03,GUAZUMAL ARRIBA,008,EL CAÑO,8,52,71,22,18,35.09
25,SANTIAGO,06,TAMBORIL,01,TAMBORIL,02,BOCA DE MAIZAL,002,EL MOLINO,11,27,31,13,31,33.63
25,SANTIAGO,06,TAMBORIL,01,TAMBORIL,02,BOCA DE MAIZAL,003,OJO DE AGUA,14,46,18,0,26,57.69
25,SANTIAGO,06,TAMBORIL,01,TAMBORIL,02,BOCA DE MAIZAL,007,BOCA DE MAIZAL,12,54,33,13,33,45.52
25,SANTIAGO,06,TAMBORIL,01,TAMBORIL,02,BOCA DE MAIZAL,006,NIÑO DE ANTORCHA,10,32,20,4,3,60.87
25,SANTIAGO,06,TAMBORIL,01,TAMBORIL,02,BOCA DE MAIZAL,008,GUAZUMAL ABAJO,0,2,4,0,13,10.53
25,SANTIAGO,06,TAMBORIL,01,TAMBORIL,02,BOCA DE MAIZAL,001,EL CAÑO,4,8,0,0,15,44.44
25,SANTIAGO,06,TAMBORIL,01,TAMBORIL,04,LAS BOCAS DEL LICEY,001,BOCA DE LICEY,6,6,5,3,16,33.33
25,SANTIAGO,06,TAMBORIL,01,TAMBORIL,04,LAS BOCAS DEL LICEY,004,LA SABANA,0,0,0,0,1,0
25,SANTIAGO,06,TAMBORIL,01,TAMBORIL,04,LAS BOCAS DEL LICEY,003,ARROYO LAS BELLACAS,4,3,0,0,11,38.89
25,SANTIAGO,06,TAMBORIL,01,TAMBORIL,04,LAS BOCAS DEL LICEY,005,MIGUEL SÁNCHEZ,4,2,0,0,2,75
25,SANTIAGO,06,TAMBORIL,01,TAMBORIL,04,LAS BOCAS DEL LICEY,007,LOS GUINEOS,1,0,0,0,0,100
25,SANTIAGO,06,TAMBORIL,01,TAMBORIL,03,GUAZUMAL ARRIBA,004,EL COCO,0,1,0,0,0,100
25,SANTIAGO,06,TAMBORIL,01,TAMBORIL,03,GUAZUMAL ARRIBA,002,GURABO,48,198,317,76,209,29.01
25,SANTIAGO,06,TAMBORIL,01,TAMBORIL,02,BOCA DE MAIZAL,005,HAINA,1,4,5,3,19,15.62
25,SANTIAGO,06,TAMBORIL,01,TAMBORIL,06,PONTEZUELA,003,DON PEDRO ARRIBA LICEY,5,23,32,17,51,21.88
25,SANTIAGO,06,TAMBORIL,01,TAMBORIL,03,GUAZUMAL ARRIBA,006,GUAZUMAL ARRIBA,5,36,50,6,0,42.27
25,SANTIAGO,06,TAMBORIL,02,CANCA LA PIEDRA (D. M.).,05,CANCA LAS AROMAS,003,CANCA ARRIBA LA NUEVA,2,16,12,0,18,37.5
25,SANTIAGO,06,TAMBORIL,02,CANCA LA PIEDRA (D. M.).,03,LOS AMACEYES ARRIBA,004,PALMA PICADA DE LOS AMACEYES,1,11,10,2,4,42.86
25,SANTIAGO,06,TAMBORIL,02,CANCA LA PIEDRA (D. M.).,04,CARLOS DÍAZ,004,PALMA PICADA DE CARLOS DÍAZ,0,0,1,0,0,0
25,SANTIAGO,06,TAMBORIL,02,CANCA LA PIEDRA (D. M.).,04,CARLOS DÍAZ,005,GUATEMALA,15,9,1,0,5,80
25,SANTIAGO,06,TAMBORIL,02,CANCA LA PIEDRA (D. M.).,04,CARLOS DÍAZ,002,SEBORUCO,9,33,30,6,35,37.17
25,SANTIAGO,06,TAMBORIL,02,CANCA LA PIEDRA (D. M.).,04,CARLOS DÍAZ,001,LOS FACTORES O CARLOS DÍAZ,0,0,5,2,0,0
25,SANTIAGO,06,TAMBORIL,02,CANCA LA PIEDRA (D. M.).,05,CANCA LAS AROMAS,002,CANCA LAS AROMAS,5,20,77,23,156,8.9
25,SANTIAGO,06,TAMBORIL,02,CANCA LA PIEDRA (D. M.).,05,CANCA LAS AROMAS,005,NIGUA,14,69,84,21,32,37.73
25,SANTIAGO,06,TAMBORIL,02,CANCA LA PIEDRA (D. M.).,03,LOS AMACEYES ARRIBA,005,LA BOCA DEL SONADOR,0,0,1,0,0,0
25,SANTIAGO,06,TAMBORIL,02,CANCA LA PIEDRA (D. M.).,05,CANCA LAS AROMAS,004,ALTO DEL AGUACATE,25,64,51,9,0,59.73
25,SANTIAGO,06,TAMBORIL,02,CANCA LA PIEDRA (D. M.).,03,LOS AMACEYES ARRIBA,003,LA LOMITA,5,18,13,2,17,41.82
25,SANTIAGO,06,TAMBORIL,02,CANCA LA PIEDRA (D. M.).,03,LOS AMACEYES ARRIBA,001,AMACEYES ARRIBA,16,54,28,3,20,57.85
25,SANTIAGO,06,TAMBORIL,02,CANCA LA PIEDRA (D. M.).,02,CANCA ABAJO,003,JUAN ANTONIO ALIX,17,73,23,5,120,37.82
25,SANTIAGO,06,TAMBORIL,02,CANCA LA PIEDRA (D. M.).,04,CARLOS DÍAZ,003,LA HOYA,0,1,2,2,0,20
25,SANTIAGO,06,TAMBORIL,02,CANCA LA PIEDRA (D. M.).,03,LOS AMACEYES ARRIBA,002,AMACEYES ABAJO,16,35,20,4,3,65.38
25,SANTIAGO,06,TAMBORIL,02,CANCA LA PIEDRA (D. M.).,05,CANCA LAS AROMAS,001,CANCA ARRIBA,7,29,31,7,0,48.65
25,SANTIAGO,06,TAMBORIL,02,CANCA LA PIEDRA (D. M.).,05,CANCA LAS AROMAS,006,CANCA ABAJO,14,89,98,12,0,48.36
25,SANTIAGO,06,TAMBORIL,01,TAMBORIL,01,TAMBORIL,008,BOCA DE LICEY,1,32,47,15,20,28.7
25,SANTIAGO,06,TAMBORIL,01,TAMBORIL,01,TAMBORIL,012,LA CACATA,8,53,86,36,56,25.52
25,SANTIAGO,06,TAMBORIL,01,TAMBORIL,01,TAMBORIL,007,VISTA ALEGRE,54,265,446,259,243,25.18
25,SANTIAGO,06,TAMBORIL,02,CANCA LA PIEDRA (D. M.).,01,CANCA LA PIEDRA,002,LA PIEDRA,9,54,87,41,39,27.39
25,SANTIAGO,06,TAMBORIL,02,CANCA LA PIEDRA (D. M.).,02,CANCA ABAJO,002,EL PALMAR,6,64,144,66,95,18.67
25,SANTIAGO,06,TAMBORIL,01,TAMBORIL,03,GUAZUMAL ARRIBA,007,LOS RIELES,0,9,19,1,111,6.43
25,SANTIAGO,06,TAMBORIL,01,TAMBORIL,03,GUAZUMAL ARRIBA,009,GUAZUMAL LICEY (GUAZUMAL ABAJO),16,87,123,28,189,23.25
25,SANTIAGO,01,SANTIAGO,01,SANTIAGO,03,EL PAPAYO,003,EL PAPAYO,63,330,629,187,219,27.52
25,SANTIAGO,01,SANTIAGO,01,SANTIAGO,06,LAS CHARCAS,001,LA CRUZ,19,65,78,36,58,32.81
25,SANTIAGO,01,SANTIAGO,01,SANTIAGO,05,LA HERRADURA,003,LOS NARANJOS,7,17,12,3,31,34.29
25,SANTIAGO,01,SANTIAGO,01,SANTIAGO,06,LAS CHARCAS,002,LAS CHARCAS,42,161,271,127,164,26.54
25,SANTIAGO,01,SANTIAGO,01,SANTIAGO,08,PALO QUEMADO,005,LA JABILLA,9,4,2,0,0,86.67
25,SANTIAGO,01,SANTIAGO,01,SANTIAGO,03,EL PAPAYO,001,QUEBRADA HONDA,3,33,70,25,16,24.49
25,SANTIAGO,01,SANTIAGO,01,SANTIAGO,08,PALO QUEMADO,011,EL MESO,3,26,14,2,4,59.18
25,SANTIAGO,01,SANTIAGO,01,SANTIAGO,08,PALO QUEMADO,003,PULIDO,20,50,23,2,9,67.31
25,SANTIAGO,01,SANTIAGO,01,SANTIAGO,08,PALO QUEMADO,006,RÍO ARRIBA,5,14,12,1,8,47.5
25,SANTIAGO,01,SANTIAGO,01,SANTIAGO,08,PALO QUEMADO,009,EL ARROYO ARRIBA,15,39,23,3,23,52.43
25,SANTIAGO,01,SANTIAGO,01,SANTIAGO,08,PALO QUEMADO,012,BELLACO,3,2,0,0,12,29.41
25,SANTIAGO,01,SANTIAGO,01,SANTIAGO,08,PALO QUEMADO,017,EL CAIMITO,0,1,1,1,5,12.5
25,SANTIAGO,01,SANTIAGO,01,SANTIAGO,08,PALO QUEMADO,002,LA CUMBRE,19,44,80,10,36,33.33
25,SANTIAGO,01,SANTIAGO,01,SANTIAGO,02,EL INGENIO ABAJO,003,LA CACATA,98,617,213,26,0,74.95
25,SANTIAGO,01,SANTIAGO,01,SANTIAGO,02,EL INGENIO ABAJO,001,EL INGENIO ABAJO,25,127,254,116,3,28.95
25,SANTIAGO,01,SANTIAGO,01,SANTIAGO,05,LA HERRADURA,002,LA HERRADURA ARRIBA,7,37,67,39,3,28.76
25,SANTIAGO,01,SANTIAGO,01,SANTIAGO,03,EL PAPAYO,002,LA NORIEGA,26,110,133,39,62,36.76
25,SANTIAGO,01,SANTIAGO,01,SANTIAGO,08,PALO QUEMADO,014,CUESTA DE PIEDRA,46,188,199,65,89,39.86
25,SANTIAGO,01,SANTIAGO,01,SANTIAGO,08,PALO QUEMADO,001,LA GUAMA,9,10,1,0,0,95
25,SANTIAGO,01,SANTIAGO,01,SANTIAGO,08,PALO QUEMADO,008,LOS HIGOS,17,29,2,0,7,83.64
25,SANTIAGO,01,SANTIAGO,01,SANTIAGO,08,PALO QUEMADO,004,PALMA LIMPIA,9,23,0,0,5,86.49
25,SANTIAGO,01,SANTIAGO,01,SANTIAGO,08,PALO QUEMADO,013,PALO QUEMADO,42,124,44,3,9,74.77
25,SANTIAGO,01,SANTIAGO,01,SANTIAGO,02,EL INGENIO ABAJO,002,EL INGENIO ARRIBA,33,349,262,108,4,50.53
25,SANTIAGO,01,SANTIAGO,01,SANTIAGO,08,PALO QUEMADO,007,PUERTO RICO,3,2,0,0,0,100
25,SANTIAGO,01,SANTIAGO,01,SANTIAGO,06,LAS CHARCAS,003,LAS CHARCAS ABAJO,1,7,7,7,81,7.77
25,SANTIAGO,01,SANTIAGO,01,SANTIAGO,02,EL INGENIO ABAJO,004,MEJÍA,2,15,27,10,0,31.48
25,SANTIAGO,01,SANTIAGO,01,SANTIAGO,02,EL INGENIO ABAJO,005,LOS CAMPECHES,17,46,57,42,39,31.34
25,SANTIAGO,01,SANTIAGO,01,SANTIAGO,07,MONTE ADENTRO ABAJO,002,MONTE ADENTRO ABAJO O LAS AROMAS,44,210,298,85,204,30.2
25,SANTIAGO,01,SANTIAGO,01,SANTIAGO,07,MONTE ADENTRO ABAJO,006,KILÓMETRO 6 1/2 (ANTIGUO KILÓMETRO 7),19,58,57,39,63,32.63
25,SANTIAGO,01,SANTIAGO,01,SANTIAGO,07,MONTE ADENTRO ABAJO,005,KILÓMETRO 5 1/2 (ANTIGUO KILÓMETRO 6 1/2),16,62,84,33,123,24.53
25,SANTIAGO,01,SANTIAGO,01,SANTIAGO,07,MONTE ADENTRO ABAJO,003,DON PEDRO ABAJO,20,97,201,79,137,21.91
25,SANTIAGO,01,SANTIAGO,01,SANTIAGO,07,MONTE ADENTRO ABAJO,004,KILÓMETRO 4 1/2 (ANTIGUO KILÓMETRO 6),24,96,113,50,65,34.48
25,SANTIAGO,01,SANTIAGO,01,SANTIAGO,02,EL INGENIO ABAJO,007,LA EMBOSCADA,54,87,43,8,8,70.5
25,SANTIAGO,01,SANTIAGO,01,SANTIAGO,05,LA HERRADURA,001,LA HERRADURA ABAJO,66,306,510,261,285,26.05
25,SANTIAGO,01,SANTIAGO,01,SANTIAGO,09,PONTEZUELA AL MEDIO,001,PONTEZUELA ARRIBA,27,195,324,137,40,30.71
25,SANTIAGO,01,SANTIAGO,01,SANTIAGO,01,SANTIAGO DE LOS CABALLEROS,002,MONTE RICO,101,855,2695,2749,2832,10.36
25,SANTIAGO,01,SANTIAGO,01,SANTIAGO,01,SANTIAGO DE LOS CABALLEROS,004,ENSANCHE LIBERTAD,47,438,1154,983,1119,12.96
25,SANTIAGO,01,SANTIAGO,01,SANTIAGO,01,SANTIAGO DE LOS CABALLEROS,005,ALTOS DE VIREYA,1,16,49,60,33,10.69
25,SANTIAGO,01,SANTIAGO,01,SANTIAGO,01,SANTIAGO DE LOS CABALLEROS,007,ENSANCHE BERMÚDEZ,54,339,709,371,636,18.63
25,SANTIAGO,01,SANTIAGO,01,SANTIAGO,01,SANTIAGO DE LOS CABALLEROS,008,LA OTRA BANDA,142,951,1793,839,828,24.01
25,SANTIAGO,01,SANTIAGO,01,SANTIAGO,01,SANTIAGO DE LOS CABALLEROS,009,BARACOA,16,163,349,295,299,15.95
25,SANTIAGO,01,SANTIAGO,01,SANTIAGO,01,SANTIAGO DE LOS CABALLEROS,011,BELLA  VISTA,243,1185,2164,1218,1093,24.19
25,SANTIAGO,01,SANTIAGO,01,SANTIAGO,01,SANTIAGO DE LOS CABALLEROS,012,PERALTA,15,168,510,605,562,9.84
25,SANTIAGO,01,SANTIAGO,01,SANTIAGO,01,SANTIAGO DE LOS CABALLEROS,014,LOS JAZMINES,110,843,1912,1470,1606,16.04
25,SANTIAGO,01,SANTIAGO,01,SANTIAGO,01,SANTIAGO DE LOS CABALLEROS,015,NIBAJE,20,122,260,211,192,17.64
25,SANTIAGO,01,SANTIAGO,01,SANTIAGO,01,SANTIAGO DE LOS CABALLEROS,017,PUEBLO NUEVO,53,353,842,885,583,14.95
25,SANTIAGO,01,SANTIAGO,01,SANTIAGO,01,SANTIAGO DE LOS CABALLEROS,020,LAS COLINAS,6,49,116,132,56,15.32
25,SANTIAGO,01,SANTIAGO,01,SANTIAGO,01,SANTIAGO DE LOS CABALLEROS,022,BUENOS AIRES,127,630,1469,1257,449,19.25
25,SANTIAGO,01,SANTIAGO,01,SANTIAGO,01,SANTIAGO DE LOS CABALLEROS,025,LOS JARDINES METROPOLITANOS,1,16,28,22,60,13.39
25,SANTIAGO,01,SANTIAGO,01,SANTIAGO,01,SANTIAGO DE LOS CABALLEROS,026,LA TRINITARIA,0,1,5,2,0,12.5
25,SANTIAGO,01,SANTIAGO,01,SANTIAGO,01,SANTIAGO DE LOS CABALLEROS,029,PEKÍN,128,769,2043,1639,1375,15.07
25,SANTIAGO,01,SANTIAGO,01,SANTIAGO,01,SANTIAGO DE LOS CABALLEROS,031,VILLA OLGA,2,8,17,43,0,14.29
25,SANTIAGO,01,SANTIAGO,01,SANTIAGO,01,SANTIAGO DE LOS CABALLEROS,036,HOYA DEL CAIMITO,21,210,529,367,405,15.08
25,SANTIAGO,01,SANTIAGO,01,SANTIAGO,01,SANTIAGO DE LOS CABALLEROS,038,LOS ÁLAMOS,12,97,306,194,166,14.06
25,SANTIAGO,01,SANTIAGO,01,SANTIAGO,01,SANTIAGO DE LOS CABALLEROS,041,JARDINES DEL ESTE,2,1,7,16,0,11.54
25,SANTIAGO,01,SANTIAGO,01,SANTIAGO,01,SANTIAGO DE LOS CABALLEROS,047,LA FARDIQUERA,0,2,11,18,65,2.08
25,SANTIAGO,01,SANTIAGO,01,SANTIAGO,01,SANTIAGO DE LOS CABALLEROS,048,BUENA VISTA,23,153,456,304,162,16.03
25,SANTIAGO,01,SANTIAGO,01,SANTIAGO,01,SANTIAGO DE LOS CABALLEROS,049,LAS ANTILLAS,5,34,68,69,42,17.89
25,SANTIAGO,01,SANTIAGO,01,SANTIAGO,01,SANTIAGO DE LOS CABALLEROS,050,LOS MORÁN,1,2,5,17,24,6.12
25,SANTIAGO,01,SANTIAGO,01,SANTIAGO,01,SANTIAGO DE LOS CABALLEROS,055,LOS SANTOS,82,333,594,386,247,25.27
25,SANTIAGO,01,SANTIAGO,01,SANTIAGO,01,SANTIAGO DE LOS CABALLEROS,059,PONTEZUELA AL MEDIO,25,111,220,120,87,24.16
25,SANTIAGO,01,SANTIAGO,01,SANTIAGO,01,SANTIAGO DE LOS CABALLEROS,006,ESPAILLAT,73,430,1048,935,846,15.1
25,SANTIAGO,01,SANTIAGO,01,SANTIAGO,01,SANTIAGO DE LOS CABALLEROS,037,ARROYO HONDO ABAJO,37,167,630,567,600,10.19
25,SANTIAGO,01,SANTIAGO,01,SANTIAGO,01,SANTIAGO DE LOS CABALLEROS,010,LA JOYA,46,292,543,444,709,16.62
25,SANTIAGO,01,SANTIAGO,01,SANTIAGO,01,SANTIAGO DE LOS CABALLEROS,019,LOS CIRUELITOS,159,678,1441,964,641,21.56
25,SANTIAGO,01,SANTIAGO,01,SANTIAGO,01,SANTIAGO DE LOS CABALLEROS,023,GREGORIO LUPERÓN,11,71,166,138,462,9.67
25,SANTIAGO,01,SANTIAGO,01,SANTIAGO,01,SANTIAGO DE LOS CABALLEROS,030,REPARTO UNIVERSITARIO,0,3,7,28,0,7.89
25,SANTIAGO,01,SANTIAGO,01,SANTIAGO,01,SANTIAGO DE LOS CABALLEROS,034,REPARTO CONSUELO,5,46,139,126,75,13.04
25,SANTIAGO,01,SANTIAGO,01,SANTIAGO,01,SANTIAGO DE LOS CABALLEROS,040,HATO MAYOR,54,478,1448,1026,743,14.19
25,SANTIAGO,01,SANTIAGO,01,SANTIAGO,01,SANTIAGO DE LOS CABALLEROS,043,EL DORADO,10,63,139,104,90,17.98
25,SANTIAGO,01,SANTIAGO,01,SANTIAGO,01,SANTIAGO DE LOS CABALLEROS,044,LOS RIELES,7,85,240,222,171,12.69
25,SANTIAGO,01,SANTIAGO,01,SANTIAGO,01,SANTIAGO DE LOS CABALLEROS,053,LA TERRAZA,56,183,268,107,124,32.38
25,SANTIAGO,01,SANTIAGO,01,SANTIAGO,01,SANTIAGO DE LOS CABALLEROS,054,URBANIZACIÓN HENRÍQUEZ,19,120,286,259,382,13.04
25,SANTIAGO,01,SANTIAGO,01,SANTIAGO,01,SANTIAGO DE LOS CABALLEROS,052,ZONA INDUSTRIAL,2,14,59,121,0,8.16
25,SANTIAGO,01,SANTIAGO,01,SANTIAGO,01,SANTIAGO DE LOS CABALLEROS,060,PARQUE METROPOLITANO DE SANTIAGO,0,6,10,10,0,23.08
25,SANTIAGO,01,SANTIAGO,01,SANTIAGO,01,SANTIAGO DE LOS CABALLEROS,033,LOS CERROS DE GURABO,8,76,327,246,269,9.07
25,SANTIAGO,01,SANTIAGO,01,SANTIAGO,07,MONTE ADENTRO ABAJO,008,DON PEDRO ARRIBA (MONTE PEÑA),3,20,55,24,40,16.2
25,SANTIAGO,01,SANTIAGO,01,SANTIAGO,01,SANTIAGO DE LOS CABALLEROS,018,ENSANCHE BOLIVAR,143,979,2457,1435,730,19.53
25,SANTIAGO,01,SANTIAGO,01,SANTIAGO,01,SANTIAGO DE LOS CABALLEROS,057,VILLA OLÍMPICA,59,573,1664,2425,1384,10.35
25,SANTIAGO,01,SANTIAGO,01,SANTIAGO,08,PALO QUEMADO,016,EL ARROYO,1,13,22,2,16,25.93
25,SANTIAGO,01,SANTIAGO,01,SANTIAGO,01,SANTIAGO DE LOS CABALLEROS,051,ALTOS DE RAFEY,34,231,456,243,397,19.47
25,SANTIAGO,01,SANTIAGO,01,SANTIAGO,01,SANTIAGO DE LOS CABALLEROS,016,CENTRO DE LA CIUDAD,30,237,372,276,297,22.03
25,SANTIAGO,01,SANTIAGO,01,SANTIAGO,01,SANTIAGO DE LOS CABALLEROS,013,LA YAGÜITA DE PASTOR,155,809,1848,767,772,22.16
25,SANTIAGO,01,SANTIAGO,01,SANTIAGO,01,SANTIAGO DE LOS CABALLEROS,021,URBANIZACIÓN  LOS REYES,30,167,654,807,702,8.35
25,SANTIAGO,01,SANTIAGO,01,SANTIAGO,01,SANTIAGO DE LOS CABALLEROS,003,LOS SALADOS,84,569,1412,1227,1024,15.13
25,SANTIAGO,01,SANTIAGO,01,SANTIAGO,01,SANTIAGO DE LOS CABALLEROS,058,ÁREA MONUMENTAL,0,3,12,7,0,13.64
25,SANTIAGO,01,SANTIAGO,01,SANTIAGO,01,SANTIAGO DE LOS CABALLEROS,056,RINCÓN LARGO,1,1,6,5,0,15.38
25,SANTIAGO,01,SANTIAGO,01,SANTIAGO,01,SANTIAGO DE LOS CABALLEROS,027,LA ZURZA,4,31,101,34,27,17.77
25,SANTIAGO,01,SANTIAGO,01,SANTIAGO,01,SANTIAGO DE LOS CABALLEROS,039,ARROYO HONDO ARRIBA,32,171,439,362,193,16.96
25,SANTIAGO,01,SANTIAGO,01,SANTIAGO,01,SANTIAGO DE LOS CABALLEROS,046,LA BARRANQUITA,37,164,212,242,10,30.23
25,SANTIAGO,01,SANTIAGO,01,SANTIAGO,01,SANTIAGO DE LOS CABALLEROS,045,LA HERRADURA,146,960,1772,841,884,24.03
25,SANTIAGO,01,SANTIAGO,01,SANTIAGO,02,EL INGENIO ABAJO,006,CALLEJÓN DE LOS SÁNCHEZ,53,165,390,400,281,16.91
25,SANTIAGO,01,SANTIAGO,01,SANTIAGO,01,SANTIAGO DE LOS CABALLEROS,001,CIENFUEGOS,719,3836,6528,3843,3204,25.12
25,SANTIAGO,01,SANTIAGO,01,SANTIAGO,01,SANTIAGO DE LOS CABALLEROS,035,GURABO,116,717,1955,1344,1341,15.22
25,SANTIAGO,01,SANTIAGO,01,SANTIAGO,04,GURABO ABAJO,001,LA CHICHIGUA,25,141,258,124,14,29.54
25,SANTIAGO,01,SANTIAGO,01,SANTIAGO,01,SANTIAGO DE LOS CABALLEROS,028,EL  ENSUEÑO,23,180,463,238,546,14
25,SANTIAGO,01,SANTIAGO,01,SANTIAGO,07,MONTE ADENTRO ABAJO,001,PONTEZUELA ABAJO,3,14,40,15,30,16.67
25,SANTIAGO,01,SANTIAGO,01,SANTIAGO,08,PALO QUEMADO,010,KILÓMETRO 11,24,77,39,10,28,56.74
25,SANTIAGO,01,SANTIAGO,02,PEDRO GARCÍA (D. M.).,02,LA  AUYAMA,019,LA YALLITA,53,102,62,12,41,57.41
25,SANTIAGO,01,SANTIAGO,02,PEDRO GARCÍA (D. M.).,01,PEDRO GARCÍA,003,LAS MERCEDES,34,51,59,30,27,42.29
25,SANTIAGO,01,SANTIAGO,02,PEDRO GARCÍA (D. M.).,01,PEDRO GARCÍA,004,LA ALTAGRACIA,9,13,10,4,20,39.29
25,SANTIAGO,01,SANTIAGO,02,PEDRO GARCÍA (D. M.).,02,LA  AUYAMA,003,PIEDRAS AZULES ABAJO,8,6,0,0,4,77.78
25,SANTIAGO,01,SANTIAGO,02,PEDRO GARCÍA (D. M.).,02,LA  AUYAMA,004,EL PUERTO,1,0,0,0,0,100
25,SANTIAGO,01,SANTIAGO,02,PEDRO GARCÍA (D. M.).,02,LA  AUYAMA,015,EL CONGO,17,3,0,0,2,90.91
25,SANTIAGO,01,SANTIAGO,02,PEDRO GARCÍA (D. M.).,02,LA  AUYAMA,005,LOS LIRIOS,0,2,1,0,0,66.67
25,SANTIAGO,01,SANTIAGO,02,PEDRO GARCÍA (D. M.).,02,LA  AUYAMA,010,PIEDRAS AZULES ARRIBA,0,0,0,0,1,0
25,SANTIAGO,01,SANTIAGO,02,PEDRO GARCÍA (D. M.).,02,LA  AUYAMA,007,CAYAS QUEMADAS,9,1,0,0,8,55.56
25,SANTIAGO,01,SANTIAGO,02,PEDRO GARCÍA (D. M.).,02,LA  AUYAMA,027,LAS CAYAS,0,0,0,0,1,0
25,SANTIAGO,01,SANTIAGO,02,PEDRO GARCÍA (D. M.).,02,LA  AUYAMA,006,EL CORAL,21,20,1,0,5,87.23
25,SANTIAGO,01,SANTIAGO,02,PEDRO GARCÍA (D. M.).,02,LA  AUYAMA,026,LA GUAMITA,6,2,1,0,6,53.33
25,SANTIAGO,01,SANTIAGO,02,PEDRO GARCÍA (D. M.).,02,LA  AUYAMA,011,ARROYO PRIETO,0,0,0,0,6,0
25,SANTIAGO,01,SANTIAGO,02,PEDRO GARCÍA (D. M.).,02,LA  AUYAMA,008,LA CANASTA,7,3,0,0,0,100
25,SANTIAGO,01,SANTIAGO,02,PEDRO GARCÍA (D. M.).,02,LA  AUYAMA,013,EL PIÑÓN,16,32,8,1,14,67.61
25,SANTIAGO,01,SANTIAGO,02,PEDRO GARCÍA (D. M.).,02,LA  AUYAMA,012,LAS CAOBAS,1,1,1,2,9,14.29
25,SANTIAGO,01,SANTIAGO,02,PEDRO GARCÍA (D. M.).,02,LA  AUYAMA,025,LA FINCA,18,5,1,1,2,85.19
25,SANTIAGO,01,SANTIAGO,02,PEDRO GARCÍA (D. M.).,02,LA  AUYAMA,021,LAS AUYAMAS,8,1,0,0,3,75
25,SANTIAGO,01,SANTIAGO,02,PEDRO GARCÍA (D. M.).,02,LA  AUYAMA,009,LOS NARANJOS,7,6,0,0,6,68.42
25,SANTIAGO,01,SANTIAGO,02,PEDRO GARCÍA (D. M.).,02,LA  AUYAMA,023,EL RIBÓN,9,7,1,1,0,88.89
25,SANTIAGO,01,SANTIAGO,02,PEDRO GARCÍA (D. M.).,02,LA  AUYAMA,022,LOS RAMONES,4,3,0,0,3,70
25,SANTIAGO,01,SANTIAGO,02,PEDRO GARCÍA (D. M.).,02,LA  AUYAMA,020,LOS MATES,1,4,0,0,6,45.45
25,SANTIAGO,01,SANTIAGO,02,PEDRO GARCÍA (D. M.).,02,LA  AUYAMA,016,LA CATALINA,0,0,0,0,4,0
25,SANTIAGO,01,SANTIAGO,02,PEDRO GARCÍA (D. M.).,02,LA  AUYAMA,029,LA GUÁZARA,11,6,1,0,4,77.27
25,SANTIAGO,01,SANTIAGO,02,PEDRO GARCÍA (D. M.).,02,LA  AUYAMA,001,EL HOYAZO,21,15,2,0,14,69.23
25,SANTIAGO,01,SANTIAGO,02,PEDRO GARCÍA (D. M.).,02,LA  AUYAMA,030,LOS RINCONES,8,11,6,0,11,52.78
25,SANTIAGO,01,SANTIAGO,02,PEDRO GARCÍA (D. M.).,02,LA  AUYAMA,024,ALTO GORDO,7,2,0,0,5,64.29
25,SANTIAGO,01,SANTIAGO,02,PEDRO GARCÍA (D. M.).,02,LA  AUYAMA,018,LA GUAMA,15,5,1,0,6,74.07
25,SANTIAGO,01,SANTIAGO,02,PEDRO GARCÍA (D. M.).,02,LA  AUYAMA,031,ALTO DE CEDRO,0,0,0,0,8,0
25,SANTIAGO,01,SANTIAGO,02,PEDRO GARCÍA (D. M.).,02,LA  AUYAMA,028,EL MAIZAL,0,0,0,0,4,0
25,SANTIAGO,01,SANTIAGO,02,PEDRO GARCÍA (D. M.).,01,PEDRO GARCÍA,002,CENTRO DEL PUEBLO,14,43,32,12,21,46.72
25,SANTIAGO,01,SANTIAGO,02,PEDRO GARCÍA (D. M.).,01,PEDRO GARCÍA,001,EL PLAY,20,45,45,19,14,45.45
25,SANTIAGO,01,SANTIAGO,02,PEDRO GARCÍA (D. M.).,02,LA  AUYAMA,014,LOMAS FRÍAS,13,26,12,7,21,49.37
25,SANTIAGO,05,SAN JOSÉ DE LAS MATAS,02,EL RUBIO (D. M.).,09,MATA DEL DAJAO,010,EL CAJUIL,5,6,2,0,2,73.33
25,SANTIAGO,05,SAN JOSÉ DE LAS MATAS,02,EL RUBIO (D. M.).,09,MATA DEL DAJAO,002,MATA DEL DAJAO,0,0,0,0,7,0
25,SANTIAGO,05,SAN JOSÉ DE LAS MATAS,02,EL RUBIO (D. M.).,07,MAGUÁ,014,EL CENTRO,3,14,4,0,0,80.95
25,SANTIAGO,05,SAN JOSÉ DE LAS MATAS,02,EL RUBIO (D. M.).,09,MATA DEL DAJAO,007,LA CEIBA,3,2,0,0,1,83.33
25,SANTIAGO,05,SAN JOSÉ DE LAS MATAS,02,EL RUBIO (D. M.).,07,MAGUÁ,002,LA GUARANITA,0,5,0,0,0,100
25,SANTIAGO,05,SAN JOSÉ DE LAS MATAS,02,EL RUBIO (D. M.).,12,EL RUBIO,004,LA CULATA,3,0,0,0,2,60
25,SANTIAGO,05,SAN JOSÉ DE LAS MATAS,02,EL RUBIO (D. M.).,03,CELESTINA,010,CAÑADA GRANDE,20,63,19,3,8,73.45
25,SANTIAGO,05,SAN JOSÉ DE LAS MATAS,02,EL RUBIO (D. M.).,12,EL RUBIO,012,EL PINAR,0,0,1,0,0,0
25,SANTIAGO,05,SAN JOSÉ DE LAS MATAS,02,EL RUBIO (D. M.).,12,EL RUBIO,011,RUBIO ADENTRO,0,10,10,6,13,25.64
25,SANTIAGO,05,SAN JOSÉ DE LAS MATAS,02,EL RUBIO (D. M.).,12,EL RUBIO,014,LOS HORNILOS,4,7,5,3,0,57.89
25,SANTIAGO,05,SAN JOSÉ DE LAS MATAS,02,EL RUBIO (D. M.).,11,PANANAO,014,LA SABANETA,1,21,8,1,0,70.97
25,SANTIAGO,05,SAN JOSÉ DE LAS MATAS,02,EL RUBIO (D. M.).,12,EL RUBIO,010,CABREJA,8,20,4,0,4,77.78
25,SANTIAGO,05,SAN JOSÉ DE LAS MATAS,02,EL RUBIO (D. M.).,03,CELESTINA,005,LOS CORRALITOS,0,0,0,0,1,0
25,SANTIAGO,05,SAN JOSÉ DE LAS MATAS,02,EL RUBIO (D. M.).,12,EL RUBIO,002,LAS GUÁRANAS,1,2,2,0,8,23.08
25,SANTIAGO,05,SAN JOSÉ DE LAS MATAS,02,EL RUBIO (D. M.).,12,EL RUBIO,013,EL BAMBÚ,0,10,10,0,3,43.48
25,SANTIAGO,05,SAN JOSÉ DE LAS MATAS,03,LA CUESTA (D. M.).,06,LOMA QUEMADA,001,EL LIMPIO,19,27,15,4,11,60.53
25,SANTIAGO,05,SAN JOSÉ DE LAS MATAS,03,LA CUESTA (D. M.).,05,LOMA DE LOS PALOS,005,SIERRA DEL GUANO,13,24,5,3,13,63.79
25,SANTIAGO,05,SAN JOSÉ DE LAS MATAS,03,LA CUESTA (D. M.).,06,LOMA QUEMADA,003,LOS CIRUELOS,1,7,6,1,4,42.11
25,SANTIAGO,05,SAN JOSÉ DE LAS MATAS,03,LA CUESTA (D. M.).,03,EUGENIO PERDOMO,007,LO MELMONTO,0,1,0,0,0,100
25,SANTIAGO,05,SAN JOSÉ DE LAS MATAS,03,LA CUESTA (D. M.).,03,EUGENIO PERDOMO,001,ALBANA,2,0,0,0,1,66.67
25,SANTIAGO,05,SAN JOSÉ DE LAS MATAS,03,LA CUESTA (D. M.).,03,EUGENIO PERDOMO,002,EUGENIO PERDOMO,0,0,0,0,1,0
25,SANTIAGO,05,SAN JOSÉ DE LAS MATAS,03,LA CUESTA (D. M.).,04,GUAMA,008,LORENZO,6,13,14,0,7,47.5
25,SANTIAGO,05,SAN JOSÉ DE LAS MATAS,03,LA CUESTA (D. M.).,04,GUAMA,004,GUAMA ARRIBA O LA GUAMA,2,2,0,1,6,36.36
25,SANTIAGO,05,SAN JOSÉ DE LAS MATAS,03,LA CUESTA (D. M.).,04,GUAMA,003,EL CHORRERÓN,1,0,0,0,0,100
25,SANTIAGO,05,SAN JOSÉ DE LAS MATAS,03,LA CUESTA (D. M.).,04,GUAMA,009,LOS CALABOZOS O LA CALABAZA,1,7,7,0,1,50
25,SANTIAGO,05,SAN JOSÉ DE LAS MATAS,03,LA CUESTA (D. M.).,05,LOMA DE LOS PALOS,003,LOMA DE LOS PALOS,2,21,15,5,0,53.49
25,SANTIAGO,05,SAN JOSÉ DE LAS MATAS,03,LA CUESTA (D. M.).,05,LOMA DE LOS PALOS,002,LOMA DEL TORO,0,0,0,1,0,0
25,SANTIAGO,05,SAN JOSÉ DE LAS MATAS,03,LA CUESTA (D. M.).,04,GUAMA,002,LOMA SUCIA,0,1,0,0,0,100
25,SANTIAGO,05,SAN JOSÉ DE LAS MATAS,03,LA CUESTA (D. M.).,04,GUAMA,006,HOYA BELLACA,0,1,1,0,0,50
25,SANTIAGO,05,SAN JOSÉ DE LAS MATAS,03,LA CUESTA (D. M.).,06,LOMA QUEMADA,002,LOMA QUEMADA,7,10,9,0,14,42.5
25,SANTIAGO,05,SAN JOSÉ DE LAS MATAS,03,LA CUESTA (D. M.).,04,GUAMA,005,GUAMITA O GUAMA ABAJO,0,3,2,0,0,60
25,SANTIAGO,05,SAN JOSÉ DE LAS MATAS,03,LA CUESTA (D. M.).,04,GUAMA,010,LOS CIRUELOS,6,21,10,2,7,58.7
25,SANTIAGO,05,SAN JOSÉ DE LAS MATAS,03,LA CUESTA (D. M.).,05,LOMA DE LOS PALOS,001,LAS AUYAMAS,8,15,28,7,12,32.86
25,SANTIAGO,05,SAN JOSÉ DE LAS MATAS,03,LA CUESTA (D. M.).,04,GUAMA,007,LA CHORRERA,0,0,0,0,1,0
25,SANTIAGO,05,SAN JOSÉ DE LAS MATAS,02,EL RUBIO (D. M.).,08,MANACLA,004,CABISMAL,1,1,0,0,3,40
25,SANTIAGO,05,SAN JOSÉ DE LAS MATAS,02,EL RUBIO (D. M.).,05,DIFERENCIA,014,CERRITO PELADO,0,0,0,0,1,0
25,SANTIAGO,05,SAN JOSÉ DE LAS MATAS,02,EL RUBIO (D. M.).,05,DIFERENCIA,004,MONTE LLANO,1,1,0,0,0,100
25,SANTIAGO,05,SAN JOSÉ DE LAS MATAS,02,EL RUBIO (D. M.).,05,DIFERENCIA,005,LOS ARROYOS,1,2,0,0,0,100
25,SANTIAGO,05,SAN JOSÉ DE LAS MATAS,02,EL RUBIO (D. M.).,08,MANACLA,001,PASO DEL GANADO,0,2,2,0,1,40
25,SANTIAGO,05,SAN JOSÉ DE LAS MATAS,02,EL RUBIO (D. M.).,08,MANACLA,005,EL MANACLAR,0,0,0,0,3,0
25,SANTIAGO,05,SAN JOSÉ DE LAS MATAS,02,EL RUBIO (D. M.).,05,DIFERENCIA,008,DIFERENCIA,8,30,16,2,15,53.52
25,SANTIAGO,05,SAN JOSÉ DE LAS MATAS,02,EL RUBIO (D. M.).,08,MANACLA,002,MANACLA,8,15,9,1,10,53.49
25,SANTIAGO,05,SAN JOSÉ DE LAS MATAS,02,EL RUBIO (D. M.).,05,DIFERENCIA,006,MATA DE PALMA,7,4,0,0,1,91.67
25,SANTIAGO,05,SAN JOSÉ DE LAS MATAS,02,EL RUBIO (D. M.).,08,MANACLA,003,RACHO DE LA CANA,9,8,3,0,4,70.83
25,SANTIAGO,05,SAN JOSÉ DE LAS MATAS,03,LA CUESTA (D. M.).,02,JAIQUI PICADO,001,ARROYO  HONDO,0,1,0,1,6,12.5
25,SANTIAGO,05,SAN JOSÉ DE LAS MATAS,03,LA CUESTA (D. M.).,02,JAIQUI PICADO,005,JAIQUI PICAO ABAJO (AJÍ PICAO ABAJO),5,18,9,1,0,69.7
25,SANTIAGO,05,SAN JOSÉ DE LAS MATAS,03,LA CUESTA (D. M.).,07,CUESTA ABAJO,010,LOMA AMARILLA,2,2,2,0,2,50
25,SANTIAGO,05,SAN JOSÉ DE LAS MATAS,03,LA CUESTA (D. M.).,07,CUESTA ABAJO,009,LA ANACAHUITA,1,1,1,0,0,66.67
25,SANTIAGO,05,SAN JOSÉ DE LAS MATAS,03,LA CUESTA (D. M.).,07,CUESTA ABAJO,013,LOS PALEROS,0,0,1,0,0,0
25,SANTIAGO,05,SAN JOSÉ DE LAS MATAS,03,LA CUESTA (D. M.).,07,CUESTA ABAJO,011,LOMA DEL PINAL,2,4,0,0,2,75
25,SANTIAGO,05,SAN JOSÉ DE LAS MATAS,03,LA CUESTA (D. M.).,07,CUESTA ABAJO,001,ANAYO,3,5,0,0,0,100
25,SANTIAGO,05,SAN JOSÉ DE LAS MATAS,03,LA CUESTA (D. M.).,07,CUESTA ABAJO,007,EL PINAL,1,6,5,4,6,31.82
25,SANTIAGO,05,SAN JOSÉ DE LAS MATAS,03,LA CUESTA (D. M.).,07,CUESTA ABAJO,014,LOS POSITOS,4,7,4,1,7,47.83
25,SANTIAGO,05,SAN JOSÉ DE LAS MATAS,03,LA CUESTA (D. M.).,07,CUESTA ABAJO,003,CAÑETE,11,18,8,2,17,51.79
25,SANTIAGO,05,SAN JOSÉ DE LAS MATAS,03,LA CUESTA (D. M.).,07,CUESTA ABAJO,004,CUESTA ARRIBA,3,9,6,1,3,54.55
25,SANTIAGO,05,SAN JOSÉ DE LAS MATAS,03,LA CUESTA (D. M.).,07,CUESTA ABAJO,012,LOMA DEL VIENTO,3,5,2,0,0,80
25,SANTIAGO,05,SAN JOSÉ DE LAS MATAS,03,LA CUESTA (D. M.).,07,CUESTA ABAJO,016,LA SIERRECITA,2,0,2,0,0,50
25,SANTIAGO,05,SAN JOSÉ DE LAS MATAS,03,LA CUESTA (D. M.).,07,CUESTA ABAJO,017,ACIBA,0,0,0,0,98,0
25,SANTIAGO,05,SAN JOSÉ DE LAS MATAS,03,LA CUESTA (D. M.).,02,JAIQUI PICADO,004,JAIQUI PICAO ARRIBA (AJÍ PICAO ARRIBA),9,6,3,2,22,35.71
25,SANTIAGO,05,SAN JOSÉ DE LAS MATAS,03,LA CUESTA (D. M.).,07,CUESTA ABAJO,008,GURABO,10,8,3,1,0,81.82
25,SANTIAGO,05,SAN JOSÉ DE LAS MATAS,03,LA CUESTA (D. M.).,07,CUESTA ABAJO,005,CUETO,0,2,0,0,0,100
25,SANTIAGO,05,SAN JOSÉ DE LAS MATAS,01,SAN JOSÉ DE LAS MATAS,02,INOA,006,NAVA,2,7,1,0,0,90
25,SANTIAGO,05,SAN JOSÉ DE LAS MATAS,01,SAN JOSÉ DE LAS MATAS,02,INOA,015,BOCA DE HIGUA,5,15,29,11,7,29.85
25,SANTIAGO,05,SAN JOSÉ DE LAS MATAS,01,SAN JOSÉ DE LAS MATAS,02,INOA,022,HIGUA,0,0,0,0,10,0
25,SANTIAGO,05,SAN JOSÉ DE LAS MATAS,01,SAN JOSÉ DE LAS MATAS,02,INOA,018,LOS NARANJOS,5,23,2,0,8,73.68
25,SANTIAGO,05,SAN JOSÉ DE LAS MATAS,01,SAN JOSÉ DE LAS MATAS,02,INOA,011,VEREDA DE AMINA,4,6,9,0,28,21.28
25,SANTIAGO,05,SAN JOSÉ DE LAS MATAS,01,SAN JOSÉ DE LAS MATAS,02,INOA,012,LOS PLATANITOS,2,14,15,2,3,44.44
25,SANTIAGO,05,SAN JOSÉ DE LAS MATAS,01,SAN JOSÉ DE LAS MATAS,02,INOA,016,LAS BRUJAS,6,35,12,0,23,53.95
25,SANTIAGO,05,SAN JOSÉ DE LAS MATAS,01,SAN JOSÉ DE LAS MATAS,02,INOA,009,EL COROZO,15,52,62,6,47,36.81
25,SANTIAGO,05,SAN JOSÉ DE LAS MATAS,01,SAN JOSÉ DE LAS MATAS,02,INOA,008,PINALITO,1,16,10,1,3,54.84
25,SANTIAGO,05,SAN JOSÉ DE LAS MATAS,01,SAN JOSÉ DE LAS MATAS,02,INOA,007,CAOBANICO,21,56,23,2,44,52.74
25,SANTIAGO,05,SAN JOSÉ DE LAS MATAS,01,SAN JOSÉ DE LAS MATAS,02,INOA,010,QUEBRADA HONDA,1,4,0,0,2,71.43
25,SANTIAGO,05,SAN JOSÉ DE LAS MATAS,01,SAN JOSÉ DE LAS MATAS,02,INOA,005,EL CAIMITO,3,26,10,1,3,67.44
25,SANTIAGO,05,SAN JOSÉ DE LAS MATAS,01,SAN JOSÉ DE LAS MATAS,02,INOA,003,LOS PALMARITOS,3,23,7,0,11,59.09
25,SANTIAGO,05,SAN JOSÉ DE LAS MATAS,01,SAN JOSÉ DE LAS MATAS,02,INOA,024,LOS PINOS,0,12,2,0,2,75
25,SANTIAGO,05,SAN JOSÉ DE LAS MATAS,01,SAN JOSÉ DE LAS MATAS,02,INOA,025,INOA,8,35,31,10,24,39.81
25,SANTIAGO,05,SAN JOSÉ DE LAS MATAS,01,SAN JOSÉ DE LAS MATAS,02,INOA,013,INOA ABAJO,2,15,16,11,13,29.82
25,SANTIAGO,05,SAN JOSÉ DE LAS MATAS,01,SAN JOSÉ DE LAS MATAS,02,INOA,020,LAS YAYAS,2,1,0,0,7,30
25,SANTIAGO,05,SAN JOSÉ DE LAS MATAS,01,SAN JOSÉ DE LAS MATAS,02,INOA,014,BERNABÉ,2,34,23,7,9,48
25,SANTIAGO,05,SAN JOSÉ DE LAS MATAS,02,EL RUBIO (D. M.).,04,COROCITO,005,LOS RAMONES,17,39,11,0,29,58.33
25,SANTIAGO,05,SAN JOSÉ DE LAS MATAS,02,EL RUBIO (D. M.).,04,COROCITO,008,LAS GUAJACAS,2,7,1,0,5,60
25,SANTIAGO,05,SAN JOSÉ DE LAS MATAS,02,EL RUBIO (D. M.).,04,COROCITO,010,COROCITO ABAJO,0,2,1,0,20,8.7
25,SANTIAGO,05,SAN JOSÉ DE LAS MATAS,02,EL RUBIO (D. M.).,04,COROCITO,007,LAS MINAS,0,7,0,0,0,100
25,SANTIAGO,05,SAN JOSÉ DE LAS MATAS,02,EL RUBIO (D. M.).,04,COROCITO,006,EL POLVAZO,3,7,1,0,0,90.91
25,SANTIAGO,05,SAN JOSÉ DE LAS MATAS,02,EL RUBIO (D. M.).,04,COROCITO,002,COROCITO,39,55,16,1,26,68.61
25,SANTIAGO,05,SAN JOSÉ DE LAS MATAS,02,EL RUBIO (D. M.).,04,COROCITO,009,LOMA LLANA,8,12,1,0,0,95.24
25,SANTIAGO,05,SAN JOSÉ DE LAS MATAS,02,EL RUBIO (D. M.).,04,COROCITO,004,LOS NARANJOS,1,2,0,0,6,33.33
25,SANTIAGO,05,SAN JOSÉ DE LAS MATAS,02,EL RUBIO (D. M.).,06,JICOMÉ,007,LOMA DEL MEDIO,2,6,1,0,0,88.89
25,SANTIAGO,05,SAN JOSÉ DE LAS MATAS,02,EL RUBIO (D. M.).,06,JICOMÉ,015,VALLECITO,1,0,0,0,0,100
25,SANTIAGO,05,SAN JOSÉ DE LAS MATAS,02,EL RUBIO (D. M.).,06,JICOMÉ,006,JICOMÉ,24,31,5,2,10,76.39
25,SANTIAGO,05,SAN JOSÉ DE LAS MATAS,02,EL RUBIO (D. M.).,06,JICOMÉ,012,EL GALLO,3,4,1,0,3,63.64
25,SANTIAGO,05,SAN JOSÉ DE LAS MATAS,02,EL RUBIO (D. M.).,06,JICOMÉ,008,JUAN  FINO,2,0,0,0,0,100
25,SANTIAGO,05,SAN JOSÉ DE LAS MATAS,02,EL RUBIO (D. M.).,06,JICOMÉ,011,CALIMETAL,0,0,0,0,2,0
25,SANTIAGO,05,SAN JOSÉ DE LAS MATAS,02,EL RUBIO (D. M.).,04,COROCITO,003,LOMA DE LAS CANAS,3,5,0,0,12,40
25,SANTIAGO,05,SAN JOSÉ DE LAS MATAS,02,EL RUBIO (D. M.).,03,CELESTINA,014,CELESTINA,7,11,4,0,1,78.26
25,SANTIAGO,05,SAN JOSÉ DE LAS MATAS,02,EL RUBIO (D. M.).,03,CELESTINA,012,SIERRECITA,0,0,0,0,4,0
25,SANTIAGO,05,SAN JOSÉ DE LAS MATAS,02,EL RUBIO (D. M.).,10,NARANJO BOJÓN,004,MATA DE CANA,5,6,0,0,6,64.71
25,SANTIAGO,05,SAN JOSÉ DE LAS MATAS,02,EL RUBIO (D. M.).,10,NARANJO BOJÓN,002,NARANJO,1,2,0,0,0,100
25,SANTIAGO,05,SAN JOSÉ DE LAS MATAS,02,EL RUBIO (D. M.).,10,NARANJO BOJÓN,009,NARANJO ABAJO,1,2,0,0,8,27.27
25,SANTIAGO,05,SAN JOSÉ DE LAS MATAS,02,EL RUBIO (D. M.).,02,CAÑAFÍSTOL,002,CAÑAFÍSTOL,9,45,32,0,21,50.47
25,SANTIAGO,05,SAN JOSÉ DE LAS MATAS,02,EL RUBIO (D. M.).,03,CELESTINA,006,LOS HOYITOS,11,25,13,0,16,55.38
25,SANTIAGO,05,SAN JOSÉ DE LAS MATAS,02,EL RUBIO (D. M.).,03,CELESTINA,018,DON DOMINGO,4,3,0,0,0,100
25,SANTIAGO,05,SAN JOSÉ DE LAS MATAS,02,EL RUBIO (D. M.).,03,CELESTINA,007,LAS ALTAMISAS,11,21,10,1,9,61.54
25,SANTIAGO,05,SAN JOSÉ DE LAS MATAS,02,EL RUBIO (D. M.).,03,CELESTINA,002,BOHÍO VIEJO,2,6,3,0,13,33.33
25,SANTIAGO,05,SAN JOSÉ DE LAS MATAS,02,EL RUBIO (D. M.).,03,CELESTINA,009,LOS CACAOS,1,2,0,0,0,100
25,SANTIAGO,05,SAN JOSÉ DE LAS MATAS,02,EL RUBIO (D. M.).,12,EL RUBIO,007,LOS GUAYUYOS,7,14,12,1,23,36.84
25,SANTIAGO,05,SAN JOSÉ DE LAS MATAS,02,EL RUBIO (D. M.).,11,PANANAO,012,LA SÁBANA,0,0,0,0,7,0
25,SANTIAGO,05,SAN JOSÉ DE LAS MATAS,02,EL RUBIO (D. M.).,11,PANANAO,001,LAS AUYAMAS,1,2,5,1,16,12
25,SANTIAGO,05,SAN JOSÉ DE LAS MATAS,02,EL RUBIO (D. M.).,11,PANANAO,002,PANANAO ARRIBA,0,1,1,1,13,6.25
25,SANTIAGO,05,SAN JOSÉ DE LAS MATAS,02,EL RUBIO (D. M.).,12,EL RUBIO,001,CUATRO ESQUINAS,13,51,36,2,43,44.14
25,SANTIAGO,05,SAN JOSÉ DE LAS MATAS,02,EL RUBIO (D. M.).,12,EL RUBIO,006,EL NARANJITO,6,15,6,0,6,63.64
25,SANTIAGO,05,SAN JOSÉ DE LAS MATAS,02,EL RUBIO (D. M.).,12,EL RUBIO,009,LA LAGUNA,2,9,2,0,7,55
25,SANTIAGO,05,SAN JOSÉ DE LAS MATAS,02,EL RUBIO (D. M.).,12,EL RUBIO,008,LA PALMITA,4,16,17,0,20,35.09
25,SANTIAGO,05,SAN JOSÉ DE LAS MATAS,02,EL RUBIO (D. M.).,11,PANANAO,006,PANANAO AL MEDIO,4,13,3,1,4,68
25,SANTIAGO,05,SAN JOSÉ DE LAS MATAS,02,EL RUBIO (D. M.).,11,PANANAO,009,LA ESTRECHURA DE LA NEGRA,1,4,3,0,0,62.5
25,SANTIAGO,05,SAN JOSÉ DE LAS MATAS,02,EL RUBIO (D. M.).,11,PANANAO,008,LOS RINCONES,0,3,1,0,1,60
25,SANTIAGO,05,SAN JOSÉ DE LAS MATAS,02,EL RUBIO (D. M.).,11,PANANAO,004,LOS SILLONES,1,7,6,0,1,53.33
25,SANTIAGO,05,SAN JOSÉ DE LAS MATAS,02,EL RUBIO (D. M.).,11,PANANAO,013,LA VEREDA,1,14,2,0,0,88.24
25,SANTIAGO,05,SAN JOSÉ DE LAS MATAS,02,EL RUBIO (D. M.).,11,PANANAO,005,PANANAO,4,19,5,1,7,63.89
25,SANTIAGO,05,SAN JOSÉ DE LAS MATAS,02,EL RUBIO (D. M.).,11,PANANAO,003,LA POTRANCA,2,3,1,0,0,83.33
25,SANTIAGO,05,SAN JOSÉ DE LAS MATAS,02,EL RUBIO (D. M.).,11,PANANAO,011,PANANAO ABAJO,4,11,0,0,11,57.69
25,SANTIAGO,05,SAN JOSÉ DE LAS MATAS,02,EL RUBIO (D. M.).,11,PANANAO,016,LOS CAJUILES,4,11,3,0,0,83.33
25,SANTIAGO,05,SAN JOSÉ DE LAS MATAS,02,EL RUBIO (D. M.).,02,CAÑAFÍSTOL,001,EL CÓRBANO,0,3,0,0,1,75
25,SANTIAGO,05,SAN JOSÉ DE LAS MATAS,02,EL RUBIO (D. M.).,02,CAÑAFÍSTOL,004,LOS RAMONES O BULLA,0,0,1,1,0,0
25,SANTIAGO,05,SAN JOSÉ DE LAS MATAS,02,EL RUBIO (D. M.).,03,CELESTINA,003,LAS CUEVAS,2,3,0,0,0,100
25,SANTIAGO,05,SAN JOSÉ DE LAS MATAS,02,EL RUBIO (D. M.).,03,CELESTINA,008,SABANA ABAJO,0,2,1,1,3,28.57
25,SANTIAGO,05,SAN JOSÉ DE LAS MATAS,04,LAS PLACETAS (D. M.).,02,DAMAJAGUA,007,LAS CARRERAS,31,56,38,6,18,58.39
25,SANTIAGO,05,SAN JOSÉ DE LAS MATAS,04,LAS PLACETAS (D. M.).,04,JAMAMÚ,004,JAMAMUCITO,13,10,1,0,11,65.71
25,SANTIAGO,05,SAN JOSÉ DE LAS MATAS,04,LAS PLACETAS (D. M.).,03,LOS LIMONES,003,LAS PLACETAS ARRIBA,5,24,11,4,8,55.77
25,SANTIAGO,05,SAN JOSÉ DE LAS MATAS,04,LAS PLACETAS (D. M.).,04,JAMAMÚ,003,JAMAMÚ,29,33,10,0,16,70.45
25,SANTIAGO,05,SAN JOSÉ DE LAS MATAS,04,LAS PLACETAS (D. M.).,05,LAS LAGUNAS,002,LAGUNA ARRIBA,19,20,5,1,2,82.98
25,SANTIAGO,05,SAN JOSÉ DE LAS MATAS,04,LAS PLACETAS (D. M.).,05,LAS LAGUNAS,006,RANCHITO POSTRERO,2,2,4,0,2,40
25,SANTIAGO,05,SAN JOSÉ DE LAS MATAS,04,LAS PLACETAS (D. M.).,05,LAS LAGUNAS,005,PARTE BELLACA,7,16,0,0,5,82.14
25,SANTIAGO,05,SAN JOSÉ DE LAS MATAS,04,LAS PLACETAS (D. M.).,03,LOS LIMONES,005,LOS LIMONES,10,12,1,0,8,70.97
25,SANTIAGO,05,SAN JOSÉ DE LAS MATAS,04,LAS PLACETAS (D. M.).,03,LOS LIMONES,006,PIEDRA PARTIDA,15,21,6,0,8,72
25,SANTIAGO,05,SAN JOSÉ DE LAS MATAS,04,LAS PLACETAS (D. M.).,04,JAMAMÚ,002,CERCADILLO,0,1,0,0,0,100
25,SANTIAGO,05,SAN JOSÉ DE LAS MATAS,04,LAS PLACETAS (D. M.).,04,JAMAMÚ,001,CALIMETAL,5,2,0,0,4,63.64
25,SANTIAGO,05,SAN JOSÉ DE LAS MATAS,04,LAS PLACETAS (D. M.).,02,DAMAJAGUA,005,LA CABIRMA,0,3,4,0,0,42.86
25,SANTIAGO,05,SAN JOSÉ DE LAS MATAS,04,LAS PLACETAS (D. M.).,02,DAMAJAGUA,004,LA BIJA,0,1,0,0,0,100
25,SANTIAGO,05,SAN JOSÉ DE LAS MATAS,04,LAS PLACETAS (D. M.).,02,DAMAJAGUA,008,LOS CORRALES,1,0,0,0,5,16.67
25,SANTIAGO,05,SAN JOSÉ DE LAS MATAS,04,LAS PLACETAS (D. M.).,02,DAMAJAGUA,002,DAMAJAGUA ADENTRO,7,5,0,0,4,75
25,SANTIAGO,05,SAN JOSÉ DE LAS MATAS,04,LAS PLACETAS (D. M.).,02,DAMAJAGUA,009,MANACLAR,6,6,1,0,2,80
25,SANTIAGO,05,SAN JOSÉ DE LAS MATAS,04,LAS PLACETAS (D. M.).,02,DAMAJAGUA,012,RINCÓN LARGO,10,26,2,0,2,90
25,SANTIAGO,05,SAN JOSÉ DE LAS MATAS,04,LAS PLACETAS (D. M.).,03,LOS LIMONES,001,ARROYO HONDO,15,29,30,6,15,46.32
25,SANTIAGO,05,SAN JOSÉ DE LAS MATAS,04,LAS PLACETAS (D. M.).,02,DAMAJAGUA,014,DAMAJAGUA,19,41,12,1,11,71.43
25,SANTIAGO,05,SAN JOSÉ DE LAS MATAS,04,LAS PLACETAS (D. M.).,05,LAS LAGUNAS,003,LAS LAGUNAS,10,13,2,0,6,74.19
25,SANTIAGO,05,SAN JOSÉ DE LAS MATAS,02,EL RUBIO (D. M.).,07,MAGUÁ,013,EL ESTRIBO,2,0,0,0,0,100
25,SANTIAGO,05,SAN JOSÉ DE LAS MATAS,01,SAN JOSÉ DE LAS MATAS,07,LAS PIEDRAS,012,TIERRA COLORADA,1,21,8,3,17,44
25,SANTIAGO,05,SAN JOSÉ DE LAS MATAS,01,SAN JOSÉ DE LAS MATAS,07,LAS PIEDRAS,011,ARROYO LA VIEJA,7,11,2,0,10,60
25,SANTIAGO,05,SAN JOSÉ DE LAS MATAS,01,SAN JOSÉ DE LAS MATAS,07,LAS PIEDRAS,013,EL CARRIZAL,9,28,14,1,22,50
25,SANTIAGO,05,SAN JOSÉ DE LAS MATAS,01,SAN JOSÉ DE LAS MATAS,07,LAS PIEDRAS,014,ARROYO CARRIZAL,3,15,10,0,0,64.29
25,SANTIAGO,05,SAN JOSÉ DE LAS MATAS,01,SAN JOSÉ DE LAS MATAS,07,LAS PIEDRAS,016,EL RODEO,6,17,13,2,19,40.35
25,SANTIAGO,05,SAN JOSÉ DE LAS MATAS,01,SAN JOSÉ DE LAS MATAS,07,LAS PIEDRAS,002,EL GUANO,0,0,0,0,4,0
25,SANTIAGO,05,SAN JOSÉ DE LAS MATAS,01,SAN JOSÉ DE LAS MATAS,07,LAS PIEDRAS,003,LOS JÍBAROS,3,7,4,0,0,71.43
25,SANTIAGO,05,SAN JOSÉ DE LAS MATAS,01,SAN JOSÉ DE LAS MATAS,07,LAS PIEDRAS,009,EL LIMÓN,10,7,1,0,11,58.62
25,SANTIAGO,05,SAN JOSÉ DE LAS MATAS,01,SAN JOSÉ DE LAS MATAS,07,LAS PIEDRAS,001,LAS PIEDRAS,18,21,9,0,6,72.22
25,SANTIAGO,05,SAN JOSÉ DE LAS MATAS,01,SAN JOSÉ DE LAS MATAS,07,LAS PIEDRAS,007,ARROYO PUERTO,0,2,0,0,0,100
25,SANTIAGO,05,SAN JOSÉ DE LAS MATAS,01,SAN JOSÉ DE LAS MATAS,07,LAS PIEDRAS,005,AGUACATE,0,5,1,0,4,50
25,SANTIAGO,05,SAN JOSÉ DE LAS MATAS,01,SAN JOSÉ DE LAS MATAS,07,LAS PIEDRAS,010,LOMA DE LOS RÍOS,0,6,0,0,3,66.67
25,SANTIAGO,05,SAN JOSÉ DE LAS MATAS,01,SAN JOSÉ DE LAS MATAS,07,LAS PIEDRAS,021,EL DAJAO,6,8,1,0,3,77.78
25,SANTIAGO,05,SAN JOSÉ DE LAS MATAS,01,SAN JOSÉ DE LAS MATAS,07,LAS PIEDRAS,017,DAJAO ABAJO,1,1,0,0,0,100
25,SANTIAGO,05,SAN JOSÉ DE LAS MATAS,01,SAN JOSÉ DE LAS MATAS,07,LAS PIEDRAS,018,ARROYO MALO O ARROYO DEL DAJAO,0,0,0,0,2,0
25,SANTIAGO,05,SAN JOSÉ DE LAS MATAS,01,SAN JOSÉ DE LAS MATAS,07,LAS PIEDRAS,004,EL LLANO DE LAS PIEDRAS,0,5,1,0,0,83.33
25,SANTIAGO,05,SAN JOSÉ DE LAS MATAS,01,SAN JOSÉ DE LAS MATAS,07,LAS PIEDRAS,015,PALO DE BURRO,1,6,4,0,11,31.82
25,SANTIAGO,05,SAN JOSÉ DE LAS MATAS,01,SAN JOSÉ DE LAS MATAS,06,PEDREGAL,001,BOTONCILLO,3,30,42,11,61,22.45
25,SANTIAGO,05,SAN JOSÉ DE LAS MATAS,01,SAN JOSÉ DE LAS MATAS,06,PEDREGAL,006,MOTOLÓN,0,3,8,0,8,15.79
25,SANTIAGO,05,SAN JOSÉ DE LAS MATAS,01,SAN JOSÉ DE LAS MATAS,06,PEDREGAL,011,SUI,1,10,5,3,12,35.48
25,SANTIAGO,05,SAN JOSÉ DE LAS MATAS,01,SAN JOSÉ DE LAS MATAS,06,PEDREGAL,012,LOMA DE LA CIÉNAGA,3,11,10,1,5,46.67
25,SANTIAGO,05,SAN JOSÉ DE LAS MATAS,01,SAN JOSÉ DE LAS MATAS,06,PEDREGAL,013,MEJÍA,4,21,35,13,19,27.17
25,SANTIAGO,05,SAN JOSÉ DE LAS MATAS,01,SAN JOSÉ DE LAS MATAS,06,PEDREGAL,008,HOYA BELLACA,0,1,2,0,6,11.11
25,SANTIAGO,05,SAN JOSÉ DE LAS MATAS,01,SAN JOSÉ DE LAS MATAS,06,PEDREGAL,007,CERRO GORDO,0,9,9,3,10,29.03
25,SANTIAGO,05,SAN JOSÉ DE LAS MATAS,01,SAN JOSÉ DE LAS MATAS,06,PEDREGAL,002,PEDREGAL,10,64,68,24,83,29.72
25,SANTIAGO,05,SAN JOSÉ DE LAS MATAS,01,SAN JOSÉ DE LAS MATAS,06,PEDREGAL,003,LOMA DE LA VACA,0,2,6,0,3,18.18
25,SANTIAGO,05,SAN JOSÉ DE LAS MATAS,01,SAN JOSÉ DE LAS MATAS,03,EUGENIO PERDOMO,008,PARALIMÓN,6,44,36,5,21,44.64
25,SANTIAGO,05,SAN JOSÉ DE LAS MATAS,01,SAN JOSÉ DE LAS MATAS,04,MATA GRANDE,001,MATA GRANDE,21,26,8,0,0,85.45
25,SANTIAGO,05,SAN JOSÉ DE LAS MATAS,01,SAN JOSÉ DE LAS MATAS,04,MATA GRANDE,007,SABANETA,2,7,3,0,0,75
25,SANTIAGO,05,SAN JOSÉ DE LAS MATAS,01,SAN JOSÉ DE LAS MATAS,04,MATA GRANDE,014,LOMA DEL LORO,1,0,0,0,0,100
25,SANTIAGO,05,SAN JOSÉ DE LAS MATAS,01,SAN JOSÉ DE LAS MATAS,04,MATA GRANDE,004,ANTONSAPE,4,6,1,0,0,90.91
25,SANTIAGO,05,SAN JOSÉ DE LAS MATAS,01,SAN JOSÉ DE LAS MATAS,04,MATA GRANDE,002,ARROYO PRIETO,0,1,0,0,0,100
25,SANTIAGO,05,SAN JOSÉ DE LAS MATAS,01,SAN JOSÉ DE LAS MATAS,03,EUGENIO PERDOMO,010,LA BREÑA,0,1,0,0,0,100
25,SANTIAGO,05,SAN JOSÉ DE LAS MATAS,01,SAN JOSÉ DE LAS MATAS,03,EUGENIO PERDOMO,013,LA GUÁZUMA,3,9,2,0,0,85.71
25,SANTIAGO,05,SAN JOSÉ DE LAS MATAS,01,SAN JOSÉ DE LAS MATAS,03,EUGENIO PERDOMO,004,VIDAL PICHARDO,4,17,2,0,4,77.78
25,SANTIAGO,05,SAN JOSÉ DE LAS MATAS,01,SAN JOSÉ DE LAS MATAS,03,EUGENIO PERDOMO,005,EL ALTO,0,2,0,0,0,100
25,SANTIAGO,05,SAN JOSÉ DE LAS MATAS,01,SAN JOSÉ DE LAS MATAS,03,EUGENIO PERDOMO,006,HIGÜERO,8,6,1,0,0,93.33
25,SANTIAGO,05,SAN JOSÉ DE LAS MATAS,01,SAN JOSÉ DE LAS MATAS,03,EUGENIO PERDOMO,002,LIMBAO,0,1,0,0,0,100
25,SANTIAGO,05,SAN JOSÉ DE LAS MATAS,01,SAN JOSÉ DE LAS MATAS,03,EUGENIO PERDOMO,003,GUZMÁN,2,3,0,0,4,55.56
25,SANTIAGO,05,SAN JOSÉ DE LAS MATAS,01,SAN JOSÉ DE LAS MATAS,04,MATA GRANDE,006,LOMA PRIETA,1,6,0,0,0,100
25,SANTIAGO,05,SAN JOSÉ DE LAS MATAS,01,SAN JOSÉ DE LAS MATAS,03,EUGENIO PERDOMO,007,PEDRO DISLA,6,42,49,12,30,34.53
25,SANTIAGO,05,SAN JOSÉ DE LAS MATAS,01,SAN JOSÉ DE LAS MATAS,08,YERBA BUENA,017,ARROYO HONDO,0,5,1,1,5,41.67
25,SANTIAGO,05,SAN JOSÉ DE LAS MATAS,01,SAN JOSÉ DE LAS MATAS,08,YERBA BUENA,019,JAQUEY,2,7,9,1,0,47.37
25,SANTIAGO,05,SAN JOSÉ DE LAS MATAS,01,SAN JOSÉ DE LAS MATAS,08,YERBA BUENA,012,HIGUA,7,2,0,0,0,100
25,SANTIAGO,05,SAN JOSÉ DE LAS MATAS,01,SAN JOSÉ DE LAS MATAS,08,YERBA BUENA,014,EL NARANJO,1,6,9,0,17,21.21
25,SANTIAGO,05,SAN JOSÉ DE LAS MATAS,01,SAN JOSÉ DE LAS MATAS,08,YERBA BUENA,005,QUEBRADA LLANA,0,1,0,0,0,100
25,SANTIAGO,05,SAN JOSÉ DE LAS MATAS,01,SAN JOSÉ DE LAS MATAS,08,YERBA BUENA,006,CARPINTERO,0,0,0,0,2,0
25,SANTIAGO,05,SAN JOSÉ DE LAS MATAS,01,SAN JOSÉ DE LAS MATAS,08,YERBA BUENA,002,LOS LLANOS,1,14,10,0,9,44.12
25,SANTIAGO,05,SAN JOSÉ DE LAS MATAS,01,SAN JOSÉ DE LAS MATAS,08,YERBA BUENA,003,MARIANA,0,5,3,1,1,50
25,SANTIAGO,05,SAN JOSÉ DE LAS MATAS,01,SAN JOSÉ DE LAS MATAS,08,YERBA BUENA,023,INOA ARRIBA,1,1,0,0,7,22.22
25,SANTIAGO,05,SAN JOSÉ DE LAS MATAS,01,SAN JOSÉ DE LAS MATAS,08,YERBA BUENA,020,QUEBRADITA,1,21,45,6,12,25.88
25,SANTIAGO,05,SAN JOSÉ DE LAS MATAS,01,SAN JOSÉ DE LAS MATAS,08,YERBA BUENA,021,HOYO DE RAMÓN,1,9,8,4,2,41.67
25,SANTIAGO,05,SAN JOSÉ DE LAS MATAS,01,SAN JOSÉ DE LAS MATAS,08,YERBA BUENA,018,EL MAMEY,1,6,12,1,8,25
25,SANTIAGO,05,SAN JOSÉ DE LAS MATAS,01,SAN JOSÉ DE LAS MATAS,08,YERBA BUENA,001,LLANO DE LA TALA,4,20,29,1,16,34.29
25,SANTIAGO,05,SAN JOSÉ DE LAS MATAS,01,SAN JOSÉ DE LAS MATAS,08,YERBA BUENA,015,LOS CORRALES,2,19,29,3,0,39.62
25,SANTIAGO,05,SAN JOSÉ DE LAS MATAS,01,SAN JOSÉ DE LAS MATAS,08,YERBA BUENA,010,LOMA AL MEDIO,0,0,0,1,0,0
25,SANTIAGO,05,SAN JOSÉ DE LAS MATAS,01,SAN JOSÉ DE LAS MATAS,08,YERBA BUENA,016,CERRO MALO,4,10,12,1,11,36.84
25,SANTIAGO,05,SAN JOSÉ DE LAS MATAS,01,SAN JOSÉ DE LAS MATAS,08,YERBA BUENA,009,COPEY,0,3,0,0,3,50
25,SANTIAGO,05,SAN JOSÉ DE LAS MATAS,01,SAN JOSÉ DE LAS MATAS,08,YERBA BUENA,004,YERBA BUENA,1,11,5,1,2,60
25,SANTIAGO,05,SAN JOSÉ DE LAS MATAS,01,SAN JOSÉ DE LAS MATAS,08,YERBA BUENA,007,LOS CEDROS,0,1,4,0,3,12.5
25,SANTIAGO,05,SAN JOSÉ DE LAS MATAS,01,SAN JOSÉ DE LAS MATAS,08,YERBA BUENA,008,LLANO DEL JOBO,6,11,2,0,19,44.74
25,SANTIAGO,05,SAN JOSÉ DE LAS MATAS,01,SAN JOSÉ DE LAS MATAS,05,LOS MONTONES ABAJO,010,LA GUÁZUMA,6,42,53,3,62,28.92
25,SANTIAGO,05,SAN JOSÉ DE LAS MATAS,01,SAN JOSÉ DE LAS MATAS,05,LOS MONTONES ABAJO,020,CAPITA,2,8,2,0,0,83.33
25,SANTIAGO,05,SAN JOSÉ DE LAS MATAS,01,SAN JOSÉ DE LAS MATAS,05,LOS MONTONES ABAJO,013,COROCITOS,15,40,25,3,0,66.27
25,SANTIAGO,05,SAN JOSÉ DE LAS MATAS,01,SAN JOSÉ DE LAS MATAS,05,LOS MONTONES ABAJO,012,CAÑADA LLANA,2,7,7,1,2,47.37
25,SANTIAGO,05,SAN JOSÉ DE LAS MATAS,01,SAN JOSÉ DE LAS MATAS,05,LOS MONTONES ABAJO,018,RINCÓN DE PIEDRAS,3,20,11,3,0,62.16
25,SANTIAGO,05,SAN JOSÉ DE LAS MATAS,01,SAN JOSÉ DE LAS MATAS,05,LOS MONTONES ABAJO,016,SAN BÁRTOLO,12,15,10,0,0,72.97
25,SANTIAGO,05,SAN JOSÉ DE LAS MATAS,01,SAN JOSÉ DE LAS MATAS,05,LOS MONTONES ABAJO,021,RANCHO DE COPEY,11,12,9,1,0,69.7
25,SANTIAGO,05,SAN JOSÉ DE LAS MATAS,01,SAN JOSÉ DE LAS MATAS,05,LOS MONTONES ABAJO,003,LA FORTUNA,3,20,10,0,11,52.27
25,SANTIAGO,05,SAN JOSÉ DE LAS MATAS,01,SAN JOSÉ DE LAS MATAS,05,LOS MONTONES ABAJO,002,LOS DOS PINOS,0,7,12,5,0,29.17
25,SANTIAGO,05,SAN JOSÉ DE LAS MATAS,01,SAN JOSÉ DE LAS MATAS,05,LOS MONTONES ABAJO,001,BOHÍO VIEJO,4,14,17,1,39,24
25,SANTIAGO,05,SAN JOSÉ DE LAS MATAS,01,SAN JOSÉ DE LAS MATAS,05,LOS MONTONES ABAJO,026,LA CANA,2,9,12,0,18,26.83
25,SANTIAGO,05,SAN JOSÉ DE LAS MATAS,01,SAN JOSÉ DE LAS MATAS,05,LOS MONTONES ABAJO,030,LA CEJA,1,3,0,0,3,57.14
25,SANTIAGO,05,SAN JOSÉ DE LAS MATAS,01,SAN JOSÉ DE LAS MATAS,05,LOS MONTONES ABAJO,031,CEPITO,1,2,0,1,3,42.86
25,SANTIAGO,05,SAN JOSÉ DE LAS MATAS,01,SAN JOSÉ DE LAS MATAS,05,LOS MONTONES ABAJO,029,LLANO DE LA CANA,0,0,0,0,5,0
25,SANTIAGO,05,SAN JOSÉ DE LAS MATAS,01,SAN JOSÉ DE LAS MATAS,05,LOS MONTONES ABAJO,023,LA CEIBA,3,9,4,2,5,52.17
25,SANTIAGO,05,SAN JOSÉ DE LAS MATAS,01,SAN JOSÉ DE LAS MATAS,05,LOS MONTONES ABAJO,022,RÍO ARRIBA,0,9,0,0,4,69.23
25,SANTIAGO,05,SAN JOSÉ DE LAS MATAS,01,SAN JOSÉ DE LAS MATAS,05,LOS MONTONES ABAJO,034,PIEDRA GORDA,0,5,2,1,2,50
25,SANTIAGO,05,SAN JOSÉ DE LAS MATAS,01,SAN JOSÉ DE LAS MATAS,05,LOS MONTONES ABAJO,033,MAGUEYAL,1,14,0,0,0,100
25,SANTIAGO,05,SAN JOSÉ DE LAS MATAS,01,SAN JOSÉ DE LAS MATAS,05,LOS MONTONES ABAJO,024,DON JUAN,4,35,23,3,39,37.5
25,SANTIAGO,05,SAN JOSÉ DE LAS MATAS,01,SAN JOSÉ DE LAS MATAS,05,LOS MONTONES ABAJO,028,LOS LIRIOS,4,17,6,1,13,51.22
25,SANTIAGO,05,SAN JOSÉ DE LAS MATAS,01,SAN JOSÉ DE LAS MATAS,05,LOS MONTONES ABAJO,025,LOS MONTONES ARRIBA,9,56,63,6,27,40.37
25,SANTIAGO,05,SAN JOSÉ DE LAS MATAS,01,SAN JOSÉ DE LAS MATAS,05,LOS MONTONES ABAJO,032,ORTEGA,0,1,1,0,3,20
25,SANTIAGO,05,SAN JOSÉ DE LAS MATAS,01,SAN JOSÉ DE LAS MATAS,05,LOS MONTONES ABAJO,015,LOMA DE JÁNICO,0,2,1,0,1,50
25,SANTIAGO,05,SAN JOSÉ DE LAS MATAS,01,SAN JOSÉ DE LAS MATAS,05,LOS MONTONES ABAJO,008,LOS MONTONES ABAJO,2,16,24,4,31,23.38
25,SANTIAGO,05,SAN JOSÉ DE LAS MATAS,01,SAN JOSÉ DE LAS MATAS,05,LOS MONTONES ABAJO,011,BOCA DE GUÁZUMA,0,1,0,1,0,50
25,SANTIAGO,05,SAN JOSÉ DE LAS MATAS,01,SAN JOSÉ DE LAS MATAS,05,LOS MONTONES ABAJO,014,MEZQUINO,4,16,25,6,10,32.79
25,SANTIAGO,05,SAN JOSÉ DE LAS MATAS,01,SAN JOSÉ DE LAS MATAS,05,LOS MONTONES ABAJO,007,LOMA BAJITA,1,10,5,1,8,44
25,SANTIAGO,05,SAN JOSÉ DE LAS MATAS,01,SAN JOSÉ DE LAS MATAS,05,LOS MONTONES ABAJO,004,ARROYO AL MEDIO,3,1,1,0,10,26.67
25,SANTIAGO,05,SAN JOSÉ DE LAS MATAS,01,SAN JOSÉ DE LAS MATAS,05,LOS MONTONES ABAJO,006,LA GUAZARITA,4,16,4,0,21,44.44
25,SANTIAGO,05,SAN JOSÉ DE LAS MATAS,01,SAN JOSÉ DE LAS MATAS,05,LOS MONTONES ABAJO,005,LOMA DE MARA,13,26,8,1,4,75
25,SANTIAGO,05,SAN JOSÉ DE LAS MATAS,01,SAN JOSÉ DE LAS MATAS,05,LOS MONTONES ABAJO,009,DAMAJAGUA,7,19,12,1,0,66.67
25,SANTIAGO,05,SAN JOSÉ DE LAS MATAS,01,SAN JOSÉ DE LAS MATAS,05,LOS MONTONES ABAJO,019,EL TALLADO,3,1,3,0,0,57.14
25,SANTIAGO,05,SAN JOSÉ DE LAS MATAS,01,SAN JOSÉ DE LAS MATAS,05,LOS MONTONES ABAJO,027,LA BIJA,0,0,0,0,2,0
25,SANTIAGO,05,SAN JOSÉ DE LAS MATAS,03,LA CUESTA (D. M.).,07,CUESTA ABAJO,018,LA BOZÚA,1,1,0,0,0,100
25,SANTIAGO,05,SAN JOSÉ DE LAS MATAS,04,LAS PLACETAS (D. M.).,05,LAS LAGUNAS,001,DONAJÁ,2,9,2,0,2,73.33
25,SANTIAGO,05,SAN JOSÉ DE LAS MATAS,04,LAS PLACETAS (D. M.).,03,LOS LIMONES,007,RINCÓN DEL JUNCO,0,1,0,0,3,25
25,SANTIAGO,05,SAN JOSÉ DE LAS MATAS,04,LAS PLACETAS (D. M.).,03,LOS LIMONES,002,LAS PLACETAS AL MEDIO,10,30,18,0,13,56.34
25,SANTIAGO,05,SAN JOSÉ DE LAS MATAS,01,SAN JOSÉ DE LAS MATAS,06,PEDREGAL,009,GUAJACA,2,11,17,3,0,39.39
25,SANTIAGO,05,SAN JOSÉ DE LAS MATAS,01,SAN JOSÉ DE LAS MATAS,06,PEDREGAL,005,LA CEIBA,2,9,15,1,17,25
25,SANTIAGO,05,SAN JOSÉ DE LAS MATAS,01,SAN JOSÉ DE LAS MATAS,06,PEDREGAL,004,ARROYO JÁNICO,1,8,13,0,17,23.08
25,SANTIAGO,05,SAN JOSÉ DE LAS MATAS,01,SAN JOSÉ DE LAS MATAS,08,YERBA BUENA,022,CAÑADA DEL CAIMITO,1,10,12,5,20,22.92
25,SANTIAGO,05,SAN JOSÉ DE LAS MATAS,02,EL RUBIO (D. M.).,12,EL RUBIO,015,EL CORRALITO,5,9,11,0,0,56
25,SANTIAGO,05,SAN JOSÉ DE LAS MATAS,01,SAN JOSÉ DE LAS MATAS,01,SAN JOSÉ DE LAS MATAS,001,PUEBLO NUEVO,18,77,200,123,83,18.96
25,SANTIAGO,05,SAN JOSÉ DE LAS MATAS,01,SAN JOSÉ DE LAS MATAS,01,SAN JOSÉ DE LAS MATAS,003,VILLA DUARTE ARRIBA,14,55,177,94,136,14.5
25,SANTIAGO,05,SAN JOSÉ DE LAS MATAS,01,SAN JOSÉ DE LAS MATAS,01,SAN JOSÉ DE LAS MATAS,004,VILLA DUARTE ABAJO,4,44,171,124,99,10.86
25,SANTIAGO,05,SAN JOSÉ DE LAS MATAS,01,SAN JOSÉ DE LAS MATAS,01,SAN JOSÉ DE LAS MATAS,006,CAÑADA DEL CAIMITO,2,12,54,29,15,12.5
25,SANTIAGO,05,SAN JOSÉ DE LAS MATAS,01,SAN JOSÉ DE LAS MATAS,01,SAN JOSÉ DE LAS MATAS,007,LA MANSIÓN,1,2,4,2,7,18.75
25,SANTIAGO,05,SAN JOSÉ DE LAS MATAS,01,SAN JOSÉ DE LAS MATAS,01,SAN JOSÉ DE LAS MATAS,008,OJO DE AGUA,4,23,32,21,35,23.48
25,SANTIAGO,05,SAN JOSÉ DE LAS MATAS,01,SAN JOSÉ DE LAS MATAS,01,SAN JOSÉ DE LAS MATAS,009,VILLA ESPERANZA,2,10,16,7,6,29.27
25,SANTIAGO,05,SAN JOSÉ DE LAS MATAS,01,SAN JOSÉ DE LAS MATAS,01,SAN JOSÉ DE LAS MATAS,005,PARAÍSO DE LAS MATAS,0,2,1,4,0,28.57
25,SANTIAGO,05,SAN JOSÉ DE LAS MATAS,02,EL RUBIO (D. M.).,01,EL RUBIO,001,EL RUBIO,6,46,81,26,89,20.97
25,SANTIAGO,05,SAN JOSÉ DE LAS MATAS,03,LA CUESTA (D. M.).,01,LA CUESTA,002,GUARALBANA O GUANALBANA,4,4,9,0,9,30.77
25,SANTIAGO,05,SAN JOSÉ DE LAS MATAS,03,LA CUESTA (D. M.).,01,LA CUESTA,003,EL CRUCE,1,7,4,0,6,44.44
25,SANTIAGO,05,SAN JOSÉ DE LAS MATAS,03,LA CUESTA (D. M.).,01,LA CUESTA,004,HIPÓLITO PERALTA,6,22,26,11,26,30.77
25,SANTIAGO,05,SAN JOSÉ DE LAS MATAS,04,LAS PLACETAS (D. M.).,01,LAS PLACETAS,001,LAS PLACETAS,28,54,51,9,10,53.95
25,SANTIAGO,05,SAN JOSÉ DE LAS MATAS,01,SAN JOSÉ DE LAS MATAS,01,SAN JOSÉ DE LAS MATAS,002,CENTRO DEL PUEBLO,7,31,93,84,63,13.67
25,SANTIAGO,05,SAN JOSÉ DE LAS MATAS,01,SAN JOSÉ DE LAS MATAS,01,SAN JOSÉ DE LAS MATAS,010,PARAÍSO,3,20,22,6,26,29.87
25,SANTIAGO,05,SAN JOSÉ DE LAS MATAS,03,LA CUESTA (D. M.).,01,LA CUESTA,001,LA CUESTA,15,60,70,18,69,32.33
25,SANTIAGO,05,SAN JOSÉ DE LAS MATAS,01,SAN JOSÉ DE LAS MATAS,01,SAN JOSÉ DE LAS MATAS,011,URBANIZACIÓN OFELIA,0,0,2,5,0,0
25,SANTIAGO,03,JÁNICO,01,JÁNICO,03,CEBÚ,004,DAMAJAGUA,18,31,22,4,11,56.98
25,SANTIAGO,03,JÁNICO,01,JÁNICO,06,LOMA DEL CORRAL,001,LOMA DEL CORRAL,4,13,15,5,0,45.95
25,SANTIAGO,03,JÁNICO,01,JÁNICO,04,DICAYAGUA ABAJO,003,LOS INDIOS,20,33,13,1,8,70.67
25,SANTIAGO,03,JÁNICO,01,JÁNICO,04,DICAYAGUA ABAJO,006,DICAYAGUA ABAJO,9,17,5,1,31,41.27
25,SANTIAGO,03,JÁNICO,01,JÁNICO,04,DICAYAGUA ABAJO,005,LOS ROBLES,13,35,7,1,20,63.16
25,SANTIAGO,03,JÁNICO,01,JÁNICO,04,DICAYAGUA ABAJO,004,ZALAYA,17,28,5,0,1,88.24
25,SANTIAGO,03,JÁNICO,01,JÁNICO,03,CEBÚ,007,LA CAOBA,6,16,5,1,35,34.92
25,SANTIAGO,03,JÁNICO,01,JÁNICO,03,CEBÚ,005,LOS JAZMINES,3,11,7,2,0,60.87
25,SANTIAGO,03,JÁNICO,01,JÁNICO,03,CEBÚ,002,BATEY,3,11,15,6,3,36.84
25,SANTIAGO,03,JÁNICO,01,JÁNICO,03,CEBÚ,003,CEBÚ,4,12,3,0,0,84.21
25,SANTIAGO,03,JÁNICO,01,JÁNICO,03,CEBÚ,001,ARROYO PIEDRA,7,5,5,0,5,54.55
25,SANTIAGO,03,JÁNICO,01,JÁNICO,04,DICAYAGUA ABAJO,001,ARROYO SECO,1,0,0,0,3,25
25,SANTIAGO,03,JÁNICO,01,JÁNICO,04,DICAYAGUA ABAJO,007,LOS ALTOS,2,9,2,0,2,73.33
25,SANTIAGO,03,JÁNICO,01,JÁNICO,04,DICAYAGUA ABAJO,002,EL VERDE,0,0,0,0,1,0
25,SANTIAGO,03,JÁNICO,01,JÁNICO,06,LOMA DEL CORRAL,006,PIEDRA GORDA,0,0,1,0,0,0
25,SANTIAGO,03,JÁNICO,01,JÁNICO,06,LOMA DEL CORRAL,007,LOMA SUCIA,0,1,0,0,0,100
25,SANTIAGO,03,JÁNICO,01,JÁNICO,06,LOMA DEL CORRAL,003,LA FORTALEZA,0,5,0,0,5,50
25,SANTIAGO,03,JÁNICO,01,JÁNICO,06,LOMA DEL CORRAL,005,MÁLAGA,2,6,10,9,0,29.63
25,SANTIAGO,03,JÁNICO,01,JÁNICO,06,LOMA DEL CORRAL,002,LA CAÑA,4,17,14,2,16,39.62
25,SANTIAGO,03,JÁNICO,01,JÁNICO,03,CEBÚ,006,GUATINIQUIN,11,26,13,5,43,37.76
25,SANTIAGO,03,JÁNICO,03,EL CAIMITO (D. M.).,05,LOS PILONES,020,RANCHO VIEJO,8,12,1,0,1,90.91
25,SANTIAGO,03,JÁNICO,03,EL CAIMITO (D. M.).,05,LOS PILONES,003,EL CÓRBANO,2,2,0,0,0,100
25,SANTIAGO,03,JÁNICO,03,EL CAIMITO (D. M.).,05,LOS PILONES,015,LAS ÁNIMAS,1,0,0,0,3,25
25,SANTIAGO,03,JÁNICO,03,EL CAIMITO (D. M.).,05,LOS PILONES,009,LA CIDRA,3,3,0,0,0,100
25,SANTIAGO,03,JÁNICO,03,EL CAIMITO (D. M.).,05,LOS PILONES,014,LA JAGUA O LA VAGUA,0,0,0,0,2,0
25,SANTIAGO,03,JÁNICO,03,EL CAIMITO (D. M.).,05,LOS PILONES,017,LOS PILONES,11,24,3,0,30,51.47
25,SANTIAGO,03,JÁNICO,03,EL CAIMITO (D. M.).,05,LOS PILONES,002,BEJUCAL,18,21,4,0,2,86.67
25,SANTIAGO,03,JÁNICO,03,EL CAIMITO (D. M.).,05,LOS PILONES,013,LA HORQUETA,16,22,1,0,13,73.08
25,SANTIAGO,03,JÁNICO,03,EL CAIMITO (D. M.).,05,LOS PILONES,004,EL MONTEADERO,2,8,0,0,3,76.92
25,SANTIAGO,03,JÁNICO,03,EL CAIMITO (D. M.).,04,PINALITO,009,LOMA ALTA,0,0,0,0,2,0
25,SANTIAGO,03,JÁNICO,03,EL CAIMITO (D. M.).,05,LOS PILONES,007,EL ROBLITO,2,3,0,0,4,55.56
25,SANTIAGO,03,JÁNICO,03,EL CAIMITO (D. M.).,05,LOS PILONES,006,EL PESCADERO,0,0,0,0,1,0
25,SANTIAGO,03,JÁNICO,03,EL CAIMITO (D. M.).,05,LOS PILONES,019,POTRANQUITA,1,3,0,0,2,66.67
25,SANTIAGO,03,JÁNICO,03,EL CAIMITO (D. M.).,05,LOS PILONES,018,EL PIE DE LOS PILONES,4,5,1,0,0,90
25,SANTIAGO,03,JÁNICO,03,EL CAIMITO (D. M.).,04,PINALITO,008,CAÑETE,0,0,0,0,1,0
25,SANTIAGO,03,JÁNICO,02,JUNCALITO (D. M.).,04,JUNCALITO ABAJO,005,EL HIGÜERO,8,17,12,4,0,60.98
25,SANTIAGO,03,JÁNICO,02,JUNCALITO (D. M.).,05,RINCÓN LARGO,004,RINCÓN LARGO,11,6,0,0,9,65.38
25,SANTIAGO,03,JÁNICO,02,JUNCALITO (D. M.).,03,JANEY,009,JANEY,46,26,2,1,20,75.79
25,SANTIAGO,03,JÁNICO,01,JÁNICO,05,JAGUA ABAJO,010,LA CUCHILLA,22,33,6,0,11,76.39
25,SANTIAGO,03,JÁNICO,01,JÁNICO,02,CAGÜEYES,002,LAS CEJITAS,5,24,8,0,13,58
25,SANTIAGO,03,JÁNICO,01,JÁNICO,07,MESETAS,001,BABOCICO,31,45,13,1,38,59.38
25,SANTIAGO,03,JÁNICO,01,JÁNICO,07,MESETAS,002,GURABO,15,11,14,3,20,41.27
25,SANTIAGO,03,JÁNICO,01,JÁNICO,07,MESETAS,004,LAS MESETAS,7,11,19,1,41,22.78
25,SANTIAGO,03,JÁNICO,01,JÁNICO,07,MESETAS,003,BOCA DE JÁNICO,6,11,19,7,4,36.17
25,SANTIAGO,03,JÁNICO,01,JÁNICO,07,MESETAS,007,LOS ASIENTOS,14,4,0,0,5,78.26
25,SANTIAGO,03,JÁNICO,01,JÁNICO,07,MESETAS,005,BAO,28,69,50,10,57,45.33
25,SANTIAGO,03,JÁNICO,01,JÁNICO,02,CAGÜEYES,004,DAMAJAGUA,5,6,2,0,7,55
25,SANTIAGO,03,JÁNICO,01,JÁNICO,02,CAGÜEYES,006,LAS YAYAS,0,1,0,0,0,100
25,SANTIAGO,03,JÁNICO,01,JÁNICO,02,CAGÜEYES,003,BOCA NARANJOS,5,5,7,1,14,31.25
25,SANTIAGO,03,JÁNICO,01,JÁNICO,02,CAGÜEYES,008,EL PALERO,5,11,0,0,0,100
25,SANTIAGO,03,JÁNICO,01,JÁNICO,02,CAGÜEYES,001,GUAYABALES,7,18,6,0,0,80.65
25,SANTIAGO,03,JÁNICO,01,JÁNICO,05,JAGUA ABAJO,008,LOS LAVADEROS,6,0,1,0,0,85.71
25,SANTIAGO,03,JÁNICO,01,JÁNICO,05,JAGUA ABAJO,004,LLANO DE JAGUA,12,4,0,0,3,84.21
25,SANTIAGO,03,JÁNICO,01,JÁNICO,05,JAGUA ABAJO,003,LOS GUANOS,1,4,0,0,2,71.43
25,SANTIAGO,03,JÁNICO,01,JÁNICO,05,JAGUA ABAJO,002,EL NARANJO,3,6,1,0,5,60
25,SANTIAGO,03,JÁNICO,02,JUNCALITO (D. M.).,02,FRANCO BIDÓ,003,FRANCO BIDÓ,21,23,2,0,23,63.77
25,SANTIAGO,03,JÁNICO,02,JUNCALITO (D. M.).,02,FRANCO BIDÓ,001,CERRO PRIETO,14,8,0,0,14,61.11
25,SANTIAGO,03,JÁNICO,02,JUNCALITO (D. M.).,03,JANEY,011,SABANETA ARRIBA,2,1,0,0,6,33.33
25,SANTIAGO,03,JÁNICO,02,JUNCALITO (D. M.).,03,JANEY,002,LOS LORA,1,0,0,0,3,25
25,SANTIAGO,03,JÁNICO,02,JUNCALITO (D. M.).,03,JANEY,014,LOS MONTAZOS,11,1,0,0,6,66.67
25,SANTIAGO,03,JÁNICO,02,JUNCALITO (D. M.).,03,JANEY,012,EL NARANJO,1,0,0,0,0,100
25,SANTIAGO,03,JÁNICO,02,JUNCALITO (D. M.).,03,JANEY,008,LA CALABAZA,2,3,0,0,1,83.33
25,SANTIAGO,03,JÁNICO,02,JUNCALITO (D. M.).,03,JANEY,003,EL PALERO,4,3,0,0,1,87.5
25,SANTIAGO,03,JÁNICO,02,JUNCALITO (D. M.).,03,JANEY,005,QUEBRADA,20,11,1,0,10,73.81
25,SANTIAGO,03,JÁNICO,02,JUNCALITO (D. M.).,03,JANEY,004,EL TUERTO,2,5,2,0,0,77.78
25,SANTIAGO,03,JÁNICO,02,JUNCALITO (D. M.).,02,FRANCO BIDÓ,005,LORA DE LOS AUQUEYES,13,16,0,0,4,87.88
25,SANTIAGO,03,JÁNICO,02,JUNCALITO (D. M.).,02,FRANCO BIDÓ,007,LOS AUQUEYES,8,15,0,0,11,67.65
25,SANTIAGO,03,JÁNICO,02,JUNCALITO (D. M.).,02,FRANCO BIDÓ,004,LOS CADILLOS,0,0,0,0,1,0
25,SANTIAGO,03,JÁNICO,02,JUNCALITO (D. M.).,02,FRANCO BIDÓ,009,EL PINAZO,2,1,0,0,6,33.33
25,SANTIAGO,03,JÁNICO,02,JUNCALITO (D. M.).,02,FRANCO BIDÓ,002,BAIGUAQUE,6,3,0,0,1,90
25,SANTIAGO,03,JÁNICO,02,JUNCALITO (D. M.).,02,FRANCO BIDÓ,008,LOS CIRISES,0,0,0,0,4,0
25,SANTIAGO,03,JÁNICO,02,JUNCALITO (D. M.).,06,RINCÓN LLANO,005,EL CERRAZO,1,0,0,0,0,100
25,SANTIAGO,03,JÁNICO,02,JUNCALITO (D. M.).,04,JUNCALITO ABAJO,017,PICO ALTO,0,0,0,0,2,0
25,SANTIAGO,03,JÁNICO,02,JUNCALITO (D. M.).,06,RINCÓN LLANO,010,LA GUAJACA,3,1,0,0,0,100
25,SANTIAGO,03,JÁNICO,02,JUNCALITO (D. M.).,06,RINCÓN LLANO,003,CERRO PRIETO,4,0,0,0,0,100
25,SANTIAGO,03,JÁNICO,02,JUNCALITO (D. M.).,06,RINCÓN LLANO,008,LOMA DEL RANCHO,3,0,0,0,5,37.5
25,SANTIAGO,03,JÁNICO,02,JUNCALITO (D. M.).,06,RINCÓN LLANO,002,LA PARÍA,0,0,0,0,6,0
25,SANTIAGO,03,JÁNICO,02,JUNCALITO (D. M.).,04,JUNCALITO ABAJO,012,LOS ARROYOS,11,12,0,0,1,95.83
25,SANTIAGO,03,JÁNICO,02,JUNCALITO (D. M.).,04,JUNCALITO ABAJO,002,LA NORITA,18,15,4,1,4,78.57
25,SANTIAGO,03,JÁNICO,02,JUNCALITO (D. M.).,04,JUNCALITO ABAJO,015,RINCÓN DEL NOVILLO,0,0,0,0,4,0
25,SANTIAGO,03,JÁNICO,02,JUNCALITO (D. M.).,04,JUNCALITO ABAJO,011,LA CULEBRA,0,0,0,0,1,0
25,SANTIAGO,03,JÁNICO,02,JUNCALITO (D. M.).,04,JUNCALITO ABAJO,013,LOMA PRIETA,2,2,0,0,2,66.67
25,SANTIAGO,03,JÁNICO,02,JUNCALITO (D. M.).,04,JUNCALITO ABAJO,010,JUNCALITO ARRIBA,4,8,2,1,2,70.59
25,SANTIAGO,03,JÁNICO,02,JUNCALITO (D. M.).,04,JUNCALITO ABAJO,009,LA CALABERNA,15,14,10,1,12,55.77
25,SANTIAGO,03,JÁNICO,02,JUNCALITO (D. M.).,04,JUNCALITO ABAJO,008,PIEDRA BLANCA,6,10,1,0,4,76.19
25,SANTIAGO,03,JÁNICO,02,JUNCALITO (D. M.).,04,JUNCALITO ABAJO,007,EL NARANJITO,0,0,1,0,1,0
25,SANTIAGO,03,JÁNICO,02,JUNCALITO (D. M.).,04,JUNCALITO ABAJO,003,LA LECHUZA,16,5,0,0,4,84
25,SANTIAGO,03,JÁNICO,02,JUNCALITO (D. M.).,04,JUNCALITO ABAJO,004,LA ESTACA,0,0,0,0,3,0
25,SANTIAGO,03,JÁNICO,02,JUNCALITO (D. M.).,05,RINCÓN LARGO,003,LOS POSITOS,3,1,0,0,9,30.77
25,SANTIAGO,03,JÁNICO,02,JUNCALITO (D. M.).,05,RINCÓN LARGO,001,NARANJO DULCE,23,12,2,0,14,68.63
25,SANTIAGO,03,JÁNICO,02,JUNCALITO (D. M.).,05,RINCÓN LARGO,002,EL MOCHO,1,1,1,0,4,28.57
25,SANTIAGO,03,JÁNICO,01,JÁNICO,07,MESETAS,009,BAIGUAQUE,11,7,0,0,0,100
25,SANTIAGO,03,JÁNICO,01,JÁNICO,05,JAGUA ABAJO,005,HENEQUÉN,6,5,0,0,0,100
25,SANTIAGO,03,JÁNICO,01,JÁNICO,05,JAGUA ABAJO,006,LOMA DE LA VACA,2,0,0,0,0,100
25,SANTIAGO,03,JÁNICO,01,JÁNICO,05,JAGUA ABAJO,012,JAGUA ARRIBA,17,16,0,0,0,100
25,SANTIAGO,03,JÁNICO,01,JÁNICO,05,JAGUA ABAJO,011,LOS CALABOZOS,6,1,1,0,3,63.64
25,SANTIAGO,03,JÁNICO,02,JUNCALITO (D. M.).,02,FRANCO BIDÓ,006,SABANETA ABAJO,3,0,0,0,9,25
25,SANTIAGO,03,JÁNICO,02,JUNCALITO (D. M.).,04,JUNCALITO ABAJO,001,DÓJIMA,1,2,0,1,4,37.5
25,SANTIAGO,03,JÁNICO,02,JUNCALITO (D. M.).,04,JUNCALITO ABAJO,006,LOMA DE LA CRUZ,2,5,0,0,0,100
25,SANTIAGO,03,JÁNICO,01,JÁNICO,02,CAGÜEYES,007,CAGÜEYES,18,37,20,5,24,52.88
25,SANTIAGO,03,JÁNICO,02,JUNCALITO (D. M.).,06,RINCÓN LLANO,001,RINCÓN LLANO,4,0,0,0,6,40
25,SANTIAGO,03,JÁNICO,02,JUNCALITO (D. M.).,04,JUNCALITO ABAJO,014,LOS GRANIZOS,4,2,0,0,0,100
25,SANTIAGO,03,JÁNICO,02,JUNCALITO (D. M.).,03,JANEY,006,EL QUEMADO,0,0,0,0,5,0
25,SANTIAGO,03,JÁNICO,02,JUNCALITO (D. M.).,02,FRANCO BIDÓ,010,ZALZAMORA (ZARZAMORA),0,0,0,0,1,0
25,SANTIAGO,03,JÁNICO,03,EL CAIMITO (D. M.).,06,LA GUAMA,010,PASO HONDO,2,4,1,0,11,33.33
25,SANTIAGO,03,JÁNICO,03,EL CAIMITO (D. M.).,02,YAQUE ABAJO,002,EL BRUJO  (YAQUE ABAJO),19,58,32,11,57,43.5
25,SANTIAGO,03,JÁNICO,03,EL CAIMITO (D. M.).,03,EL CAIMITO,001,EL HOYO U HOYO BELLO,1,4,3,0,2,50
25,SANTIAGO,03,JÁNICO,03,EL CAIMITO (D. M.).,03,EL CAIMITO,002,EL PRESENTADO,3,12,4,1,13,45.45
25,SANTIAGO,03,JÁNICO,03,EL CAIMITO (D. M.).,02,YAQUE ABAJO,004,EL YAGUAL O EL JAGUAL,11,8,0,0,5,79.17
25,SANTIAGO,03,JÁNICO,03,EL CAIMITO (D. M.).,02,YAQUE ABAJO,007,LOS CAMARONES,1,0,1,0,3,20
25,SANTIAGO,03,JÁNICO,03,EL CAIMITO (D. M.).,02,YAQUE ABAJO,006,LA POCILGUITA,4,2,0,0,2,75
25,SANTIAGO,03,JÁNICO,03,EL CAIMITO (D. M.).,02,YAQUE ABAJO,001,EL AGUACATE,11,28,6,0,3,81.25
25,SANTIAGO,03,JÁNICO,03,EL CAIMITO (D. M.).,06,LA GUAMA,001,AGUACATE,0,0,0,0,13,0
25,SANTIAGO,03,JÁNICO,03,EL CAIMITO (D. M.).,06,LA GUAMA,005,LOS NEGROS,1,5,1,0,6,46.15
25,SANTIAGO,03,JÁNICO,03,EL CAIMITO (D. M.).,06,LA GUAMA,004,LA GUAMA O LA GUANIA,7,14,8,1,14,47.73
25,SANTIAGO,03,JÁNICO,03,EL CAIMITO (D. M.).,06,LA GUAMA,006,PIEDRA BLANCA,1,2,0,0,0,100
25,SANTIAGO,03,JÁNICO,03,EL CAIMITO (D. M.).,06,LA GUAMA,002,EL CORRAL,0,0,0,0,4,0
25,SANTIAGO,03,JÁNICO,03,EL CAIMITO (D. M.).,06,LA GUAMA,011,LOS TOMATES,5,7,3,0,0,80
25,SANTIAGO,03,JÁNICO,03,EL CAIMITO (D. M.).,06,LA GUAMA,007,LAS PALERÍAS,1,2,0,0,3,50
25,SANTIAGO,03,JÁNICO,03,EL CAIMITO (D. M.).,06,LA GUAMA,009,LA CIDRA,12,21,18,1,0,63.46
25,SANTIAGO,03,JÁNICO,03,EL CAIMITO (D. M.).,02,YAQUE ABAJO,005,YAQUE ARRIBA,7,33,5,1,5,78.43
25,SANTIAGO,03,JÁNICO,03,EL CAIMITO (D. M.).,04,PINALITO,005,LAS AUYAMAS,9,27,8,0,22,54.55
25,SANTIAGO,03,JÁNICO,03,EL CAIMITO (D. M.).,04,PINALITO,007,HENEQUÉN,10,21,9,0,10,62
25,SANTIAGO,03,JÁNICO,03,EL CAIMITO (D. M.).,05,LOS PILONES,021,RINCÓN LLANO,5,0,0,0,6,45.45
25,SANTIAGO,03,JÁNICO,03,EL CAIMITO (D. M.).,05,LOS PILONES,011,LA FALDIQUERA,0,0,0,0,25,0
25,SANTIAGO,03,JÁNICO,03,EL CAIMITO (D. M.).,05,LOS PILONES,012,LA GUAMITA,1,0,0,0,0,100
25,SANTIAGO,03,JÁNICO,03,EL CAIMITO (D. M.).,05,LOS PILONES,008,EL TURCO,1,1,0,0,0,100
25,SANTIAGO,03,JÁNICO,03,EL CAIMITO (D. M.).,04,PINALITO,001,PINALITO,40,86,39,6,0,73.68
25,SANTIAGO,03,JÁNICO,03,EL CAIMITO (D. M.).,04,PINALITO,002,BOTONCILLO,2,0,0,0,2,50
25,SANTIAGO,03,JÁNICO,03,EL CAIMITO (D. M.).,04,PINALITO,003,GUANAJUMA,0,0,0,0,7,0
25,SANTIAGO,03,JÁNICO,03,EL CAIMITO (D. M.).,04,PINALITO,004,EL ANÓN,10,20,11,0,13,55.56
25,SANTIAGO,03,JÁNICO,01,JÁNICO,04,DICAYAGUA ABAJO,008,DICAYAGUA ARRIBA,4,2,0,1,20,22.22
25,SANTIAGO,03,JÁNICO,01,JÁNICO,06,LOMA DEL CORRAL,004,LOS LIRIOS,1,5,5,6,27,13.64
25,SANTIAGO,03,JÁNICO,03,EL CAIMITO (D. M.).,05,LOS PILONES,010,LA CUEVA,10,25,5,0,7,74.47
25,SANTIAGO,03,JÁNICO,03,EL CAIMITO (D. M.).,05,LOS PILONES,005,EL PAPAYO,4,16,5,0,10,57.14
25,SANTIAGO,03,JÁNICO,01,JÁNICO,07,MESETAS,008,HOYO DE BAO,0,4,0,0,9,30.77
25,SANTIAGO,03,JÁNICO,01,JÁNICO,05,JAGUA ABAJO,001,JAGUA ABAJO,5,7,6,1,13,37.5
25,SANTIAGO,03,JÁNICO,02,JUNCALITO (D. M.).,03,JANEY,007,LA LAGUNA,3,7,0,0,1,90.91
25,SANTIAGO,03,JÁNICO,02,JUNCALITO (D. M.).,06,RINCÓN LLANO,004,EL PEÑÓN,0,0,0,0,2,0
25,SANTIAGO,03,JÁNICO,03,EL CAIMITO (D. M.).,02,YAQUE ABAJO,003,EL CORRAL,10,42,15,2,13,63.41
25,SANTIAGO,03,JÁNICO,01,JÁNICO,01,JÁNICO,004,PUEBLO NUEVO,1,17,42,24,33,15.38
25,SANTIAGO,03,JÁNICO,03,EL CAIMITO (D. M.).,01,EL CAIMITO,001,EL CAIMITO,15,30,42,12,6,42.86
25,SANTIAGO,03,JÁNICO,03,EL CAIMITO (D. M.).,01,EL CAIMITO,003,LOS COROCITOS,6,10,4,4,8,50
25,SANTIAGO,03,JÁNICO,03,EL CAIMITO (D. M.).,01,EL CAIMITO,004,LOS CABALLOS,30,42,15,2,13,70.59
25,SANTIAGO,03,JÁNICO,03,EL CAIMITO (D. M.).,01,EL CAIMITO,005,PASO AFUERA,2,1,0,0,6,33.33
25,SANTIAGO,03,JÁNICO,02,JUNCALITO (D. M.).,01,JUNCALITO,001,JUNCALITO ABAJO,29,94,87,35,90,36.72
25,SANTIAGO,03,JÁNICO,01,JÁNICO,01,JÁNICO,003,SAN JOSÉ,8,28,30,45,33,25
25,SANTIAGO,03,JÁNICO,01,JÁNICO,01,JÁNICO,001,CENTRO DEL PUEBLO,8,43,69,45,22,27.27
25,SANTIAGO,03,JÁNICO,03,EL CAIMITO (D. M.).,01,EL CAIMITO,002,EL PALERO,24,45,29,9,12,57.98
25,SANTIAGO,03,JÁNICO,01,JÁNICO,01,JÁNICO,002,EL PLAY,1,19,24,15,19,25.64
25,SANTIAGO,04,LICEY AL MEDIO,02,LAS PALOMAS (D. M.).,02,LAS PALOMAS  ARRIBA,001,UVERAL,1,35,78,39,41,18.56
25,SANTIAGO,04,LICEY AL MEDIO,01,LICEY AL MEDIO,05,CRUZ DE ISALGUEZ,001,CRUZ DE ISALGUEZ,3,39,32,12,6,45.65
25,SANTIAGO,04,LICEY AL MEDIO,01,LICEY AL MEDIO,03,LICEY ARRIBA,001,LICEY ARRIBA,16,62,97,35,51,29.89
25,SANTIAGO,04,LICEY AL MEDIO,01,LICEY AL MEDIO,02,LA CRUZ DE MARÍA FRANCISCA,001,LA CRUZ DE MARÍA FRANCISCA,5,42,37,12,43,33.81
25,SANTIAGO,04,LICEY AL MEDIO,01,LICEY AL MEDIO,01,LICEY AL MEDIO,001,VILLA ALBA,1,3,9,6,0,21.05
25,SANTIAGO,04,LICEY AL MEDIO,01,LICEY AL MEDIO,01,LICEY AL MEDIO,003,LOS SOLANO,6,46,105,53,71,18.51
25,SANTIAGO,04,LICEY AL MEDIO,01,LICEY AL MEDIO,01,LICEY AL MEDIO,004,EL CENTRO,10,60,159,81,222,13.16
25,SANTIAGO,04,LICEY AL MEDIO,01,LICEY AL MEDIO,01,LICEY AL MEDIO,005,URBANIZACIàN LAS ESMERALDAS,0,1,0,1,0,50
25,SANTIAGO,04,LICEY AL MEDIO,02,LAS PALOMAS (D. M.).,01,LAS PALOMAS,001,LAS PALOMAS O CENTRO DEL PUEBLO,31,127,209,128,155,24.31
25,SANTIAGO,04,LICEY AL MEDIO,02,LAS PALOMAS (D. M.).,01,LAS PALOMAS,004,LOS ARITAS,7,119,165,86,148,24
25,SANTIAGO,04,LICEY AL MEDIO,02,LAS PALOMAS (D. M.).,01,LAS PALOMAS,005,LAS PALOMAS ARRIBA,13,76,176,63,127,19.56
25,SANTIAGO,04,LICEY AL MEDIO,02,LAS PALOMAS (D. M.).,01,LAS PALOMAS,006,LOS MIRANDAS,11,58,68,11,20,41.07
25,SANTIAGO,04,LICEY AL MEDIO,02,LAS PALOMAS (D. M.).,01,LAS PALOMAS,007,CRUCE DE CHàN,4,24,34,20,16,28.57
25,SANTIAGO,04,LICEY AL MEDIO,02,LAS PALOMAS (D. M.).,01,LAS PALOMAS,008,LOS PORTES,9,31,85,70,20,18.6
25,SANTIAGO,04,LICEY AL MEDIO,02,LAS PALOMAS (D. M.).,01,LAS PALOMAS,009,TRIPLE PLAY,4,20,37,28,7,25
25,SANTIAGO,04,LICEY AL MEDIO,02,LAS PALOMAS (D. M.).,01,LAS PALOMAS,011,LOS CRUCES,1,10,33,14,26,13.1
25,SANTIAGO,04,LICEY AL MEDIO,01,LICEY AL MEDIO,01,LICEY AL MEDIO,002,LOS OSORIAS,9,44,73,52,91,19.7
25,SANTIAGO,04,LICEY AL MEDIO,02,LAS PALOMAS (D. M.).,01,LAS PALOMAS,010,LOS COLELOS,0,16,51,35,3,15.24
25,SANTIAGO,04,LICEY AL MEDIO,02,LAS PALOMAS (D. M.).,01,LAS PALOMAS,003,LAS PALOMAS ABAJO,5,56,132,65,71,18.54
25,SANTIAGO,04,LICEY AL MEDIO,01,LICEY AL MEDIO,03,LICEY ARRIBA,002,MONTE ADENTRO ARRIBA,10,95,138,33,107,27.42
25,SANTIAGO,04,LICEY AL MEDIO,01,LICEY AL MEDIO,02,LA CRUZ DE MARÍA FRANCISCA,002,LIMONAL ARRIBA,27,144,198,112,118,28.55
25,SANTIAGO,04,LICEY AL MEDIO,01,LICEY AL MEDIO,04,LICEY ABAJO,001,LICEY ABAJO,25,107,130,37,93,33.67
25,SANTIAGO,02,BISONÓ,01,BISONÓ,02,CAÑADA BONITA,003,GUANÁBANO DEL LIMÓN,10,19,9,1,16,52.73
25,SANTIAGO,02,BISONÓ,01,BISONÓ,05,LA VILLA NUEVA,001,LA VILLA NUEVA,29,63,55,15,34,46.94
25,SANTIAGO,02,BISONÓ,01,BISONÓ,08,VUELTA LARGA,001,VUELTA LARGA,1,9,12,2,0,41.67
25,SANTIAGO,02,BISONÓ,01,BISONÓ,07,PONTONCITO,002,CANAL CAÑEO,0,0,1,0,0,0
25,SANTIAGO,02,BISONÓ,01,BISONÓ,02,CAÑADA BONITA,006,LA ATRAVESADA,26,77,31,4,19,65.61
25,SANTIAGO,02,BISONÓ,01,BISONÓ,02,CAÑADA BONITA,012,EL TÚNEL,8,22,20,0,8,51.72
25,SANTIAGO,02,BISONÓ,01,BISONÓ,02,CAÑADA BONITA,013,LOS CEDROS,0,0,0,0,6,0
25,SANTIAGO,02,BISONÓ,01,BISONÓ,02,CAÑADA BONITA,005,AGUA HEDIONDA,5,5,7,1,10,35.71
25,SANTIAGO,02,BISONÓ,01,BISONÓ,04,LA LOMOTA,004,LOS CABRERA O LA LOMETA,25,17,4,2,10,72.41
25,SANTIAGO,02,BISONÓ,01,BISONÓ,04,LA LOMOTA,003,EL CABIRMAL,6,8,11,1,5,45.16
25,SANTIAGO,02,BISONÓ,01,BISONÓ,05,LA VILLA NUEVA,004,LOS HIGOS,19,6,2,1,4,78.12
25,SANTIAGO,02,BISONÓ,01,BISONÓ,02,CAÑADA BONITA,014,LA ESTACIÓN,12,89,54,13,5,58.38
25,SANTIAGO,02,BISONÓ,01,BISONÓ,07,PONTONCITO,003,KILÓMETRO 7,8,12,0,0,0,100
25,SANTIAGO,02,BISONÓ,01,BISONÓ,07,PONTONCITO,007,PUN PUN,0,0,0,0,20,0
25,SANTIAGO,02,BISONÓ,01,BISONÓ,07,PONTONCITO,006,PONTONCITO,2,8,14,4,0,35.71
25,SANTIAGO,02,BISONÓ,01,BISONÓ,02,CAÑADA BONITA,007,LAS RAÍCES,3,27,20,4,0,55.56
25,SANTIAGO,02,BISONÓ,01,BISONÓ,02,CAÑADA BONITA,002,EL CATEY,3,6,0,0,0,100
25,SANTIAGO,02,BISONÓ,01,BISONÓ,06,MEJÍA DE NAVARRETE,001,BARRANCÓN,2,8,4,1,0,66.67
25,SANTIAGO,02,BISONÓ,01,BISONÓ,06,MEJÍA DE NAVARRETE,002,LOS CANDELONES,1,6,10,10,0,25.93
25,SANTIAGO,02,BISONÓ,01,BISONÓ,05,LA VILLA NUEVA,005,LA TUNITA,2,2,1,0,0,80
25,SANTIAGO,02,BISONÓ,01,BISONÓ,05,LA VILLA NUEVA,009,AGUACATE DE NAVARRETE,2,1,0,0,3,50
25,SANTIAGO,02,BISONÓ,01,BISONÓ,04,LA LOMOTA,002,LOS MUÑOZ,0,0,0,0,4,0
25,SANTIAGO,02,BISONÓ,01,BISONÓ,04,LA LOMOTA,001,EL PUENTE,4,0,0,1,3,50
25,SANTIAGO,02,BISONÓ,01,BISONÓ,04,LA LOMOTA,007,LOS RUALES,17,18,5,0,0,87.5
25,SANTIAGO,02,BISONÓ,01,BISONÓ,04,LA LOMOTA,006,LOS BRAZOS,9,12,3,2,3,72.41
25,SANTIAGO,02,BISONÓ,01,BISONÓ,04,LA LOMOTA,008,CAYOTA,12,6,0,0,14,56.25
25,SANTIAGO,02,BISONÓ,01,BISONÓ,02,CAÑADA BONITA,010,EL ESTADO,0,0,0,0,2,0
25,SANTIAGO,02,BISONÓ,01,BISONÓ,02,CAÑADA BONITA,004,EL CAIMITO,0,6,6,1,3,37.5
25,SANTIAGO,02,BISONÓ,01,BISONÓ,02,CAÑADA BONITA,001,CAÑADA BONITA,7,55,44,4,8,52.54
25,SANTIAGO,02,BISONÓ,01,BISONÓ,02,CAÑADA BONITA,009,LAS CAOBAS,13,42,17,1,0,75.34
25,SANTIAGO,02,BISONÓ,01,BISONÓ,02,CAÑADA BONITA,008,LOS CACHIMBOS,1,12,10,0,0,56.52
25,SANTIAGO,02,BISONÓ,01,BISONÓ,04,LA LOMOTA,005,ALTO DE LA SIERRA (LA SIERRA),5,12,3,1,0,80.95
25,SANTIAGO,02,BISONÓ,01,BISONÓ,01,BISONÓ,001,EL CERRO,23,50,33,8,3,62.39
25,SANTIAGO,02,BISONÓ,01,BISONÓ,01,BISONÓ,002,CENTRO DEL PUEBLO,44,198,335,112,278,25.03
25,SANTIAGO,02,BISONÓ,01,BISONÓ,01,BISONÓ,003,LOS CANDELONES,15,36,78,66,55,20.4
25,SANTIAGO,02,BISONÓ,01,BISONÓ,01,BISONÓ,005,JEREMÖAS O NUEVO,2,14,45,34,67,9.88
25,SANTIAGO,02,BISONÓ,01,BISONÓ,01,BISONÓ,006,JALISCO,19,36,58,14,25,36.18
25,SANTIAGO,02,BISONÓ,01,BISONÓ,01,BISONÓ,007,LA MELLA,39,165,312,145,110,26.46
25,SANTIAGO,02,BISONÓ,01,BISONÓ,01,BISONÓ,008,SAN ANTONIO (EL BOLSILLO),8,27,39,25,56,22.58
25,SANTIAGO,02,BISONÓ,01,BISONÓ,01,BISONÓ,009,LA TRINITARIA,13,41,42,15,29,38.57
25,SANTIAGO,02,BISONÓ,01,BISONÓ,01,BISONÓ,011,27 DE FEBRERO,90,317,226,36,122,51.45
25,SANTIAGO,02,BISONÓ,01,BISONÓ,01,BISONÓ,012,LA ALTAGRACIA,96,410,401,78,133,45.26
25,SANTIAGO,02,BISONÓ,01,BISONÓ,01,BISONÓ,013,SAN MIGUEL,49,176,248,51,46,39.47
25,SANTIAGO,02,BISONÓ,01,BISONÓ,01,BISONÓ,015,HERMANAS MIRABAL,10,40,101,45,48,20.49
25,SANTIAGO,02,BISONÓ,01,BISONÓ,01,BISONÓ,016,MANOLO TAVµREZ JUSTO,15,95,118,20,50,36.91
25,SANTIAGO,02,BISONÓ,01,BISONÓ,01,BISONÓ,017,EL ABANICO,39,49,55,24,37,43.14
25,SANTIAGO,02,BISONÓ,01,BISONÓ,01,BISONÓ,018,PICA PIEDRA (EL CANAL),19,50,22,3,0,73.4
25,SANTIAGO,02,BISONÓ,01,BISONÓ,01,BISONÓ,019,MINERVA O SIMàN BOLÖVAR,45,140,142,23,60,45.12
25,SANTIAGO,02,BISONÓ,01,BISONÓ,01,BISONÓ,020,LA ESCUELA O EL CALLEJàN DE LA TOMA,6,8,3,0,13,46.67
25,SANTIAGO,02,BISONÓ,01,BISONÓ,01,BISONÓ,021,MEJÖA ARRIBA,3,6,6,6,26,19.15
25,SANTIAGO,02,BISONÓ,01,BISONÓ,01,BISONÓ,022,MEJÖA ABAJO,6,47,66,19,44,29.12
25,SANTIAGO,02,BISONÓ,01,BISONÓ,01,BISONÓ,024,SAN JOS,18,35,3,1,35,57.61
25,SANTIAGO,02,BISONÓ,01,BISONÓ,01,BISONÓ,025,PONTàN,23,75,58,6,54,45.37
25,SANTIAGO,02,BISONÓ,01,BISONÓ,01,BISONÓ,014,"DUARTE ""A""",32,121,236,250,133,19.82
25,SANTIAGO,02,BISONÓ,01,BISONÓ,01,BISONÓ,010,LA ROTONDA,6,41,56,47,46,23.98
25,SANTIAGO,02,BISONÓ,01,BISONÓ,01,BISONÓ,023,LOMA DE PERRO,9,45,52,30,20,34.62
25,SANTIAGO,02,BISONÓ,01,BISONÓ,01,BISONÓ,026,LA ESTACIàN,3,23,60,6,38,20
25,SANTIAGO,02,BISONÓ,01,BISONÓ,07,PONTONCITO,005,CRUCE DE BARRERO,243,241,109,14,0,79.74
25,SANTIAGO,01,SANTIAGO,07,HATO DEL YAQUE (D. M.).,05,GUAYACANAL,001,GUAYACANAL,20,82,46,10,0,64.56
25,SANTIAGO,01,SANTIAGO,07,HATO DEL YAQUE (D. M.).,03,VILLA BAO,002,VILLA BAO ABAJO,9,58,43,24,31,40.61
25,SANTIAGO,01,SANTIAGO,07,HATO DEL YAQUE (D. M.).,03,VILLA BAO,001,VILLA BAO ARRIBA,80,302,287,44,67,48.97
25,SANTIAGO,01,SANTIAGO,07,HATO DEL YAQUE (D. M.).,05,GUAYACANAL,002,FINCA DE ACIBA,10,54,15,0,23,62.75
25,SANTIAGO,01,SANTIAGO,07,HATO DEL YAQUE (D. M.).,02,HATO DEL YAQUE,003,VILLA TABACALERA,44,208,238,75,57,40.51
25,SANTIAGO,01,SANTIAGO,07,HATO DEL YAQUE (D. M.).,04,EL FLÚMER,003,EL MURO,0,0,0,1,0,0
25,SANTIAGO,01,SANTIAGO,07,HATO DEL YAQUE (D. M.).,02,HATO DEL YAQUE,002,HATO DEL YAQUE ABAJO,15,69,104,35,21,34.43
25,SANTIAGO,01,SANTIAGO,07,HATO DEL YAQUE (D. M.).,04,EL FLÚMER,001,EL FLÚMER,1,21,18,3,57,22
25,SANTIAGO,01,SANTIAGO,07,HATO DEL YAQUE (D. M.).,04,EL FLÚMER,002,BARCELÓ,7,56,44,8,0,54.78
25,SANTIAGO,01,SANTIAGO,07,HATO DEL YAQUE (D. M.).,01,HATO DEL YAQUE,001,EL PORTÓN,20,38,52,8,43,36.02
25,SANTIAGO,01,SANTIAGO,07,HATO DEL YAQUE (D. M.).,01,HATO DEL YAQUE,002,EL TAMARINDO,48,240,238,39,123,41.86
25,SANTIAGO,01,SANTIAGO,07,HATO DEL YAQUE (D. M.).,01,HATO DEL YAQUE,006,LA RINCONADA,11,87,138,74,82,25
25,SANTIAGO,01,SANTIAGO,07,HATO DEL YAQUE (D. M.).,01,HATO DEL YAQUE,007,LOS JIMÉNEZ,50,331,324,94,96,42.57
25,SANTIAGO,01,SANTIAGO,07,HATO DEL YAQUE (D. M.).,01,HATO DEL YAQUE,008,MONSEÑOR ELISEO PÉREZ,37,209,217,73,134,36.72
25,SANTIAGO,01,SANTIAGO,07,HATO DEL YAQUE (D. M.).,01,HATO DEL YAQUE,014,MATEO PELÓN,26,91,69,7,30,52.47
25,SANTIAGO,01,SANTIAGO,07,HATO DEL YAQUE (D. M.).,01,HATO DEL YAQUE,003,ENSANCHE HERMANAS MIRABAL,40,167,83,15,42,59.65
25,SANTIAGO,01,SANTIAGO,07,HATO DEL YAQUE (D. M.).,01,HATO DEL YAQUE,004,LA MINA,71,428,275,47,131,52.42
25,SANTIAGO,01,SANTIAGO,07,HATO DEL YAQUE (D. M.).,01,HATO DEL YAQUE,005,LA PAZ,41,220,204,51,117,41.23
25,SANTIAGO,01,SANTIAGO,07,HATO DEL YAQUE (D. M.).,01,HATO DEL YAQUE,012,VILLA FÁTIMA,60,373,415,86,123,40.96
25,SANTIAGO,01,SANTIAGO,07,HATO DEL YAQUE (D. M.).,01,HATO DEL YAQUE,009,PRADERAS DEL YAQUE,16,89,146,106,162,20.23
25,SANTIAGO,01,SANTIAGO,07,HATO DEL YAQUE (D. M.).,01,HATO DEL YAQUE,013,VILLA PROGRESO,32,182,268,113,130,29.52
25,SANTIAGO,01,SANTIAGO,07,HATO DEL YAQUE (D. M.).,02,HATO DEL YAQUE,001,SAN ANTONIO,4,19,32,19,3,29.87
25,SANTIAGO,01,SANTIAGO,07,HATO DEL YAQUE (D. M.).,01,HATO DEL YAQUE,011,URBANIZACIÓN GRULLÓN,11,29,88,46,28,19.8
25,SANTIAGO,01,SANTIAGO,07,HATO DEL YAQUE (D. M.).,01,HATO DEL YAQUE,010,SAN ANTONIO,8,49,60,9,83,27.27
25,SANTIAGO,01,SANTIAGO,06,SAN FRANCISCO DE JACAGUA (D. M.).,04,LA CIÉNAGA,002,LOS TOCONES,12,54,91,27,26,31.43
25,SANTIAGO,01,SANTIAGO,06,SAN FRANCISCO DE JACAGUA (D. M.).,05,EL RANCHITO PICHE,001,PICHE,35,26,11,2,10,72.62
25,SANTIAGO,01,SANTIAGO,06,SAN FRANCISCO DE JACAGUA (D. M.).,11,SALAMANCA,002,LOS ARROYOS DE SALAMANCA,31,10,1,0,0,97.62
25,SANTIAGO,01,SANTIAGO,06,SAN FRANCISCO DE JACAGUA (D. M.).,07,EL AGUACATE,001,EL AGUACATE DE JACAGUA,31,42,4,2,0,92.41
25,SANTIAGO,01,SANTIAGO,06,SAN FRANCISCO DE JACAGUA (D. M.).,02,JACAGUA ADENTRO,005,JACAGUA ADENTRO,37,74,10,5,0,88.1
25,SANTIAGO,01,SANTIAGO,06,SAN FRANCISCO DE JACAGUA (D. M.).,08,PALO ALTO,001,PALO ALTO,15,9,8,1,6,61.54
25,SANTIAGO,01,SANTIAGO,06,SAN FRANCISCO DE JACAGUA (D. M.).,03,JACAGUA AL MEDIO,002,JACAGUA AL MEDIO,28,162,447,370,287,14.68
25,SANTIAGO,01,SANTIAGO,06,SAN FRANCISCO DE JACAGUA (D. M.).,09,LOS GUINEOS,001,LOS GUINEOS,24,107,75,24,28,50.78
25,SANTIAGO,01,SANTIAGO,06,SAN FRANCISCO DE JACAGUA (D. M.).,06,LAS TRES CRUCES,001,LAS TRES CRUCES,18,91,199,125,67,21.8
25,SANTIAGO,01,SANTIAGO,06,SAN FRANCISCO DE JACAGUA (D. M.).,03,JACAGUA AL MEDIO,003,LA PLAYA,13,53,57,17,7,44.9
25,SANTIAGO,01,SANTIAGO,06,SAN FRANCISCO DE JACAGUA (D. M.).,03,JACAGUA AL MEDIO,001,JACAGUA ABAJO,77,418,869,526,336,22.24
25,SANTIAGO,01,SANTIAGO,06,SAN FRANCISCO DE JACAGUA (D. M.).,06,LAS TRES CRUCES,003,MONTE ADENTRO,6,51,60,10,0,44.88
25,SANTIAGO,01,SANTIAGO,06,SAN FRANCISCO DE JACAGUA (D. M.).,06,LAS TRES CRUCES,006,EL BUZO,4,46,56,3,0,45.87
25,SANTIAGO,01,SANTIAGO,06,SAN FRANCISCO DE JACAGUA (D. M.).,06,LAS TRES CRUCES,007,PALMARITO,0,1,1,0,0,50
25,SANTIAGO,01,SANTIAGO,06,SAN FRANCISCO DE JACAGUA (D. M.).,06,LAS TRES CRUCES,005,LA FURNIA,32,75,44,4,3,67.72
25,SANTIAGO,01,SANTIAGO,06,SAN FRANCISCO DE JACAGUA (D. M.).,02,JACAGUA ADENTRO,006,EL PLAY,8,1,0,0,0,100
25,SANTIAGO,01,SANTIAGO,06,SAN FRANCISCO DE JACAGUA (D. M.).,02,JACAGUA ADENTRO,007,EL NÍSPERO,7,2,0,0,0,100
25,SANTIAGO,01,SANTIAGO,06,SAN FRANCISCO DE JACAGUA (D. M.).,11,SALAMANCA,001,EL ALTO DEL JAMO,10,4,0,0,0,100
25,SANTIAGO,01,SANTIAGO,06,SAN FRANCISCO DE JACAGUA (D. M.).,02,JACAGUA ADENTRO,003,LOMA DE AGUA HONDA,3,1,2,0,0,66.67
25,SANTIAGO,01,SANTIAGO,06,SAN FRANCISCO DE JACAGUA (D. M.).,06,LAS TRES CRUCES,004,JACAGUA ARRIBA,8,41,33,6,1,55.06
25,SANTIAGO,01,SANTIAGO,06,SAN FRANCISCO DE JACAGUA (D. M.).,06,LAS TRES CRUCES,008,QUINIGUA,13,12,4,0,0,86.21
25,SANTIAGO,01,SANTIAGO,06,SAN FRANCISCO DE JACAGUA (D. M.).,05,EL RANCHITO PICHE,005,LOMA DE SABANA,7,12,6,0,1,73.08
25,SANTIAGO,01,SANTIAGO,06,SAN FRANCISCO DE JACAGUA (D. M.).,11,SALAMANCA,003,SALAMANCA,75,71,11,2,0,91.82
25,SANTIAGO,01,SANTIAGO,06,SAN FRANCISCO DE JACAGUA (D. M.).,05,EL RANCHITO PICHE,007,LA HONDURA,33,23,1,0,5,90.32
25,SANTIAGO,01,SANTIAGO,06,SAN FRANCISCO DE JACAGUA (D. M.).,05,EL RANCHITO PICHE,003,LOS MANANTIALES,9,6,2,1,1,78.95
25,SANTIAGO,01,SANTIAGO,06,SAN FRANCISCO DE JACAGUA (D. M.).,05,EL RANCHITO PICHE,004,EL RANCHITO,24,45,24,4,6,66.99
25,SANTIAGO,01,SANTIAGO,06,SAN FRANCISCO DE JACAGUA (D. M.).,05,EL RANCHITO PICHE,002,LA GUAZUMITA,18,30,5,1,21,64
25,SANTIAGO,01,SANTIAGO,06,SAN FRANCISCO DE JACAGUA (D. M.).,09,LOS GUINEOS,002,PALMAR ARRIBA,29,92,94,16,28,46.72
25,SANTIAGO,01,SANTIAGO,06,SAN FRANCISCO DE JACAGUA (D. M.).,04,LA CIÉNAGA,001,LA CIÉNAGA,44,185,382,185,137,24.54
25,SANTIAGO,01,SANTIAGO,06,SAN FRANCISCO DE JACAGUA (D. M.).,02,JACAGUA ADENTRO,001,LA BÚCARA,9,13,2,1,0,88
25,SANTIAGO,01,SANTIAGO,06,SAN FRANCISCO DE JACAGUA (D. M.).,02,JACAGUA ADENTRO,008,LA TINAJA,3,3,1,1,0,75
25,SANTIAGO,01,SANTIAGO,06,SAN FRANCISCO DE JACAGUA (D. M.).,02,JACAGUA ADENTRO,002,AUQUEYES,3,10,0,1,0,92.86
25,SANTIAGO,01,SANTIAGO,06,SAN FRANCISCO DE JACAGUA (D. M.).,01,SAN FRANCISCO DE JACAGUA,001,SAN FRANCISCO ARRIBA,71,421,584,198,14,38.2
25,SANTIAGO,01,SANTIAGO,06,SAN FRANCISCO DE JACAGUA (D. M.).,01,SAN FRANCISCO DE JACAGUA,003,PALMARITO,61,174,185,51,0,49.89
25,SANTIAGO,01,SANTIAGO,06,SAN FRANCISCO DE JACAGUA (D. M.).,01,SAN FRANCISCO DE JACAGUA,004,QUINIGUA,37,82,80,14,0,55.87
25,SANTIAGO,01,SANTIAGO,06,SAN FRANCISCO DE JACAGUA (D. M.).,06,LAS TRES CRUCES,002,JACAGUA,1,16,22,12,102,11.11
25,SANTIAGO,01,SANTIAGO,05,LA CANELA (D. M.).,02,HATILLO SAN LORENZO,001,HATILLO SAN LORENZO,69,226,186,45,199,40.69
25,SANTIAGO,01,SANTIAGO,05,LA CANELA (D. M.).,02,HATILLO SAN LORENZO,008,CAPILLA,17,85,22,1,62,54.55
25,SANTIAGO,01,SANTIAGO,05,LA CANELA (D. M.).,02,HATILLO SAN LORENZO,006,PLATANAL ABAJO,9,49,20,7,30,50.43
25,SANTIAGO,01,SANTIAGO,05,LA CANELA (D. M.).,02,HATILLO SAN LORENZO,009,PIEDRA GRANDE O GORDA,48,135,38,4,53,65.83
25,SANTIAGO,01,SANTIAGO,05,LA CANELA (D. M.).,02,HATILLO SAN LORENZO,004,PLATANAL ADENTRO,28,134,89,14,73,47.93
25,SANTIAGO,01,SANTIAGO,05,LA CANELA (D. M.).,02,HATILLO SAN LORENZO,003,LOS CERRITOS,6,38,6,0,60,40
25,SANTIAGO,01,SANTIAGO,05,LA CANELA (D. M.).,03,SABANA GRANDE DE BATEY I,003,LOS ALMÁCIGOS,72,346,160,36,120,56.95
25,SANTIAGO,01,SANTIAGO,05,LA CANELA (D. M.).,02,HATILLO SAN LORENZO,010,EL TÚNEL,21,62,13,0,9,79.05
25,SANTIAGO,01,SANTIAGO,05,LA CANELA (D. M.).,02,HATILLO SAN LORENZO,005,PLATANAL AFUERA O ARRIBA,12,23,25,1,28,39.33
25,SANTIAGO,01,SANTIAGO,05,LA CANELA (D. M.).,02,HATILLO SAN LORENZO,002,BAITOA CLARA,0,0,0,0,21,0
25,SANTIAGO,01,SANTIAGO,05,LA CANELA (D. M.).,03,SABANA GRANDE DE BATEY I,002,CUESTA ARENA,7,27,6,1,22,53.97
25,SANTIAGO,01,SANTIAGO,05,LA CANELA (D. M.).,03,SABANA GRANDE DE BATEY I,001,SABANA GRANDE DE BATEY I,79,426,347,103,459,35.71
25,SANTIAGO,01,SANTIAGO,05,LA CANELA (D. M.).,01,LA CANELA,001,CANELA ABAJO,6,23,18,8,9,45.31
25,SANTIAGO,01,SANTIAGO,05,LA CANELA (D. M.).,01,LA CANELA,002,NUEVO,88,270,268,79,187,40.13
25,SANTIAGO,01,SANTIAGO,05,LA CANELA (D. M.).,01,LA CANELA,003,CANELA ARRIBA O CENTRO DEL PUEBLO,14,90,130,79,98,25.3
25,SANTIAGO,01,SANTIAGO,04,BAITOA (D. M.).,04,SAN JOSÉ ADENTRO,004,LA LOMITA,37,62,21,1,4,79.2
25,SANTIAGO,01,SANTIAGO,04,BAITOA (D. M.).,04,SAN JOSÉ ADENTRO,006,MOCÁN DE SAN JOSÉ,1,12,2,0,0,86.67
25,SANTIAGO,01,SANTIAGO,04,BAITOA (D. M.).,04,SAN JOSÉ ADENTRO,001,SAN JOSÉ ADENTRO,22,40,26,1,37,49.21
25,SANTIAGO,01,SANTIAGO,04,BAITOA (D. M.).,04,SAN JOSÉ ADENTRO,003,KILÓMETRO 5,18,57,37,10,32,48.7
25,SANTIAGO,01,SANTIAGO,04,BAITOA (D. M.).,04,SAN JOSÉ ADENTRO,002,CRUCE DE GASPAR,11,34,9,1,35,50
25,SANTIAGO,01,SANTIAGO,04,BAITOA (D. M.).,05,SAN JOSÉ AFUERA,003,CRUCE DE DOÑA MARÍA,7,27,8,2,12,60.71
25,SANTIAGO,01,SANTIAGO,04,BAITOA (D. M.).,05,SAN JOSÉ AFUERA,004,LOS INDIOS,10,58,19,1,13,67.33
25,SANTIAGO,01,SANTIAGO,04,BAITOA (D. M.).,02,BAITOA,001,GUARDARRAYA DE BAITOA,24,20,6,0,10,73.33
25,SANTIAGO,01,SANTIAGO,04,BAITOA (D. M.).,02,BAITOA,006,LOMA DEL COCO,5,17,21,7,7,38.6
25,SANTIAGO,01,SANTIAGO,04,BAITOA (D. M.).,02,BAITOA,002,LA LIMA,12,62,57,19,30,41.11
25,SANTIAGO,01,SANTIAGO,04,BAITOA (D. M.).,03,LÓPEZ,003,LÓPEZ,17,47,38,14,17,48.12
25,SANTIAGO,01,SANTIAGO,04,BAITOA (D. M.).,03,LÓPEZ,006,LOS LIMONES,4,11,15,2,33,23.08
25,SANTIAGO,01,SANTIAGO,04,BAITOA (D. M.).,03,LÓPEZ,004,LA ANGOSTURA,8,13,5,0,1,77.78
25,SANTIAGO,01,SANTIAGO,04,BAITOA (D. M.).,03,LÓPEZ,001,BOCA DE LÓPEZ,4,15,13,2,0,55.88
25,SANTIAGO,01,SANTIAGO,04,BAITOA (D. M.).,03,LÓPEZ,005,LOS MELAOS (LOS MELADOS),6,13,16,2,10,40.43
25,SANTIAGO,01,SANTIAGO,04,BAITOA (D. M.).,04,SAN JOSÉ ADENTRO,005,KILÓMETRO 6,51,126,56,12,41,61.89
25,SANTIAGO,01,SANTIAGO,04,BAITOA (D. M.).,03,LÓPEZ,007,BOCA DE LOS RÍOS,1,0,0,0,3,25
25,SANTIAGO,01,SANTIAGO,04,BAITOA (D. M.).,03,LÓPEZ,010,LOMA DE CANA,4,0,0,0,0,100
25,SANTIAGO,01,SANTIAGO,04,BAITOA (D. M.).,03,LÓPEZ,002,LOS CAMPECHES,0,0,2,0,5,0
25,SANTIAGO,01,SANTIAGO,04,BAITOA (D. M.).,05,SAN JOSÉ AFUERA,002,LA SABANA,14,40,19,3,27,52.43
25,SANTIAGO,01,SANTIAGO,04,BAITOA (D. M.).,03,LÓPEZ,008,KILÓMETRO 6,12,37,40,11,0,49
25,SANTIAGO,01,SANTIAGO,04,BAITOA (D. M.).,03,LÓPEZ,009,LOS PICOS,3,2,2,0,3,50
25,SANTIAGO,01,SANTIAGO,04,BAITOA (D. M.).,01,BAITOA,001,BAITOA,63,190,264,111,98,34.85
25,SANTIAGO,01,SANTIAGO,04,BAITOA (D. M.).,02,BAITOA,004,ARROYO ARRIBA,5,9,3,1,7,56
25,SANTIAGO,01,SANTIAGO,04,BAITOA (D. M.).,02,BAITOA,005,LA CAPILLA,11,22,10,1,0,75
25,SANTIAGO,01,SANTIAGO,04,BAITOA (D. M.).,02,BAITOA,003,LOMA QUEMADA,10,14,14,4,4,52.17
25,SANTIAGO,02,BISONÓ,01,BISONÓ,03,ESTANCIA DEL YAQUE,001,ESTANCIA DEL YAQUE,62,313,266,33,200,42.91
25,SANTIAGO,02,BISONÓ,01,BISONÓ,01,BISONÓ,004,DUARTE,81,340,422,181,316,31.42
25,SANTIAGO,01,SANTIAGO,06,SAN FRANCISCO DE JACAGUA (D. M.).,01,SAN FRANCISCO DE JACAGUA,002,LOS COCOS O SAN FRANCISCO ABAJO,27,153,272,130,8,30.51
25,SANTIAGO,05,SAN JOSÉ DE LAS MATAS,01,SAN JOSÉ DE LAS MATAS,05,LOS MONTONES ABAJO,017,LOMITA DE PIEDRAS,6,18,8,0,0,75
25,SANTIAGO,01,SANTIAGO,01,SANTIAGO,07,MONTE ADENTRO ABAJO,007,LOS CIRISES,35,164,228,83,163,29.57
25,SANTIAGO,02,BISONÓ,01,BISONÓ,07,PONTONCITO,004,VILLA TABACALERA,24,106,112,28,64,38.92
25,SANTIAGO,06,TAMBORIL,02,CANCA LA PIEDRA (D. M.).,02,CANCA ABAJO,001,EL MOLINO,4,35,54,8,8,35.78
18,PUERTO PLATA,01,PUERTO PLATA,01,PUERTO PLATA,02,EL CUPEY,016,LA CAOBANA O LA CAOBA,13,1,1,1,13,48.28
18,PUERTO PLATA,01,PUERTO PLATA,01,PUERTO PLATA,05,TUBAGUA,008,PALO BLANCO,47,62,15,1,37,67.28
18,PUERTO PLATA,01,PUERTO PLATA,01,PUERTO PLATA,02,EL CUPEY,006,EL GALLO,23,30,1,1,17,73.61
18,PUERTO PLATA,01,PUERTO PLATA,01,PUERTO PLATA,02,EL CUPEY,007,EL CUPEY,62,101,51,3,37,64.17
18,PUERTO PLATA,01,PUERTO PLATA,01,PUERTO PLATA,02,EL CUPEY,009,EL NARANJAL,26,20,1,0,12,77.97
18,PUERTO PLATA,01,PUERTO PLATA,01,PUERTO PLATA,02,EL CUPEY,008,LOS POMOS,14,14,4,0,15,59.57
18,PUERTO PLATA,01,PUERTO PLATA,01,PUERTO PLATA,02,EL CUPEY,010,CAMÚ ARRIBA,1,2,1,0,0,75
18,PUERTO PLATA,01,PUERTO PLATA,01,PUERTO PLATA,02,EL CUPEY,011,LA GOTERA,0,0,0,0,4,0
18,PUERTO PLATA,01,PUERTO PLATA,01,PUERTO PLATA,02,EL CUPEY,013,LOS PALMARITOS,1,1,1,0,6,22.22
18,PUERTO PLATA,01,PUERTO PLATA,01,PUERTO PLATA,02,EL CUPEY,015,EL VALLECITO,16,5,0,0,3,87.5
18,PUERTO PLATA,01,PUERTO PLATA,01,PUERTO PLATA,02,EL CUPEY,014,EL MANACLAR,8,3,0,0,0,100
18,PUERTO PLATA,01,PUERTO PLATA,01,PUERTO PLATA,02,EL CUPEY,012,RANCHO AMBROSIO,13,6,0,0,10,65.52
18,PUERTO PLATA,01,PUERTO PLATA,01,PUERTO PLATA,05,TUBAGUA,005,JUAN DE NINA,1,1,0,0,0,100
18,PUERTO PLATA,01,PUERTO PLATA,01,PUERTO PLATA,05,TUBAGUA,003,SABANA DE LOS MUERTOS,9,47,29,6,83,32.18
18,PUERTO PLATA,01,PUERTO PLATA,01,PUERTO PLATA,05,TUBAGUA,004,CAMÚ,27,98,66,18,20,54.59
18,PUERTO PLATA,01,PUERTO PLATA,01,PUERTO PLATA,05,TUBAGUA,006,NARANJO DULCE,6,2,0,0,12,40
18,PUERTO PLATA,01,PUERTO PLATA,01,PUERTO PLATA,05,TUBAGUA,002,SABANA DE LA VIGÍA,41,93,27,2,0,82.21
18,PUERTO PLATA,01,PUERTO PLATA,01,PUERTO PLATA,05,TUBAGUA,014,LOS CACAOS,0,0,0,0,24,0
18,PUERTO PLATA,01,PUERTO PLATA,01,PUERTO PLATA,05,TUBAGUA,018,LA  U,3,29,9,2,20,50.79
18,PUERTO PLATA,01,PUERTO PLATA,01,PUERTO PLATA,05,TUBAGUA,010,LA CHINA,14,2,0,0,15,51.61
18,PUERTO PLATA,01,PUERTO PLATA,01,PUERTO PLATA,05,TUBAGUA,007,ARROYO ANCHO ABAJO O LA PLAYA,2,0,0,0,7,22.22
18,PUERTO PLATA,01,PUERTO PLATA,01,PUERTO PLATA,05,TUBAGUA,016,ARROYO FRÍO O EL BRISÓN,34,1,0,0,0,100
18,PUERTO PLATA,01,PUERTO PLATA,01,PUERTO PLATA,05,TUBAGUA,009,TUBAGUA,52,71,34,1,32,64.74
18,PUERTO PLATA,01,PUERTO PLATA,01,PUERTO PLATA,05,TUBAGUA,001,LOS ALGODONES,0,2,0,0,168,1.18
18,PUERTO PLATA,01,PUERTO PLATA,01,PUERTO PLATA,05,TUBAGUA,017,ARROYO ANCHO ARRIBA,14,14,0,0,10,73.68
18,PUERTO PLATA,01,PUERTO PLATA,01,PUERTO PLATA,02,EL CUPEY,005,LAS TRES CANAS,7,13,3,0,15,52.63
18,PUERTO PLATA,01,PUERTO PLATA,01,PUERTO PLATA,02,EL CUPEY,002,LA BERENJENA O LOS TABITA,0,1,0,0,9,10
18,PUERTO PLATA,01,PUERTO PLATA,01,PUERTO PLATA,02,EL CUPEY,001,PIEDRA DE CANDELA,10,2,2,0,10,50
18,PUERTO PLATA,01,PUERTO PLATA,01,PUERTO PLATA,05,TUBAGUA,013,MATA REDONDA,3,0,0,0,14,17.65
18,PUERTO PLATA,01,PUERTO PLATA,02,YÁSICA ARRIBA (D. M.).,05,YÁSICA ARRIBA,001,EL CAPÁ,56,40,11,4,10,79.34
18,PUERTO PLATA,01,PUERTO PLATA,02,YÁSICA ARRIBA (D. M.).,02,YÁSICA ABAJO,015,SONADOR,0,0,0,0,4,0
18,PUERTO PLATA,01,PUERTO PLATA,02,YÁSICA ARRIBA (D. M.).,03,GURABITO DE YAROA,006,EL TORO,0,1,0,0,11,8.33
18,PUERTO PLATA,01,PUERTO PLATA,02,YÁSICA ARRIBA (D. M.).,02,YÁSICA ABAJO,009,LOS JIMÉNEZ,4,0,0,0,0,100
18,PUERTO PLATA,01,PUERTO PLATA,02,YÁSICA ARRIBA (D. M.).,02,YÁSICA ABAJO,013,LOS PERALTA,19,9,0,0,0,100
18,PUERTO PLATA,01,PUERTO PLATA,02,YÁSICA ARRIBA (D. M.).,02,YÁSICA ABAJO,004,ARROYO GRANDE  (LA  PALOMA),0,0,0,0,6,0
18,PUERTO PLATA,01,PUERTO PLATA,02,YÁSICA ARRIBA (D. M.).,02,YÁSICA ABAJO,012,JUAN PÍO,6,8,0,0,19,42.42
18,PUERTO PLATA,01,PUERTO PLATA,02,YÁSICA ARRIBA (D. M.).,02,YÁSICA ABAJO,006,EL AGUACATE,13,5,1,0,4,78.26
18,PUERTO PLATA,01,PUERTO PLATA,02,YÁSICA ARRIBA (D. M.).,02,YÁSICA ABAJO,016,LA CUEVA,53,10,2,0,10,84
18,PUERTO PLATA,01,PUERTO PLATA,02,YÁSICA ARRIBA (D. M.).,02,YÁSICA ABAJO,011,YÁSICA ABAJO,31,55,19,1,20,68.25
18,PUERTO PLATA,01,PUERTO PLATA,02,YÁSICA ARRIBA (D. M.).,04,VILLA GENERAL BENITO MARTÍNEZ,002,CAÑADA HONDA,8,1,0,0,6,60
18,PUERTO PLATA,01,PUERTO PLATA,02,YÁSICA ARRIBA (D. M.).,03,GURABITO DE YAROA,003,LA CABIRMA,34,55,22,4,10,71.2
18,PUERTO PLATA,01,PUERTO PLATA,02,YÁSICA ARRIBA (D. M.).,03,GURABITO DE YAROA,008,GURABITO DE YAROA,2,5,7,1,33,14.58
18,PUERTO PLATA,01,PUERTO PLATA,02,YÁSICA ARRIBA (D. M.).,03,GURABITO DE YAROA,002,LA SIERRITA,1,0,0,0,1,50
18,PUERTO PLATA,01,PUERTO PLATA,02,YÁSICA ARRIBA (D. M.).,03,GURABITO DE YAROA,001,YAROA ABAJO,137,105,31,7,37,76.34
18,PUERTO PLATA,01,PUERTO PLATA,02,YÁSICA ARRIBA (D. M.).,03,GURABITO DE YAROA,005,SONADOR DE YAROA,5,13,9,3,19,36.73
18,PUERTO PLATA,01,PUERTO PLATA,02,YÁSICA ARRIBA (D. M.).,02,YÁSICA ABAJO,019,LA PIEDRA,2,1,0,0,17,15
18,PUERTO PLATA,01,PUERTO PLATA,02,YÁSICA ARRIBA (D. M.).,02,YÁSICA ABAJO,007,EL LIMÓN,6,3,0,0,6,60
18,PUERTO PLATA,01,PUERTO PLATA,02,YÁSICA ARRIBA (D. M.).,05,YÁSICA ARRIBA,009,INDIO VIEJO,0,0,0,0,4,0
18,PUERTO PLATA,01,PUERTO PLATA,02,YÁSICA ARRIBA (D. M.).,05,YÁSICA ARRIBA,008,LA CRUZ (LA CRUZ DE YÁSICA),8,13,5,0,13,53.85
18,PUERTO PLATA,01,PUERTO PLATA,02,YÁSICA ARRIBA (D. M.).,05,YÁSICA ARRIBA,006,LOS POMOS,43,36,4,0,0,95.18
18,PUERTO PLATA,01,PUERTO PLATA,02,YÁSICA ARRIBA (D. M.).,05,YÁSICA ARRIBA,005,LA HEBRA,51,13,0,0,14,82.05
18,PUERTO PLATA,01,PUERTO PLATA,02,YÁSICA ARRIBA (D. M.).,02,YÁSICA ABAJO,008,EL SANJÓN,0,0,1,0,7,0
18,PUERTO PLATA,01,PUERTO PLATA,02,YÁSICA ARRIBA (D. M.).,05,YÁSICA ARRIBA,002,LOS INFANTES,28,7,3,0,9,74.47
18,PUERTO PLATA,01,PUERTO PLATA,02,YÁSICA ARRIBA (D. M.).,02,YÁSICA ABAJO,003,LOS MARTÍNEZ,11,2,2,0,0,86.67
18,PUERTO PLATA,01,PUERTO PLATA,02,YÁSICA ARRIBA (D. M.).,05,YÁSICA ARRIBA,012,KILÓMETRO 30,14,18,7,1,22,51.61
18,PUERTO PLATA,01,PUERTO PLATA,02,YÁSICA ARRIBA (D. M.).,02,YÁSICA ABAJO,005,LA PIRAGUA,50,20,2,1,6,88.61
18,PUERTO PLATA,01,PUERTO PLATA,02,YÁSICA ARRIBA (D. M.).,02,YÁSICA ABAJO,002,MATA PUERTO (MATA  PUERCO),22,14,1,0,5,85.71
18,PUERTO PLATA,01,PUERTO PLATA,02,YÁSICA ARRIBA (D. M.).,05,YÁSICA ARRIBA,004,YASIQUITA,48,60,17,4,3,81.82
18,PUERTO PLATA,01,PUERTO PLATA,02,YÁSICA ARRIBA (D. M.).,02,YÁSICA ABAJO,010,EL MANGO,56,83,33,11,5,73.94
18,PUERTO PLATA,01,PUERTO PLATA,01,PUERTO PLATA,06,MAGGIOLO,006,EL COROZO,5,34,4,0,0,90.7
18,PUERTO PLATA,01,PUERTO PLATA,03,MAIMÓN (D. M.).,03,SAN CRISTÓBAL,001,MAGGIOLO ADENTRO,57,132,55,6,100,54
18,PUERTO PLATA,01,PUERTO PLATA,03,MAIMÓN (D. M.).,04,DON GREGORIO,002,SAN CRISTÓBAL,11,38,35,3,33,40.83
18,PUERTO PLATA,01,PUERTO PLATA,03,MAIMÓN (D. M.).,05,LOS TEJADA,001,LOS TEJADA,12,90,43,2,10,64.97
18,PUERTO PLATA,01,PUERTO PLATA,03,MAIMÓN (D. M.).,06,LAS AVISPAS,003,EL PIRAGUAL,0,1,0,0,6,14.29
18,PUERTO PLATA,01,PUERTO PLATA,03,MAIMÓN (D. M.).,07,GUZMANCITO,008,EL ESTERO,3,5,0,0,0,100
18,PUERTO PLATA,01,PUERTO PLATA,03,MAIMÓN (D. M.).,07,GUZMANCITO,004,EL BURRO,12,11,0,0,5,82.14
18,PUERTO PLATA,01,PUERTO PLATA,03,MAIMÓN (D. M.).,07,GUZMANCITO,009,EL CAFÉ,2,3,0,0,11,31.25
18,PUERTO PLATA,01,PUERTO PLATA,03,MAIMÓN (D. M.).,07,GUZMANCITO,002,EL TORO,61,44,4,2,18,81.4
18,PUERTO PLATA,01,PUERTO PLATA,03,MAIMÓN (D. M.).,06,LAS AVISPAS,004,EL RINCÓN,29,131,121,7,22,51.61
18,PUERTO PLATA,01,PUERTO PLATA,03,MAIMÓN (D. M.).,06,LAS AVISPAS,007,LA CEIBA,28,6,0,0,3,91.89
18,PUERTO PLATA,01,PUERTO PLATA,03,MAIMÓN (D. M.).,06,LAS AVISPAS,001,LAS AVISPAS,3,18,9,5,7,50
18,PUERTO PLATA,01,PUERTO PLATA,03,MAIMÓN (D. M.).,06,LAS AVISPAS,005,GUARDARRAYA,1,14,11,0,11,40.54
18,PUERTO PLATA,01,PUERTO PLATA,03,MAIMÓN (D. M.).,06,LAS AVISPAS,002,LOS CACAOS,5,47,20,0,8,65
18,PUERTO PLATA,01,PUERTO PLATA,03,MAIMÓN (D. M.).,04,DON GREGORIO,003,LOS CAÑOS,19,69,89,10,6,45.6
18,PUERTO PLATA,01,PUERTO PLATA,03,MAIMÓN (D. M.).,04,DON GREGORIO,001,LOS DAJAOS,9,49,37,6,13,50.88
18,PUERTO PLATA,01,PUERTO PLATA,03,MAIMÓN (D. M.).,07,GUZMANCITO,005,CAMBIAZO,24,24,4,0,19,67.61
18,PUERTO PLATA,01,PUERTO PLATA,03,MAIMÓN (D. M.).,07,GUZMANCITO,014,LA PATILLA,1,5,0,0,4,60
18,PUERTO PLATA,01,PUERTO PLATA,03,MAIMÓN (D. M.).,07,GUZMANCITO,015,CALABACITOS,21,2,0,0,2,92
18,PUERTO PLATA,01,PUERTO PLATA,03,MAIMÓN (D. M.).,07,GUZMANCITO,018,GUZMÁN,3,10,0,0,6,68.42
18,PUERTO PLATA,01,PUERTO PLATA,03,MAIMÓN (D. M.).,07,GUZMANCITO,017,LA BERENJENA,6,1,2,0,0,77.78
18,PUERTO PLATA,01,PUERTO PLATA,03,MAIMÓN (D. M.).,07,GUZMANCITO,012,CABUYA,2,11,0,0,7,65
18,PUERTO PLATA,01,PUERTO PLATA,03,MAIMÓN (D. M.).,07,GUZMANCITO,006,BAJO HONDO,6,6,0,0,0,100
18,PUERTO PLATA,01,PUERTO PLATA,03,MAIMÓN (D. M.).,07,GUZMANCITO,010,GUZMANCITO,12,19,2,1,2,86.11
18,PUERTO PLATA,01,PUERTO PLATA,03,MAIMÓN (D. M.).,07,GUZMANCITO,016,LA ARENA,9,21,4,0,10,68.18
18,PUERTO PLATA,01,PUERTO PLATA,03,MAIMÓN (D. M.).,07,GUZMANCITO,011,CRUCE DE GUZMÁN,20,35,1,0,0,98.21
18,PUERTO PLATA,01,PUERTO PLATA,03,MAIMÓN (D. M.).,07,GUZMANCITO,001,LA PERRITA,4,6,0,0,9,52.63
18,PUERTO PLATA,01,PUERTO PLATA,03,MAIMÓN (D. M.).,07,GUZMANCITO,007,LA ISLA,4,6,0,0,5,66.67
18,PUERTO PLATA,01,PUERTO PLATA,03,MAIMÓN (D. M.).,07,GUZMANCITO,003,PALO INDIO,7,14,1,0,9,67.74
18,PUERTO PLATA,01,PUERTO PLATA,01,PUERTO PLATA,06,MAGGIOLO,008,PLAYA DE MAIMÓN,0,2,0,0,0,100
18,PUERTO PLATA,01,PUERTO PLATA,01,PUERTO PLATA,06,MAGGIOLO,002,BARBA RUCIA,0,0,1,0,0,0
18,PUERTO PLATA,01,PUERTO PLATA,01,PUERTO PLATA,06,MAGGIOLO,004,FRANCÉS,0,10,7,3,0,50
18,PUERTO PLATA,01,PUERTO PLATA,01,PUERTO PLATA,06,MAGGIOLO,005,LA GATA,11,30,6,0,0,87.23
18,PUERTO PLATA,01,PUERTO PLATA,01,PUERTO PLATA,06,MAGGIOLO,007,LA AGUAÍTA,2,22,1,0,0,96
18,PUERTO PLATA,01,PUERTO PLATA,03,MAIMÓN (D. M.).,07,GUZMANCITO,013,LOMA DE LAS BESTIAS,17,79,20,2,13,73.28
18,PUERTO PLATA,01,PUERTO PLATA,03,MAIMÓN (D. M.).,05,LOS TEJADA,003,EL CHAVÓN,5,54,33,4,18,51.75
18,PUERTO PLATA,01,PUERTO PLATA,03,MAIMÓN (D. M.).,05,LOS TEJADA,002,LOS BOBOSES,8,31,22,0,8,56.52
18,PUERTO PLATA,01,PUERTO PLATA,03,MAIMÓN (D. M.).,04,DON GREGORIO,004,LAS SIENES,0,1,1,2,0,25
18,PUERTO PLATA,01,PUERTO PLATA,01,PUERTO PLATA,06,MAGGIOLO,003,CAFEMBA,1,1,4,2,0,25
18,PUERTO PLATA,01,PUERTO PLATA,01,PUERTO PLATA,04,SABANA GRANDE,003,CANTABRIA ARRIBA O MARY VÁSQUEZ,2,10,6,0,19,32.43
18,PUERTO PLATA,01,PUERTO PLATA,01,PUERTO PLATA,04,SABANA GRANDE,002,CANTABRIA ABAJO O CAMPIÑE,62,202,51,2,44,73.13
18,PUERTO PLATA,01,PUERTO PLATA,01,PUERTO PLATA,04,SABANA GRANDE,004,LA TACHUELA,0,0,1,0,5,0
18,PUERTO PLATA,01,PUERTO PLATA,01,PUERTO PLATA,04,SABANA GRANDE,006,MARAPICADA,0,1,0,0,0,100
18,PUERTO PLATA,01,PUERTO PLATA,01,PUERTO PLATA,03,LOS MAMEYES,002,LOS MAMEYES,0,8,10,6,7,25.81
18,PUERTO PLATA,01,PUERTO PLATA,01,PUERTO PLATA,03,LOS MAMEYES,001,LOMA ISABEL DE TORRES,1,0,1,0,0,50
18,PUERTO PLATA,01,PUERTO PLATA,01,PUERTO PLATA,04,SABANA GRANDE,005,SABANA GRANDE,22,90,39,13,0,68.29
18,PUERTO PLATA,01,PUERTO PLATA,02,YÁSICA ARRIBA (D. M.).,03,GURABITO DE YAROA,007,LA BURRA,23,5,0,0,0,100
18,PUERTO PLATA,01,PUERTO PLATA,02,YÁSICA ARRIBA (D. M.).,02,YÁSICA ABAJO,014,LA GARZA,3,0,0,0,0,100
18,PUERTO PLATA,01,PUERTO PLATA,02,YÁSICA ARRIBA (D. M.).,02,YÁSICA ABAJO,017,LA SABANA,5,3,0,0,0,100
18,PUERTO PLATA,01,PUERTO PLATA,02,YÁSICA ARRIBA (D. M.).,02,YÁSICA ABAJO,018,LA BATATA,10,10,2,0,3,80
18,PUERTO PLATA,01,PUERTO PLATA,03,MAIMÓN (D. M.).,06,LAS AVISPAS,006,LA COLORÁ,26,38,20,1,28,56.64
18,PUERTO PLATA,01,PUERTO PLATA,01,PUERTO PLATA,04,SABANA GRANDE,001,MUÑOZ,201,225,151,28,232,50.9
18,PUERTO PLATA,01,PUERTO PLATA,01,PUERTO PLATA,05,TUBAGUA,011,LOS JOBOS,4,0,0,0,5,44.44
18,PUERTO PLATA,01,PUERTO PLATA,01,PUERTO PLATA,05,TUBAGUA,015,EL CAYO,0,0,0,0,6,0
18,PUERTO PLATA,01,PUERTO PLATA,02,YÁSICA ARRIBA (D. M.).,03,GURABITO DE YAROA,004,LAJAS DE YAROA,35,73,55,14,36,50.7
18,PUERTO PLATA,01,PUERTO PLATA,02,YÁSICA ARRIBA (D. M.).,04,VILLA GENERAL BENITO MARTÍNEZ,003,LA TINAJITA,6,17,11,0,13,48.94
18,PUERTO PLATA,01,PUERTO PLATA,02,YÁSICA ARRIBA (D. M.).,05,YÁSICA ARRIBA,010,EL BRISÓN,14,0,0,1,3,77.78
18,PUERTO PLATA,01,PUERTO PLATA,02,YÁSICA ARRIBA (D. M.).,05,YÁSICA ARRIBA,013,EL PUERTO,0,0,0,0,4,0
18,PUERTO PLATA,01,PUERTO PLATA,02,YÁSICA ARRIBA (D. M.).,04,VILLA GENERAL BENITO MARTÍNEZ,001,LA CUMBRE (GURABITO LA CUMBRE),12,24,14,2,21,49.32
18,PUERTO PLATA,01,PUERTO PLATA,02,YÁSICA ARRIBA (D. M.).,04,VILLA GENERAL BENITO MARTÍNEZ,006,SUBIDA GRANDE,3,14,5,0,12,50
18,PUERTO PLATA,01,PUERTO PLATA,02,YÁSICA ARRIBA (D. M.).,04,VILLA GENERAL BENITO MARTÍNEZ,005,ARENOSO,27,45,23,5,22,59.02
18,PUERTO PLATA,01,PUERTO PLATA,02,YÁSICA ARRIBA (D. M.).,04,VILLA GENERAL BENITO MARTÍNEZ,004,LOS PINOS,0,6,3,0,0,66.67
18,PUERTO PLATA,01,PUERTO PLATA,03,MAIMÓN (D. M.).,01,MAIMÓN,001,MAIMÓN,17,126,225,56,43,30.62
18,PUERTO PLATA,01,PUERTO PLATA,02,YÁSICA ARRIBA (D. M.).,01,YÁSICA ARRIBA,001,YASICA ARRIBA,122,164,98,22,30,65.6
18,PUERTO PLATA,01,PUERTO PLATA,01,PUERTO PLATA,01,SAN FELIPE DE PUERTO PLATA,007,URBANIZACIÓN CERRO VERDE,1,3,0,2,6,33.33
18,PUERTO PLATA,01,PUERTO PLATA,01,PUERTO PLATA,01,SAN FELIPE DE PUERTO PLATA,017,URBANIZACIÓN EL DORAL,4,2,4,1,0,54.55
18,PUERTO PLATA,01,PUERTO PLATA,01,PUERTO PLATA,01,SAN FELIPE DE PUERTO PLATA,029,PADRE GRANERO,111,473,759,419,422,26.74
18,PUERTO PLATA,01,PUERTO PLATA,01,PUERTO PLATA,01,SAN FELIPE DE PUERTO PLATA,032,URBANIZACIÓN ATLANTICA,30,133,244,106,73,27.82
18,PUERTO PLATA,01,PUERTO PLATA,01,PUERTO PLATA,01,SAN FELIPE DE PUERTO PLATA,043,URBANIZACIÓN EL MAR,0,1,0,2,0,33.33
18,PUERTO PLATA,01,PUERTO PLATA,01,PUERTO PLATA,01,SAN FELIPE DE PUERTO PLATA,024,AMANDA I (CAMINERO),2,4,1,2,0,66.67
18,PUERTO PLATA,01,PUERTO PLATA,01,PUERTO PLATA,01,SAN FELIPE DE PUERTO PLATA,031,JARDINES DEL ATLÁNTICO (G),0,1,3,3,0,14.29
18,PUERTO PLATA,01,PUERTO PLATA,01,PUERTO PLATA,01,SAN FELIPE DE PUERTO PLATA,042,PUERTÓN ROJO,0,2,0,0,0,100
18,PUERTO PLATA,01,PUERTO PLATA,01,PUERTO PLATA,01,SAN FELIPE DE PUERTO PLATA,028,HORIZONTES DEL ATLANTICO (VILLA SANCHÉZ),0,4,4,10,0,22.22
18,PUERTO PLATA,01,PUERTO PLATA,01,PUERTO PLATA,01,SAN FELIPE DE PUERTO PLATA,020,ENSANCHE LUPERÓN,5,79,182,65,246,14.56
18,PUERTO PLATA,01,PUERTO PLATA,01,PUERTO PLATA,01,SAN FELIPE DE PUERTO PLATA,026,BRUGAL,0,1,2,8,0,9.09
18,PUERTO PLATA,01,PUERTO PLATA,01,PUERTO PLATA,01,SAN FELIPE DE PUERTO PLATA,025,BAYARDO,2,3,9,7,8,17.24
18,PUERTO PLATA,01,PUERTO PLATA,01,PUERTO PLATA,01,SAN FELIPE DE PUERTO PLATA,023,LOS REYES,8,41,112,117,203,10.19
18,PUERTO PLATA,01,PUERTO PLATA,01,PUERTO PLATA,01,SAN FELIPE DE PUERTO PLATA,019,LOS COCOS O ENSANCHE MIRAMAR,133,575,802,451,562,28.06
18,PUERTO PLATA,01,PUERTO PLATA,01,PUERTO PLATA,01,SAN FELIPE DE PUERTO PLATA,021,MIRADOR SUR,9,121,241,155,348,14.87
18,PUERTO PLATA,01,PUERTO PLATA,01,PUERTO PLATA,01,SAN FELIPE DE PUERTO PLATA,027,INESPRE,3,52,37,11,27,42.31
18,PUERTO PLATA,01,PUERTO PLATA,01,PUERTO PLATA,01,SAN FELIPE DE PUERTO PLATA,018,LOS PLATANITOS,11,58,41,12,45,41.32
18,PUERTO PLATA,01,PUERTO PLATA,01,PUERTO PLATA,01,SAN FELIPE DE PUERTO PLATA,014,PADRE LAS CASAS,42,292,627,419,226,20.8
18,PUERTO PLATA,01,PUERTO PLATA,01,PUERTO PLATA,01,SAN FELIPE DE PUERTO PLATA,015,COLINAS DEL SUR (EL AVISPERO),56,522,970,499,728,20.83
18,PUERTO PLATA,01,PUERTO PLATA,01,PUERTO PLATA,01,SAN FELIPE DE PUERTO PLATA,012,LA REGOLA O ENSANCHE EDUARDO BRITO,12,75,132,65,103,22.48
18,PUERTO PLATA,01,PUERTO PLATA,01,PUERTO PLATA,01,SAN FELIPE DE PUERTO PLATA,006,INVI,5,51,161,156,111,11.57
18,PUERTO PLATA,01,PUERTO PLATA,01,PUERTO PLATA,01,SAN FELIPE DE PUERTO PLATA,016,CIUDAD PARTE ALTA(ZONA ESCOLAR),12,61,58,19,33,39.89
18,PUERTO PLATA,01,PUERTO PLATA,01,PUERTO PLATA,01,SAN FELIPE DE PUERTO PLATA,013,VILLA PROGRESO,31,194,364,196,264,21.45
18,PUERTO PLATA,01,PUERTO PLATA,01,PUERTO PLATA,01,SAN FELIPE DE PUERTO PLATA,008,LA VIARA,2,35,76,23,74,17.62
18,PUERTO PLATA,01,PUERTO PLATA,01,PUERTO PLATA,01,SAN FELIPE DE PUERTO PLATA,040,CUESTA AMARILLA,4,19,43,15,11,25
18,PUERTO PLATA,01,PUERTO PLATA,01,PUERTO PLATA,01,SAN FELIPE DE PUERTO PLATA,035,LAS TRES PALMAS,18,169,418,237,306,16.29
18,PUERTO PLATA,01,PUERTO PLATA,01,PUERTO PLATA,01,SAN FELIPE DE PUERTO PLATA,034,MARIPICÁ O COCA COLA,1,19,29,14,78,14.18
18,PUERTO PLATA,01,PUERTO PLATA,01,PUERTO PLATA,01,SAN FELIPE DE PUERTO PLATA,030,URBANIZACIÓN TORRE ALTA,20,100,136,47,94,30.23
18,PUERTO PLATA,01,PUERTO PLATA,01,PUERTO PLATA,01,SAN FELIPE DE PUERTO PLATA,036,CODETEL,52,153,180,152,106,31.88
18,PUERTO PLATA,01,PUERTO PLATA,01,PUERTO PLATA,01,SAN FELIPE DE PUERTO PLATA,039,COSTAMBAR,1,1,13,3,0,11.11
18,PUERTO PLATA,01,PUERTO PLATA,01,PUERTO PLATA,01,SAN FELIPE DE PUERTO PLATA,038,EL JABILLAR,76,377,518,121,208,34.85
18,PUERTO PLATA,01,PUERTO PLATA,01,PUERTO PLATA,01,SAN FELIPE DE PUERTO PLATA,022,CRISTO REY,60,271,466,203,340,24.7
18,PUERTO PLATA,01,PUERTO PLATA,01,PUERTO PLATA,01,SAN FELIPE DE PUERTO PLATA,037,CAFEMBA,5,27,49,16,61,20.25
18,PUERTO PLATA,01,PUERTO PLATA,01,PUERTO PLATA,01,SAN FELIPE DE PUERTO PLATA,005,PLAYA OESTE,72,508,624,85,285,36.85
18,PUERTO PLATA,01,PUERTO PLATA,01,PUERTO PLATA,01,SAN FELIPE DE PUERTO PLATA,001,LOS DOMINGUEZ,170,1108,2375,1078,1268,21.3
18,PUERTO PLATA,01,PUERTO PLATA,01,PUERTO PLATA,01,SAN FELIPE DE PUERTO PLATA,003,GREGORIO LUPERÓN,15,177,439,306,349,14.93
18,PUERTO PLATA,01,PUERTO PLATA,01,PUERTO PLATA,01,SAN FELIPE DE PUERTO PLATA,033,LOS CUETO O LA CAOBAS,1,5,14,8,3,19.35
18,PUERTO PLATA,01,PUERTO PLATA,01,PUERTO PLATA,01,SAN FELIPE DE PUERTO PLATA,045,SAN MARCOS ARRIBA,26,90,55,13,9,60.1
18,PUERTO PLATA,01,PUERTO PLATA,01,PUERTO PLATA,01,SAN FELIPE DE PUERTO PLATA,046,SAN MARCOS ABAJO,151,1093,1430,438,639,33.16
18,PUERTO PLATA,01,PUERTO PLATA,03,MAIMÓN (D. M.).,01,MAIMÓN,002,DON GREGORIO,29,206,190,18,4,52.57
18,PUERTO PLATA,01,PUERTO PLATA,01,PUERTO PLATA,06,MAGGIOLO,001,EL TEJAR,1,1,2,0,0,50
18,PUERTO PLATA,01,PUERTO PLATA,01,PUERTO PLATA,01,SAN FELIPE DE PUERTO PLATA,004,LOS COQUITOS,30,266,461,96,387,23.87
18,PUERTO PLATA,01,PUERTO PLATA,01,PUERTO PLATA,01,SAN FELIPE DE PUERTO PLATA,041,URBANIZACIÓN LA FLORIDA,2,12,27,17,12,20
18,PUERTO PLATA,01,PUERTO PLATA,01,PUERTO PLATA,01,SAN FELIPE DE PUERTO PLATA,002,HAITÍ,16,112,303,206,194,15.4
18,PUERTO PLATA,01,PUERTO PLATA,01,PUERTO PLATA,01,SAN FELIPE DE PUERTO PLATA,011,HOTEL Y CASINO COSTA DORADA,0,6,10,4,28,12.5
18,PUERTO PLATA,01,PUERTO PLATA,01,PUERTO PLATA,01,SAN FELIPE DE PUERTO PLATA,009,ENSANCHE DUBEAU,30,183,318,131,196,24.83
18,PUERTO PLATA,01,PUERTO PLATA,01,PUERTO PLATA,05,TUBAGUA,012,LOS COQUITOS,1,0,0,0,4,20
18,PUERTO PLATA,01,PUERTO PLATA,01,PUERTO PLATA,01,SAN FELIPE DE PUERTO PLATA,010,CENTRO HISTÓRICO DE PUERTO PLATA,47,305,437,231,513,22.96
18,PUERTO PLATA,01,PUERTO PLATA,01,PUERTO PLATA,01,SAN FELIPE DE PUERTO PLATA,047,BATEY 3,16,92,236,198,0,19.93
18,PUERTO PLATA,04,IMBERT,01,IMBERT,02,CABIA,001,CABIA,38,82,43,9,12,65.22
18,PUERTO PLATA,04,IMBERT,01,IMBERT,03,CAONAO,002,RANCHITO DE LOS PERALTA,26,57,1,0,16,83
18,PUERTO PLATA,04,IMBERT,01,IMBERT,03,CAONAO,004,EL CUADRO,0,1,0,0,0,100
18,PUERTO PLATA,04,IMBERT,01,IMBERT,03,CAONAO,005,HIGÜERO,3,1,1,0,1,66.67
18,PUERTO PLATA,04,IMBERT,01,IMBERT,03,CAONAO,007,LOS PALMARITOS,16,38,4,0,21,68.35
18,PUERTO PLATA,04,IMBERT,01,IMBERT,03,CAONAO,006,CAONAO,16,44,11,2,11,71.43
18,PUERTO PLATA,04,IMBERT,01,IMBERT,03,CAONAO,003,EL ALTO,6,2,0,0,0,100
18,PUERTO PLATA,04,IMBERT,01,IMBERT,04,LAS CANAS,005,BOCA DE CAONAO,13,18,0,0,8,79.49
18,PUERTO PLATA,04,IMBERT,01,IMBERT,04,LAS CANAS,002,LA ESCALERETA,74,132,68,8,37,64.58
18,PUERTO PLATA,04,IMBERT,01,IMBERT,04,LAS CANAS,003,EL CAFÉ,0,0,0,0,6,0
18,PUERTO PLATA,04,IMBERT,01,IMBERT,02,CABIA,002,LOS CAYUCOS,27,26,2,0,18,72.6
18,PUERTO PLATA,04,IMBERT,01,IMBERT,02,CABIA,003,GUANÁBANOS,10,18,6,0,21,50.91
18,PUERTO PLATA,04,IMBERT,01,IMBERT,02,CABIA,004,LA PIRAGUA ABAJO,21,54,13,3,14,71.43
18,PUERTO PLATA,04,IMBERT,01,IMBERT,02,CABIA,005,LA PIRAGUA AL MEDIO,16,13,1,0,9,74.36
18,PUERTO PLATA,04,IMBERT,01,IMBERT,02,CABIA,006,LA PIRAGUA ARRIBA,0,2,0,0,2,50
18,PUERTO PLATA,04,IMBERT,01,IMBERT,02,CABIA,009,LA CABIRMA,0,1,1,1,43,2.17
18,PUERTO PLATA,04,IMBERT,01,IMBERT,02,CABIA,007,LOS LLABONES,1,10,5,1,7,45.83
18,PUERTO PLATA,04,IMBERT,01,IMBERT,06,SABALLO,007,MORILLO,8,18,7,3,19,47.27
18,PUERTO PLATA,04,IMBERT,01,IMBERT,06,SABALLO,003,LA POTRANCA,8,22,7,0,3,75
18,PUERTO PLATA,04,IMBERT,01,IMBERT,06,SABALLO,005,VUELTA LARGA,14,54,36,3,36,47.55
18,PUERTO PLATA,04,IMBERT,01,IMBERT,05,PÉREZ,002,LOMA BLANCA,4,3,5,0,20,21.88
18,PUERTO PLATA,04,IMBERT,01,IMBERT,05,PÉREZ,001,BARRERO,9,25,1,0,6,82.93
18,PUERTO PLATA,04,IMBERT,01,IMBERT,05,PÉREZ,010,LA AGÜITA,0,7,0,0,8,46.67
18,PUERTO PLATA,04,IMBERT,01,IMBERT,05,PÉREZ,009,BARRABAS,22,55,52,10,49,40.96
18,PUERTO PLATA,04,IMBERT,01,IMBERT,05,PÉREZ,008,NARANJO CHINO,50,40,4,3,16,79.65
18,PUERTO PLATA,04,IMBERT,01,IMBERT,05,PÉREZ,004,LOS TREJOS,17,57,53,19,28,42.53
18,PUERTO PLATA,04,IMBERT,01,IMBERT,05,PÉREZ,013,EL RINCÓN,19,48,37,10,67,37.02
18,PUERTO PLATA,04,IMBERT,01,IMBERT,04,LAS CANAS,006,BOCA DE CABIA,8,17,2,0,10,67.57
18,PUERTO PLATA,04,IMBERT,01,IMBERT,06,SABALLO,002,ARROYO SECO,2,1,0,0,3,50
18,PUERTO PLATA,04,IMBERT,01,IMBERT,06,SABALLO,004,LA GRÚA,29,63,50,9,96,37.25
18,PUERTO PLATA,04,IMBERT,01,IMBERT,05,PÉREZ,011,HOJAS ANCHAS,6,18,21,4,3,46.15
18,PUERTO PLATA,04,IMBERT,01,IMBERT,05,PÉREZ,007,INGENIO AMISTAD,111,225,191,37,206,43.64
18,PUERTO PLATA,04,IMBERT,01,IMBERT,05,PÉREZ,006,BOCA DE OBISPO,3,5,0,0,4,66.67
18,PUERTO PLATA,04,IMBERT,01,IMBERT,05,PÉREZ,014,EL HOYO DE PEREZ,11,23,6,2,6,70.83
18,PUERTO PLATA,04,IMBERT,01,IMBERT,05,PÉREZ,003,LOS LLANOS DE PÉREZ,39,188,212,92,77,37.34
18,PUERTO PLATA,04,IMBERT,01,IMBERT,05,PÉREZ,012,EL PUERTO,13,59,18,2,26,61.02
18,PUERTO PLATA,04,IMBERT,01,IMBERT,02,CABIA,008,POZO PRIETO,4,4,2,0,8,44.44
18,PUERTO PLATA,04,IMBERT,01,IMBERT,06,SABALLO,006,SABALLO,31,181,163,27,99,42.32
18,PUERTO PLATA,04,IMBERT,01,IMBERT,01,IMBERT,006,CLUB,18,80,105,27,69,32.78
18,PUERTO PLATA,04,IMBERT,01,IMBERT,01,IMBERT,005,SALCEDO,3,38,46,16,27,31.54
18,PUERTO PLATA,04,IMBERT,01,IMBERT,01,IMBERT,004,PANGOLA,14,77,103,17,56,34.08
18,PUERTO PLATA,04,IMBERT,01,IMBERT,01,IMBERT,002,JUANA SALTITOPA,3,78,158,46,84,21.95
18,PUERTO PLATA,04,IMBERT,01,IMBERT,01,IMBERT,003,PROYECTO,53,246,234,88,135,39.55
18,PUERTO PLATA,04,IMBERT,01,IMBERT,01,IMBERT,001,CENTRO DEL PUEBLO,31,216,373,167,231,24.26
18,PUERTO PLATA,04,IMBERT,01,IMBERT,05,PÉREZ,005,BAJABONICO ARRIBA,53,104,62,9,31,60.62
18,PUERTO PLATA,04,IMBERT,01,IMBERT,04,LAS CANAS,001,LAS CANAS,9,37,18,3,8,61.33
18,PUERTO PLATA,04,IMBERT,01,IMBERT,04,LAS CANAS,007,LA ANGOSTURA,3,8,0,1,2,78.57
18,PUERTO PLATA,04,IMBERT,01,IMBERT,03,CAONAO,001,LA JOYA,8,6,2,0,7,60.87
18,PUERTO PLATA,04,IMBERT,01,IMBERT,04,LAS CANAS,004,LA JÍBARA,63,76,13,0,15,83.23
18,PUERTO PLATA,06,LUPERÓN,02,LA ISABELA (D. M.).,02,CANDELÓN,003,LA CULEBRA,10,14,4,0,6,70.59
18,PUERTO PLATA,06,LUPERÓN,04,EL ESTRECHO DE LUPERÓN OMAR BROSS (D. M.).,02,EL ESTRECHO ABAJO,001,EL ESTRECHO ABAJO,33,44,16,12,52,49.04
18,PUERTO PLATA,06,LUPERÓN,01,LUPERÓN,02,BARRANCÓN,002,LOS CAMBRONES,20,15,3,0,9,74.47
18,PUERTO PLATA,06,LUPERÓN,01,LUPERÓN,06,RANCHITO DE LOS VARGAS,004,LA CEIBITA ARRIBA,0,0,0,0,1,0
18,PUERTO PLATA,06,LUPERÓN,01,LUPERÓN,04,EL HIGO,002,QUEBRADA HONDA,28,16,1,0,12,77.19
18,PUERTO PLATA,06,LUPERÓN,01,LUPERÓN,05,LA SABANA,009,EL CANAL,23,13,2,0,3,87.8
18,PUERTO PLATA,06,LUPERÓN,01,LUPERÓN,03,CAMBIASO,003,SOUFFLÉ GRANDE,0,0,0,0,11,0
18,PUERTO PLATA,06,LUPERÓN,04,EL ESTRECHO DE LUPERÓN OMAR BROSS (D. M.).,03,ARROYO AMARGO,001,ARROYO AMARGO,7,2,9,5,16,23.08
18,PUERTO PLATA,06,LUPERÓN,01,LUPERÓN,04,EL HIGO,001,EL HIGO,20,40,13,2,16,65.93
18,PUERTO PLATA,06,LUPERÓN,01,LUPERÓN,06,RANCHITO DE LOS VARGAS,006,LA JOYA,7,2,0,1,6,56.25
18,PUERTO PLATA,06,LUPERÓN,01,LUPERÓN,06,RANCHITO DE LOS VARGAS,003,LOS TAVÁREZ,16,18,2,0,0,94.44
18,PUERTO PLATA,06,LUPERÓN,01,LUPERÓN,06,RANCHITO DE LOS VARGAS,007,RANCHITO ABAJO,25,39,9,1,13,73.56
18,PUERTO PLATA,06,LUPERÓN,01,LUPERÓN,06,RANCHITO DE LOS VARGAS,002,LA PIEDRA,1,0,0,0,1,50
18,PUERTO PLATA,06,LUPERÓN,01,LUPERÓN,06,RANCHITO DE LOS VARGAS,001,RANCHITO DE LOS VARGAS,34,91,27,5,37,64.43
18,PUERTO PLATA,06,LUPERÓN,01,LUPERÓN,05,LA SABANA,004,LA PULGA,40,108,90,27,60,45.54
18,PUERTO PLATA,06,LUPERÓN,01,LUPERÓN,05,LA SABANA,008,LA PEÑA,15,19,10,5,7,60.71
18,PUERTO PLATA,06,LUPERÓN,04,EL ESTRECHO DE LUPERÓN OMAR BROSS (D. M.).,03,ARROYO AMARGO,002,EL FUNDO,11,1,0,0,9,57.14
18,PUERTO PLATA,06,LUPERÓN,01,LUPERÓN,05,LA SABANA,006,LOS COROZOS,8,17,3,0,6,73.53
18,PUERTO PLATA,06,LUPERÓN,01,LUPERÓN,05,LA SABANA,010,ESCOBOSO,10,29,12,0,24,52
18,PUERTO PLATA,06,LUPERÓN,01,LUPERÓN,02,BARRANCÓN,008,LA RUSIA,1,4,3,0,8,31.25
18,PUERTO PLATA,06,LUPERÓN,02,LA ISABELA (D. M.).,02,CANDELÓN,001,CANDELÓN,43,69,42,17,26,56.85
18,PUERTO PLATA,06,LUPERÓN,01,LUPERÓN,05,LA SABANA,002,CABEZA DE VACA,5,5,3,0,4,58.82
18,PUERTO PLATA,06,LUPERÓN,01,LUPERÓN,05,LA SABANA,003,LAS CRUCES,7,3,1,0,12,43.48
18,PUERTO PLATA,06,LUPERÓN,01,LUPERÓN,05,LA SABANA,007,LA SABANA ABAJO,17,48,31,17,16,50.39
18,PUERTO PLATA,06,LUPERÓN,01,LUPERÓN,05,LA SABANA,005,EL PUERTO,0,0,0,0,1,0
18,PUERTO PLATA,06,LUPERÓN,01,LUPERÓN,05,LA SABANA,001,EL GUANO,2,3,1,0,31,13.51
18,PUERTO PLATA,06,LUPERÓN,01,LUPERÓN,05,LA SABANA,011,LA SABANA,12,32,23,10,32,40.37
18,PUERTO PLATA,06,LUPERÓN,04,EL ESTRECHO DE LUPERÓN OMAR BROSS (D. M.).,04,MARTÍN ALONZO,002,TASAJERA,90,89,9,9,27,79.91
18,PUERTO PLATA,06,LUPERÓN,02,LA ISABELA (D. M.).,03,LA ISABELA,001,DRIMBOL,7,23,23,11,0,46.88
18,PUERTO PLATA,06,LUPERÓN,04,EL ESTRECHO DE LUPERÓN OMAR BROSS (D. M.).,02,EL ESTRECHO ABAJO,003,MARTÍN ALONZO ARRIBA,16,15,3,0,14,64.58
18,PUERTO PLATA,06,LUPERÓN,01,LUPERÓN,02,BARRANCÓN,007,PUERTO CABALLO,11,21,6,2,12,61.54
18,PUERTO PLATA,06,LUPERÓN,01,LUPERÓN,02,BARRANCÓN,005,LOS CARMONIES,13,23,4,0,1,87.8
18,PUERTO PLATA,06,LUPERÓN,01,LUPERÓN,02,BARRANCÓN,003,NOVILLERO,15,22,5,2,20,57.81
18,PUERTO PLATA,06,LUPERÓN,01,LUPERÓN,02,BARRANCÓN,006,LOMA DE NOVILLERO,34,31,1,0,3,94.2
18,PUERTO PLATA,06,LUPERÓN,01,LUPERÓN,02,BARRANCÓN,001,BARRANCÓN,35,66,28,7,21,64.33
18,PUERTO PLATA,06,LUPERÓN,01,LUPERÓN,02,BARRANCÓN,004,LAS LANDRAS,31,48,10,3,14,74.53
18,PUERTO PLATA,06,LUPERÓN,01,LUPERÓN,03,CAMBIASO,006,LA AGUADA,0,0,0,0,12,0
18,PUERTO PLATA,06,LUPERÓN,01,LUPERÓN,03,CAMBIASO,008,MONTE AGUILAR,9,8,0,0,8,68
18,PUERTO PLATA,06,LUPERÓN,01,LUPERÓN,03,CAMBIASO,004,LA PIÑA,3,0,0,0,2,60
18,PUERTO PLATA,06,LUPERÓN,01,LUPERÓN,03,CAMBIASO,005,PROYECTO AGRARIO,10,17,0,0,12,69.23
18,PUERTO PLATA,06,LUPERÓN,01,LUPERÓN,03,CAMBIASO,007,ARENOSO,25,26,3,1,12,76.12
18,PUERTO PLATA,06,LUPERÓN,01,LUPERÓN,03,CAMBIASO,001,LORAN,0,1,0,0,0,100
18,PUERTO PLATA,06,LUPERÓN,02,LA ISABELA (D. M.).,02,CANDELÓN,002,LAS MARAS,20,26,19,1,15,56.79
18,PUERTO PLATA,06,LUPERÓN,04,EL ESTRECHO DE LUPERÓN OMAR BROSS (D. M.).,04,MARTÍN ALONZO,001,EL CRUCE DE MARTÍN ALONZO,17,20,0,0,11,77.08
18,PUERTO PLATA,06,LUPERÓN,04,EL ESTRECHO DE LUPERÓN OMAR BROSS (D. M.).,02,EL ESTRECHO ABAJO,002,LA SUBIDA DE LOS MUERTOS,9,12,3,1,0,84
18,PUERTO PLATA,06,LUPERÓN,04,EL ESTRECHO DE LUPERÓN OMAR BROSS (D. M.).,04,MARTÍN ALONZO,003,EL JAMO,16,17,7,3,1,75
18,PUERTO PLATA,06,LUPERÓN,03,BELLOSO (D. M.).,02,BELLOSO,008,LA VEREDA,1,0,0,0,13,7.14
18,PUERTO PLATA,06,LUPERÓN,03,BELLOSO (D. M.).,02,BELLOSO,001,BELLOSO,16,16,8,2,9,62.75
18,PUERTO PLATA,06,LUPERÓN,03,BELLOSO (D. M.).,02,BELLOSO,005,EL PALERO BELLOSO,0,1,0,0,1,50
18,PUERTO PLATA,06,LUPERÓN,03,BELLOSO (D. M.).,02,BELLOSO,003,EL HIGO CLARO,1,5,1,1,12,30
18,PUERTO PLATA,06,LUPERÓN,03,BELLOSO (D. M.).,02,BELLOSO,004,LOS RAMONES,0,0,0,0,6,0
18,PUERTO PLATA,06,LUPERÓN,03,BELLOSO (D. M.).,02,BELLOSO,002,LOS ARQUÍES,33,53,19,11,6,70.49
18,PUERTO PLATA,06,LUPERÓN,03,BELLOSO (D. M.).,02,BELLOSO,007,EL PROYECTO,17,56,88,32,32,32.44
18,PUERTO PLATA,06,LUPERÓN,03,BELLOSO (D. M.).,03,CERRO DE NAVAS,002,CERRO DE NAVAS,33,38,19,5,27,58.2
18,PUERTO PLATA,06,LUPERÓN,03,BELLOSO (D. M.).,03,CERRO DE NAVAS,001,LOS CONUCOS,16,29,8,5,12,64.29
18,PUERTO PLATA,05,LOS HIDALGOS,01,LOS HIDALGOS,04,UNIJICA,010,LA LUPERONA,4,9,9,0,7,44.83
18,PUERTO PLATA,05,LOS HIDALGOS,02,NAVAS (D. M.).,02,VISTA ALEGRE,001,RUISEÑOR,41,13,0,2,12,79.41
18,PUERTO PLATA,05,LOS HIDALGOS,01,LOS HIDALGOS,03,MARMOLEJOS,008,MARMOLEJOS,37,57,12,7,38,62.25
18,PUERTO PLATA,05,LOS HIDALGOS,01,LOS HIDALGOS,02,EL MAMEY,007,VUELTA LARGA,13,33,20,4,29,46.46
18,PUERTO PLATA,05,LOS HIDALGOS,01,LOS HIDALGOS,04,UNIJICA,011,CHARCO DEL CAIMÁN,1,0,0,0,0,100
18,PUERTO PLATA,05,LOS HIDALGOS,01,LOS HIDALGOS,04,UNIJICA,003,LA PIRAGUA,27,47,10,1,17,72.55
18,PUERTO PLATA,05,LOS HIDALGOS,01,LOS HIDALGOS,04,UNIJICA,004,EL TALADO,10,8,0,0,7,72
18,PUERTO PLATA,05,LOS HIDALGOS,01,LOS HIDALGOS,04,UNIJICA,001,LAS CAOBAS,12,15,5,0,9,65.85
18,PUERTO PLATA,05,LOS HIDALGOS,01,LOS HIDALGOS,04,UNIJICA,007,UNIJICA ABAJO,9,67,21,3,19,63.87
18,PUERTO PLATA,05,LOS HIDALGOS,01,LOS HIDALGOS,04,UNIJICA,008,ROMERICO,44,71,31,10,33,60.85
18,PUERTO PLATA,05,LOS HIDALGOS,01,LOS HIDALGOS,04,UNIJICA,002,CAÑADA GRANDE,13,42,11,2,19,63.22
18,PUERTO PLATA,05,LOS HIDALGOS,01,LOS HIDALGOS,02,EL MAMEY,008,RANCHETE,18,49,42,2,38,44.97
18,PUERTO PLATA,05,LOS HIDALGOS,01,LOS HIDALGOS,02,EL MAMEY,003,LAS MARITAS,1,0,0,0,12,7.69
18,PUERTO PLATA,05,LOS HIDALGOS,01,LOS HIDALGOS,02,EL MAMEY,004,LA CEIBA,1,0,0,0,27,3.57
18,PUERTO PLATA,05,LOS HIDALGOS,01,LOS HIDALGOS,02,EL MAMEY,002,LOS TRES PASOS,27,98,60,12,43,52.08
18,PUERTO PLATA,05,LOS HIDALGOS,01,LOS HIDALGOS,02,EL MAMEY,006,EL PINTO,15,63,47,4,20,52.35
18,PUERTO PLATA,05,LOS HIDALGOS,01,LOS HIDALGOS,02,EL MAMEY,005,LOMA DE PIEDRA,1,3,0,0,3,57.14
18,PUERTO PLATA,05,LOS HIDALGOS,01,LOS HIDALGOS,03,MARMOLEJOS,006,AGUA HEDIONDA,0,0,0,0,4,0
18,PUERTO PLATA,05,LOS HIDALGOS,01,LOS HIDALGOS,03,MARMOLEJOS,002,LOS TABLONES,0,0,0,0,1,0
18,PUERTO PLATA,05,LOS HIDALGOS,01,LOS HIDALGOS,03,MARMOLEJOS,003,EL REJÓN,3,4,0,0,28,20
18,PUERTO PLATA,05,LOS HIDALGOS,01,LOS HIDALGOS,03,MARMOLEJOS,001,LA PEÑA,0,0,0,0,2,0
18,PUERTO PLATA,05,LOS HIDALGOS,01,LOS HIDALGOS,03,MARMOLEJOS,009,LOS ALTOS DE MARMOLEJOS,25,39,7,0,18,71.91
18,PUERTO PLATA,05,LOS HIDALGOS,01,LOS HIDALGOS,03,MARMOLEJOS,007,LOS SABINO,38,45,7,0,4,88.3
18,PUERTO PLATA,05,LOS HIDALGOS,01,LOS HIDALGOS,03,MARMOLEJOS,005,MARMOLEJOS ABAJO,18,81,30,10,41,55
18,PUERTO PLATA,05,LOS HIDALGOS,02,NAVAS (D. M.).,02,VISTA ALEGRE,010,BUENOS AIRES,31,89,40,15,7,65.93
18,PUERTO PLATA,05,LOS HIDALGOS,02,NAVAS (D. M.).,02,VISTA ALEGRE,004,LOS VERRACOS,0,0,0,0,17,0
18,PUERTO PLATA,05,LOS HIDALGOS,02,NAVAS (D. M.).,02,VISTA ALEGRE,012,PROYECTO HACIENDA ROSA MARÍA,24,65,41,6,2,64.49
18,PUERTO PLATA,05,LOS HIDALGOS,02,NAVAS (D. M.).,02,VISTA ALEGRE,005,LAS ALFORJAS,5,0,0,0,1,83.33
18,PUERTO PLATA,05,LOS HIDALGOS,02,NAVAS (D. M.).,02,VISTA ALEGRE,002,VERRACO BLANCO,17,11,1,0,5,82.35
18,PUERTO PLATA,05,LOS HIDALGOS,02,NAVAS (D. M.).,02,VISTA ALEGRE,003,VISTA ALEGRE,20,84,47,8,33,54.17
18,PUERTO PLATA,05,LOS HIDALGOS,02,NAVAS (D. M.).,02,VISTA ALEGRE,009,LA SABANA,2,17,25,13,20,24.68
18,PUERTO PLATA,05,LOS HIDALGOS,02,NAVAS (D. M.).,02,VISTA ALEGRE,008,INVI,4,13,9,2,2,56.67
18,PUERTO PLATA,05,LOS HIDALGOS,02,NAVAS (D. M.).,02,VISTA ALEGRE,006,LOS PUCHEOS,4,7,1,1,4,64.71
18,PUERTO PLATA,05,LOS HIDALGOS,01,LOS HIDALGOS,03,MARMOLEJOS,010,AGUA CLARA,23,28,10,3,27,56.04
18,PUERTO PLATA,05,LOS HIDALGOS,01,LOS HIDALGOS,02,EL MAMEY,001,EL REJÓN,0,0,1,0,0,0
18,PUERTO PLATA,05,LOS HIDALGOS,01,LOS HIDALGOS,04,UNIJICA,005,LA BOCA DE UNIJICA,61,143,56,19,77,57.3
18,PUERTO PLATA,05,LOS HIDALGOS,02,NAVAS (D. M.).,02,VISTA ALEGRE,011,LA LIBERTAD,9,0,0,0,19,32.14
18,PUERTO PLATA,05,LOS HIDALGOS,02,NAVAS (D. M.).,02,VISTA ALEGRE,013,LOS CERROS DE NAVAS,16,36,15,1,53,42.98
18,PUERTO PLATA,06,LUPERÓN,03,BELLOSO (D. M.).,01,BELLOSO,001,LOS BELLOSOS,37,87,52,9,36,56.11
18,PUERTO PLATA,05,LOS HIDALGOS,02,NAVAS (D. M.).,02,VISTA ALEGRE,014,LA PEÑITA,0,0,0,0,27,0
18,PUERTO PLATA,05,LOS HIDALGOS,02,NAVAS (D. M.).,01,NAVAS,001,NAVAS,27,56,62,32,25,41.09
18,PUERTO PLATA,06,LUPERÓN,04,EL ESTRECHO DE LUPERÓN OMAR BROSS (D. M.).,01,EL ESTRECHO DE LUPERÓN OMAR BROSS,001,EL ESTRECHO DE LUPERÓN OMAR BROSS,53,125,104,75,57,43
18,PUERTO PLATA,06,LUPERÓN,01,LUPERÓN,01,LUPERÓN,001,LUPERÓN O CENTRO DEL PUEBLO,84,367,381,216,244,34.91
18,PUERTO PLATA,05,LOS HIDALGOS,01,LOS HIDALGOS,01,LOS HIDALGOS,002,PUEBLO NUEVO,15,49,35,18,59,36.36
18,PUERTO PLATA,05,LOS HIDALGOS,01,LOS HIDALGOS,01,LOS HIDALGOS,003,ALTOS DE LOS ACOSTA,11,74,116,40,87,25.91
18,PUERTO PLATA,05,LOS HIDALGOS,01,LOS HIDALGOS,01,LOS HIDALGOS,001,EL MAMEY,25,73,77,40,86,32.56
18,PUERTO PLATA,08,VILLA ISABELA,03,LA JAIBA (D. M.).,02,LA JAIBA,005,LA JAIBA,1,1,3,0,39,4.55
18,PUERTO PLATA,02,ALTAMIRA,01,ALTAMIRA,06,PALMAR GRANDE,008,LAS AROMAS,11,9,4,0,13,54.05
18,PUERTO PLATA,08,VILLA ISABELA,01,VILLA ISABELA,02,LAGUNA GRANDE,006,ALTOS DE LOS PEÑA,3,29,9,0,0,78.05
18,PUERTO PLATA,08,VILLA ISABELA,01,VILLA ISABELA,02,LAGUNA GRANDE,010,GUALETICO,17,27,11,3,18,57.89
18,PUERTO PLATA,08,VILLA ISABELA,02,ESTERO HONDO (D. M.).,02,LOS PILONES,002,LA COLONIA,10,10,3,0,12,57.14
18,PUERTO PLATA,08,VILLA ISABELA,01,VILLA ISABELA,03,LA BALSA,003,LAS ENEAS,18,38,15,2,19,60.87
18,PUERTO PLATA,02,ALTAMIRA,01,ALTAMIRA,04,HIGÜERO,005,ARROYO BLANCO,22,32,27,2,32,46.96
18,PUERTO PLATA,02,ALTAMIRA,01,ALTAMIRA,02,EL MAMEY,001,EL COPEY,28,83,67,22,47,44.94
18,PUERTO PLATA,02,ALTAMIRA,01,ALTAMIRA,07,QUEBRADA HONDA,009,LA DAMAJAGUA,4,1,1,0,2,62.5
18,PUERTO PLATA,02,ALTAMIRA,02,RÍO GRANDE (D. M.).,06,PESCADO BOBO ARRIBA,002,EL MANGUITO,36,30,0,0,15,81.48
18,PUERTO PLATA,02,ALTAMIRA,02,RÍO GRANDE (D. M.).,04,RÍO GRANDE ARRIBA,001,LOS CHIJOS,19,32,9,4,13,66.23
18,PUERTO PLATA,02,ALTAMIRA,01,ALTAMIRA,05,LOS LLANOS,005,LA JAGUA,36,37,23,8,20,58.87
18,PUERTO PLATA,08,VILLA ISABELA,02,ESTERO HONDO (D. M.).,03,RANCHO MANUEL,004,PUNTA RUSIA,8,67,19,1,22,64.1
18,PUERTO PLATA,08,VILLA ISABELA,03,LA JAIBA (D. M.).,02,LA JAIBA,015,TIBURCIO (PARTE),0,1,0,0,0,100
18,PUERTO PLATA,08,VILLA ISABELA,02,ESTERO HONDO (D. M.).,03,RANCHO MANUEL,002,TIBURCIO,9,30,9,1,19,57.35
18,PUERTO PLATA,08,VILLA ISABELA,02,ESTERO HONDO (D. M.).,02,LOS PILONES,006,LA CIÉNAGA,20,21,3,0,0,93.18
18,PUERTO PLATA,08,VILLA ISABELA,02,ESTERO HONDO (D. M.).,02,LOS PILONES,001,LOS PILONES,13,39,9,0,5,78.79
18,PUERTO PLATA,08,VILLA ISABELA,02,ESTERO HONDO (D. M.).,02,LOS PILONES,004,LOS POZOS AMARILLOS,1,1,0,0,0,100
18,PUERTO PLATA,08,VILLA ISABELA,03,LA JAIBA (D. M.).,02,LA JAIBA,006,EL ANISAL,0,0,0,0,1,0
18,PUERTO PLATA,08,VILLA ISABELA,03,LA JAIBA (D. M.).,02,LA JAIBA,012,GUANABANITO,0,0,0,0,5,0
18,PUERTO PLATA,08,VILLA ISABELA,03,LA JAIBA (D. M.).,02,LA JAIBA,002,SOLIMÁN,3,2,1,0,5,45.45
18,PUERTO PLATA,08,VILLA ISABELA,03,LA JAIBA (D. M.).,02,LA JAIBA,003,LOMA DE LA JAIBA,0,8,0,0,2,80
18,PUERTO PLATA,08,VILLA ISABELA,03,LA JAIBA (D. M.).,02,LA JAIBA,001,LOS ANEGADIZOS,10,19,5,1,13,60.42
18,PUERTO PLATA,08,VILLA ISABELA,01,VILLA ISABELA,03,LA BALSA,005,LOS ALTOS,6,26,8,2,14,57.14
18,PUERTO PLATA,08,VILLA ISABELA,01,VILLA ISABELA,03,LA BALSA,002,LA BALSA,52,104,50,8,24,65.55
18,PUERTO PLATA,08,VILLA ISABELA,01,VILLA ISABELA,03,LA BALSA,004,SABANA DE LOS MIESES,8,37,19,0,9,61.64
18,PUERTO PLATA,08,VILLA ISABELA,01,VILLA ISABELA,03,LA BALSA,001,POZO BONITO,27,108,41,3,33,63.68
18,PUERTO PLATA,08,VILLA ISABELA,01,VILLA ISABELA,02,LAGUNA GRANDE,005,DIEGUITO,32,45,27,1,18,62.6
18,PUERTO PLATA,08,VILLA ISABELA,01,VILLA ISABELA,02,LAGUNA GRANDE,001,CARRETA PODRIDA,2,0,0,0,1,66.67
18,PUERTO PLATA,08,VILLA ISABELA,01,VILLA ISABELA,02,LAGUNA GRANDE,004,CAÑO MIGUEL,26,92,55,10,34,54.38
18,PUERTO PLATA,08,VILLA ISABELA,01,VILLA ISABELA,02,LAGUNA GRANDE,011,LAGUNA GRANDE,15,34,18,2,33,48.04
18,PUERTO PLATA,08,VILLA ISABELA,01,VILLA ISABELA,02,LAGUNA GRANDE,003,EL CARRIL,30,61,33,11,12,61.9
18,PUERTO PLATA,08,VILLA ISABELA,01,VILLA ISABELA,02,LAGUNA GRANDE,007,LA LLANADA,51,186,138,39,86,47.4
18,PUERTO PLATA,02,ALTAMIRA,01,ALTAMIRA,04,HIGÜERO,004,QUITA SUEÑO,42,33,4,0,18,77.32
18,PUERTO PLATA,02,ALTAMIRA,01,ALTAMIRA,04,HIGÜERO,006,LOS CACAOS,12,10,0,0,6,78.57
18,PUERTO PLATA,02,ALTAMIRA,01,ALTAMIRA,04,HIGÜERO,003,GUARANAL,46,37,7,0,14,79.81
18,PUERTO PLATA,02,ALTAMIRA,01,ALTAMIRA,04,HIGÜERO,002,HIGÜERO,18,22,1,1,4,86.96
18,PUERTO PLATA,02,ALTAMIRA,01,ALTAMIRA,04,HIGÜERO,001,LA CHINA,22,79,55,12,14,55.49
18,PUERTO PLATA,02,ALTAMIRA,01,ALTAMIRA,05,LOS LLANOS,001,LOS LLANOS,32,38,30,8,39,47.62
18,PUERTO PLATA,02,ALTAMIRA,01,ALTAMIRA,05,LOS LLANOS,007,LA PIEDRA,9,17,32,25,37,21.67
18,PUERTO PLATA,02,ALTAMIRA,01,ALTAMIRA,05,LOS LLANOS,002,LOS CLAVELES,12,15,9,1,13,54
18,PUERTO PLATA,02,ALTAMIRA,01,ALTAMIRA,07,QUEBRADA HONDA,001,RINCÓN DE LA LOMA,0,0,0,0,13,0
18,PUERTO PLATA,02,ALTAMIRA,01,ALTAMIRA,07,QUEBRADA HONDA,002,RINCÓN DEL LLANO,13,33,30,3,2,56.79
18,PUERTO PLATA,02,ALTAMIRA,01,ALTAMIRA,07,QUEBRADA HONDA,011,LAJAS,10,35,40,6,12,43.69
18,PUERTO PLATA,02,ALTAMIRA,01,ALTAMIRA,07,QUEBRADA HONDA,007,LAS LAJAS ABAJO,6,22,16,3,17,43.75
18,PUERTO PLATA,02,ALTAMIRA,01,ALTAMIRA,07,QUEBRADA HONDA,006,LAS LAJAS ARRIBA,8,15,4,0,2,79.31
18,PUERTO PLATA,02,ALTAMIRA,01,ALTAMIRA,07,QUEBRADA HONDA,004,QUEBRADA HONDA,18,51,68,25,28,36.32
18,PUERTO PLATA,02,ALTAMIRA,01,ALTAMIRA,07,QUEBRADA HONDA,003,CUESTA DEL MATE,2,2,3,0,0,57.14
18,PUERTO PLATA,02,ALTAMIRA,01,ALTAMIRA,07,QUEBRADA HONDA,008,LOS ARROYOS,1,2,0,1,6,30
18,PUERTO PLATA,02,ALTAMIRA,01,ALTAMIRA,07,QUEBRADA HONDA,010,LOS RINCONES,3,0,2,0,0,60
18,PUERTO PLATA,02,ALTAMIRA,02,RÍO GRANDE (D. M.).,05,RANCHO ARRIBA,006,LOS POMOS,0,0,0,0,2,0
18,PUERTO PLATA,02,ALTAMIRA,02,RÍO GRANDE (D. M.).,05,RANCHO ARRIBA,001,EL ALMACÉN,23,25,2,1,0,94.12
18,PUERTO PLATA,02,ALTAMIRA,02,RÍO GRANDE (D. M.).,05,RANCHO ARRIBA,011,ALTO DE LA JAGUA,19,1,0,0,0,100
18,PUERTO PLATA,02,ALTAMIRA,01,ALTAMIRA,03,ESCALERA,012,EL SALTO,0,0,0,0,2,0
18,PUERTO PLATA,02,ALTAMIRA,01,ALTAMIRA,03,ESCALERA,013,EL COROZO,9,8,0,0,9,65.38
18,PUERTO PLATA,02,ALTAMIRA,01,ALTAMIRA,03,ESCALERA,011,LA MANACLA,24,19,3,0,8,79.63
18,PUERTO PLATA,02,ALTAMIRA,01,ALTAMIRA,03,ESCALERA,004,CRUZ DE MANACLAS,10,8,0,0,7,72
18,PUERTO PLATA,02,ALTAMIRA,01,ALTAMIRA,03,ESCALERA,010,EL MACAO,13,13,0,0,9,74.29
18,PUERTO PLATA,02,ALTAMIRA,02,RÍO GRANDE (D. M.).,06,PESCADO BOBO ARRIBA,009,BOCA DE RÍO BLANCO,17,2,0,0,6,76
18,PUERTO PLATA,02,ALTAMIRA,02,RÍO GRANDE (D. M.).,05,RANCHO ARRIBA,003,PIES JAGUA,1,0,0,0,23,4.17
18,PUERTO PLATA,02,ALTAMIRA,01,ALTAMIRA,03,ESCALERA,006,GAJO DE LA CRUZ,22,15,0,0,2,94.87
18,PUERTO PLATA,02,ALTAMIRA,01,ALTAMIRA,03,ESCALERA,007,ALTO DE LOS LIMONES,0,0,0,0,2,0
18,PUERTO PLATA,02,ALTAMIRA,02,RÍO GRANDE (D. M.).,06,PESCADO BOBO ARRIBA,011,LA JAGUA,13,0,0,0,7,65
18,PUERTO PLATA,02,ALTAMIRA,02,RÍO GRANDE (D. M.).,06,PESCADO BOBO ARRIBA,003,EL CRUCE,9,7,0,0,25,39.02
18,PUERTO PLATA,02,ALTAMIRA,02,RÍO GRANDE (D. M.).,06,PESCADO BOBO ARRIBA,005,LA GOTERA,3,0,0,0,2,60
18,PUERTO PLATA,02,ALTAMIRA,02,RÍO GRANDE (D. M.).,06,PESCADO BOBO ARRIBA,006,LA DESCUBIERTA,17,5,0,0,2,91.67
18,PUERTO PLATA,02,ALTAMIRA,02,RÍO GRANDE (D. M.).,06,PESCADO BOBO ARRIBA,008,LAS PAREDES,55,1,0,0,7,88.89
18,PUERTO PLATA,02,ALTAMIRA,02,RÍO GRANDE (D. M.).,06,PESCADO BOBO ARRIBA,007,LAS LAGUNITAS,7,0,0,0,5,58.33
18,PUERTO PLATA,02,ALTAMIRA,01,ALTAMIRA,06,PALMAR GRANDE,009,LOS BONILLA,35,28,4,0,7,85.14
18,PUERTO PLATA,02,ALTAMIRA,01,ALTAMIRA,06,PALMAR GRANDE,010,BELLACO,65,73,21,4,65,60.53
18,PUERTO PLATA,02,ALTAMIRA,01,ALTAMIRA,06,PALMAR GRANDE,011,POZO PRIETO,28,23,4,1,19,68
18,PUERTO PLATA,02,ALTAMIRA,01,ALTAMIRA,06,PALMAR GRANDE,001,BOCA DE RÍO GRANDE,4,0,0,0,2,66.67
18,PUERTO PLATA,02,ALTAMIRA,01,ALTAMIRA,06,PALMAR GRANDE,002,LOS COLINFRE,63,14,1,0,24,75.49
18,PUERTO PLATA,02,ALTAMIRA,01,ALTAMIRA,06,PALMAR GRANDE,005,LOS MIESES,17,38,18,5,4,67.07
18,PUERTO PLATA,02,ALTAMIRA,01,ALTAMIRA,02,EL MAMEY,003,LA CATALINA,13,37,18,2,16,58.14
18,PUERTO PLATA,02,ALTAMIRA,01,ALTAMIRA,02,EL MAMEY,004,EL MAMEY,19,40,22,2,7,65.56
18,PUERTO PLATA,02,ALTAMIRA,01,ALTAMIRA,02,EL MAMEY,005,LA CUMBRE,31,36,3,0,12,81.71
18,PUERTO PLATA,02,ALTAMIRA,01,ALTAMIRA,03,ESCALERA,001,LA CRUZ DE ESCALERA ABAJO,20,38,5,0,9,80.56
18,PUERTO PLATA,02,ALTAMIRA,01,ALTAMIRA,03,ESCALERA,002,PALO BLANCO,1,3,0,0,3,57.14
18,PUERTO PLATA,02,ALTAMIRA,01,ALTAMIRA,03,ESCALERA,014,ESCALERA ARRIBA,43,43,2,0,12,86
18,PUERTO PLATA,02,ALTAMIRA,01,ALTAMIRA,03,ESCALERA,005,CEMENTERIO,7,3,0,0,6,62.5
18,PUERTO PLATA,02,ALTAMIRA,01,ALTAMIRA,03,ESCALERA,003,HUEVITO,17,22,4,0,11,72.22
18,PUERTO PLATA,02,ALTAMIRA,02,RÍO GRANDE (D. M.).,04,RÍO GRANDE ARRIBA,008,RANCHO VIEJO,10,26,2,0,9,76.6
18,PUERTO PLATA,02,ALTAMIRA,02,RÍO GRANDE (D. M.).,04,RÍO GRANDE ARRIBA,004,LOS MANGOS,22,8,3,1,0,88.24
18,PUERTO PLATA,02,ALTAMIRA,01,ALTAMIRA,05,LOS LLANOS,006,EL GUAYABO,5,15,14,7,6,42.55
18,PUERTO PLATA,02,ALTAMIRA,01,ALTAMIRA,05,LOS LLANOS,004,PALMA PICADA,12,8,2,0,0,90.91
18,PUERTO PLATA,08,VILLA ISABELA,01,VILLA ISABELA,02,LAGUNA GRANDE,002,GUACONEJAL,18,61,27,1,18,63.2
18,PUERTO PLATA,02,ALTAMIRA,02,RÍO GRANDE (D. M.).,02,RÍO GRANDE ABAJO,007,LA ATRAVEZADA,25,19,2,1,14,72.13
18,PUERTO PLATA,02,ALTAMIRA,01,ALTAMIRA,06,PALMAR GRANDE,015,AGUA LARGA,12,4,1,0,0,94.12
18,PUERTO PLATA,02,ALTAMIRA,02,RÍO GRANDE (D. M.).,06,PESCADO BOBO ARRIBA,010,LOS CARABALLO,36,6,0,0,11,79.25
18,PUERTO PLATA,08,VILLA ISABELA,02,ESTERO HONDO (D. M.).,03,RANCHO MANUEL,003,GREGORIO,1,10,4,1,4,55
18,PUERTO PLATA,08,VILLA ISABELA,02,ESTERO HONDO (D. M.).,03,RANCHO MANUEL,001,RANCHO MANUEL,16,40,25,2,21,53.85
18,PUERTO PLATA,08,VILLA ISABELA,03,LA JAIBA (D. M.).,02,LA JAIBA,014,RANCHO MANUEL (PARTE),0,0,0,0,3,0
18,PUERTO PLATA,08,VILLA ISABELA,03,LA JAIBA (D. M.).,02,LA JAIBA,008,PALO DE LECHE,1,0,0,0,4,20
18,PUERTO PLATA,08,VILLA ISABELA,01,VILLA ISABELA,02,LAGUNA GRANDE,012,LA ROTONDA,0,8,6,0,16,26.67
18,PUERTO PLATA,02,ALTAMIRA,02,RÍO GRANDE (D. M.).,05,RANCHO ARRIBA,007,LA VEREDA,10,1,0,0,5,68.75
18,PUERTO PLATA,08,VILLA ISABELA,03,LA JAIBA (D. M.).,02,LA JAIBA,004,BETEL (ANTES GRAN DIABLO),14,40,11,1,36,52.94
18,PUERTO PLATA,08,VILLA ISABELA,02,ESTERO HONDO (D. M.).,03,RANCHO MANUEL,007,EL PATO,0,0,0,0,7,0
18,PUERTO PLATA,02,ALTAMIRA,02,RÍO GRANDE (D. M.).,02,RÍO GRANDE ABAJO,001,LOS ALTOS,21,7,1,0,16,62.22
18,PUERTO PLATA,02,ALTAMIRA,02,RÍO GRANDE (D. M.).,02,RÍO GRANDE ABAJO,003,EL BAMBÚ,9,8,1,0,5,73.91
18,PUERTO PLATA,02,ALTAMIRA,02,RÍO GRANDE (D. M.).,02,RÍO GRANDE ABAJO,006,PUEBLO CHICO,7,1,0,0,13,38.1
18,PUERTO PLATA,02,ALTAMIRA,02,RÍO GRANDE (D. M.).,02,RÍO GRANDE ABAJO,004,EL CUMBÍ,4,16,5,4,3,62.5
18,PUERTO PLATA,02,ALTAMIRA,02,RÍO GRANDE (D. M.).,02,RÍO GRANDE ABAJO,002,RÍO GRANDE ABAJO,43,51,18,4,11,74.02
18,PUERTO PLATA,02,ALTAMIRA,02,RÍO GRANDE (D. M.).,03,RÍO GRANDE AL MEDIO,004,LOS PICOS ABAJO,2,1,0,0,0,100
18,PUERTO PLATA,02,ALTAMIRA,02,RÍO GRANDE (D. M.).,04,RÍO GRANDE ARRIBA,005,LOS PICOS ARRIBA,11,1,1,0,9,54.55
18,PUERTO PLATA,02,ALTAMIRA,02,RÍO GRANDE (D. M.).,06,PESCADO BOBO ARRIBA,015,LOS MILLONES,11,23,1,0,0,97.14
18,PUERTO PLATA,02,ALTAMIRA,02,RÍO GRANDE (D. M.).,06,PESCADO BOBO ARRIBA,012,PESCADO BOBO ABAJO,1,3,0,0,0,100
18,PUERTO PLATA,02,ALTAMIRA,02,RÍO GRANDE (D. M.).,04,RÍO GRANDE ARRIBA,006,LOS NARANJOS,3,3,0,0,0,100
18,PUERTO PLATA,02,ALTAMIRA,02,RÍO GRANDE (D. M.).,04,RÍO GRANDE ARRIBA,007,RÍO GRANDE ARRIBA,18,27,6,2,10,71.43
18,PUERTO PLATA,02,ALTAMIRA,02,RÍO GRANDE (D. M.).,05,RANCHO ARRIBA,004,LA SABANETA,0,0,0,0,5,0
18,PUERTO PLATA,02,ALTAMIRA,02,RÍO GRANDE (D. M.).,05,RANCHO ARRIBA,002,ARROYO EL CLAVO,26,40,4,0,17,75.86
18,PUERTO PLATA,02,ALTAMIRA,02,RÍO GRANDE (D. M.).,05,RANCHO ARRIBA,005,EL GUAYABO,1,0,0,0,0,100
18,PUERTO PLATA,02,ALTAMIRA,02,RÍO GRANDE (D. M.).,05,RANCHO ARRIBA,012,EL RÍO ABAJO,5,0,0,0,17,22.73
18,PUERTO PLATA,02,ALTAMIRA,02,RÍO GRANDE (D. M.).,05,RANCHO ARRIBA,010,ALTO DE BOHÍO,8,2,0,0,0,100
18,PUERTO PLATA,02,ALTAMIRA,02,RÍO GRANDE (D. M.).,03,RÍO GRANDE AL MEDIO,003,DOMINGO MIGUEL,1,1,0,0,6,25
18,PUERTO PLATA,02,ALTAMIRA,02,RÍO GRANDE (D. M.).,06,PESCADO BOBO ARRIBA,004,BAJABONIQUITO  O BAJABONOQUITO,15,16,0,0,4,88.57
18,PUERTO PLATA,02,ALTAMIRA,02,RÍO GRANDE (D. M.).,06,PESCADO BOBO ARRIBA,013,PESCADO BOBO ARRIBA,0,1,0,0,0,100
18,PUERTO PLATA,02,ALTAMIRA,01,ALTAMIRA,06,PALMAR GRANDE,006,PALMAR GRANDE,24,64,28,4,65,47.57
18,PUERTO PLATA,02,ALTAMIRA,01,ALTAMIRA,06,PALMAR GRANDE,003,HERVIDOR,25,14,2,0,0,95.12
18,PUERTO PLATA,02,ALTAMIRA,01,ALTAMIRA,03,ESCALERA,015,ESCALERA ABAJO,11,9,1,0,0,95.24
18,PUERTO PLATA,02,ALTAMIRA,01,ALTAMIRA,03,ESCALERA,008,PALMA DE LOS HIERROS,0,1,0,0,3,25
18,PUERTO PLATA,02,ALTAMIRA,01,ALTAMIRA,03,ESCALERA,009,CABEZA DE RÍO GRANDE,2,0,0,0,0,100
18,PUERTO PLATA,02,ALTAMIRA,01,ALTAMIRA,02,EL MAMEY,002,RANCHO NUEVO,19,31,10,2,6,73.53
18,PUERTO PLATA,02,ALTAMIRA,01,ALTAMIRA,07,QUEBRADA HONDA,005,LOS FEFINOS,9,32,31,17,26,35.65
18,PUERTO PLATA,02,ALTAMIRA,01,ALTAMIRA,06,PALMAR GRANDE,004,LOS UVEROS,37,28,4,3,12,77.38
18,PUERTO PLATA,02,ALTAMIRA,01,ALTAMIRA,06,PALMAR GRANDE,007,LA ATRAVESADA,1,6,0,0,0,100
18,PUERTO PLATA,09,VILLA MONTELLANO,01,VILLA MONTELLANO,03,BOCA NUEVA,001,BOCA NUEVA,0,3,5,3,0,27.27
18,PUERTO PLATA,09,VILLA MONTELLANO,01,VILLA MONTELLANO,04,CANGREJO,002,BOCA O PLAYA DE CANGREJO,4,19,27,10,7,34.33
18,PUERTO PLATA,09,VILLA MONTELLANO,01,VILLA MONTELLANO,05,CARABALLO,004,PANCHO MATEO,133,378,320,182,267,39.92
18,PUERTO PLATA,09,VILLA MONTELLANO,01,VILLA MONTELLANO,05,CARABALLO,003,NEGRO MELO,16,21,3,0,2,88.1
18,PUERTO PLATA,09,VILLA MONTELLANO,01,VILLA MONTELLANO,05,CARABALLO,001,CARABALLO,124,188,66,18,43,71.07
18,PUERTO PLATA,09,VILLA MONTELLANO,01,VILLA MONTELLANO,05,CARABALLO,002,SABANA DE LOS MUERTOS,20,22,6,0,0,87.5
18,PUERTO PLATA,09,VILLA MONTELLANO,01,VILLA MONTELLANO,06,LOS CIRUELOS,001,ATOLLADOR,12,27,27,11,6,46.99
18,PUERTO PLATA,09,VILLA MONTELLANO,01,VILLA MONTELLANO,06,LOS CIRUELOS,003,LA GRAN PARADA,20,91,102,80,25,34.91
18,PUERTO PLATA,09,VILLA MONTELLANO,01,VILLA MONTELLANO,06,LOS CIRUELOS,002,ALTO DE CIRIACO (ALTO DE SIRIACO) O LOS CIRUELOS,23,139,168,145,28,32.21
18,PUERTO PLATA,09,VILLA MONTELLANO,01,VILLA MONTELLANO,06,LOS CIRUELOS,004,KM. 12,19,68,115,75,23,29
18,PUERTO PLATA,09,VILLA MONTELLANO,01,VILLA MONTELLANO,06,LOS CIRUELOS,005,KM. 13,7,43,47,19,7,40.65
18,PUERTO PLATA,03,GUANANICO,01,GUANANICO,06,PARADERO,001,PARADERO,6,1,0,0,6,53.85
18,PUERTO PLATA,03,GUANANICO,01,GUANANICO,02,FUNDACIÓN,002,GAJO ALTO,7,19,10,1,20,45.61
18,PUERTO PLATA,03,GUANANICO,01,GUANANICO,07,RANCHO VIEJO,004,GURABO,21,23,7,4,16,61.97
18,PUERTO PLATA,03,GUANANICO,01,GUANANICO,05,HOYA GRANDE,005,LA DAMAJAGUA,1,0,0,0,5,16.67
18,PUERTO PLATA,08,VILLA ISABELA,04,GUALETE (D. M.).,02,GUALETE,012,LA BAJADA,7,3,1,0,11,45.45
18,PUERTO PLATA,08,VILLA ISABELA,04,GUALETE (D. M.).,02,GUALETE,007,LA CAOBANA,3,6,5,0,0,64.29
18,PUERTO PLATA,08,VILLA ISABELA,04,GUALETE (D. M.).,02,GUALETE,015,GURABO,1,1,0,0,0,100
18,PUERTO PLATA,08,VILLA ISABELA,04,GUALETE (D. M.).,02,GUALETE,009,GUALETE ARRIBA,13,27,9,2,28,50.63
18,PUERTO PLATA,08,VILLA ISABELA,04,GUALETE (D. M.).,02,GUALETE,016,LA CEIBITA,0,0,0,0,2,0
18,PUERTO PLATA,08,VILLA ISABELA,04,GUALETE (D. M.).,02,GUALETE,002,GUALETE AL MEDIO,12,28,16,1,19,52.63
18,PUERTO PLATA,08,VILLA ISABELA,04,GUALETE (D. M.).,02,GUALETE,006,LOMA DE LA CAYA,0,0,0,0,3,0
18,PUERTO PLATA,08,VILLA ISABELA,04,GUALETE (D. M.).,02,GUALETE,011,GUALETE ABAJO,15,22,3,2,3,82.22
18,PUERTO PLATA,08,VILLA ISABELA,04,GUALETE (D. M.).,02,GUALETE,003,LOMA DE LOS GURABO,19,3,0,0,2,91.67
18,PUERTO PLATA,03,GUANANICO,01,GUANANICO,03,LA ALTAGRACIA,003,RINCÓN CALIENTE ABAJO,3,0,1,0,0,75
18,PUERTO PLATA,03,GUANANICO,01,GUANANICO,05,HOYA GRANDE,003,VISTA ALEGRE,3,1,0,0,0,100
18,PUERTO PLATA,03,GUANANICO,01,GUANANICO,06,PARADERO,002,PASO DE LA JAGUA,8,7,0,0,6,71.43
18,PUERTO PLATA,03,GUANANICO,01,GUANANICO,06,PARADERO,005,LOMA DE GUANANICO,2,2,0,0,0,100
18,PUERTO PLATA,03,GUANANICO,01,GUANANICO,06,PARADERO,003,LA CAMPANA,0,3,0,0,0,100
18,PUERTO PLATA,03,GUANANICO,01,GUANANICO,04,LA CABIRMA,002,EL TALADO,5,3,1,0,1,80
18,PUERTO PLATA,03,GUANANICO,01,GUANANICO,03,LA ALTAGRACIA,001,LA PIRAGUA,7,10,3,0,15,48.57
18,PUERTO PLATA,03,GUANANICO,01,GUANANICO,02,FUNDACIÓN,006,PASO SECO (ARROYO SECO),23,37,14,7,12,64.52
18,PUERTO PLATA,03,GUANANICO,01,GUANANICO,02,FUNDACIÓN,003,PASO DE LOS BURROS,21,16,7,1,10,67.27
18,PUERTO PLATA,03,GUANANICO,01,GUANANICO,02,FUNDACIÓN,005,CERRO GORDO,1,0,0,0,2,33.33
18,PUERTO PLATA,03,GUANANICO,01,GUANANICO,03,LA ALTAGRACIA,006,LOS MINAYA,13,8,2,0,6,72.41
18,PUERTO PLATA,03,GUANANICO,01,GUANANICO,03,LA ALTAGRACIA,008,SABANA DE LOS MUERTOS,2,14,7,0,8,51.61
18,PUERTO PLATA,03,GUANANICO,01,GUANANICO,03,LA ALTAGRACIA,007,ARROYO VIEJITO,23,42,14,15,12,61.32
18,PUERTO PLATA,03,GUANANICO,01,GUANANICO,04,LA CABIRMA,003,LOS HOYOS,4,1,0,0,0,100
18,PUERTO PLATA,03,GUANANICO,01,GUANANICO,04,LA CABIRMA,001,LA CABIRMA,9,3,1,0,4,70.59
18,PUERTO PLATA,03,GUANANICO,01,GUANANICO,03,LA ALTAGRACIA,004,AGUA LARGA,33,36,21,5,7,67.65
18,PUERTO PLATA,03,GUANANICO,01,GUANANICO,07,RANCHO VIEJO,001,RANCHO VIEJO,13,25,20,9,13,47.5
18,PUERTO PLATA,03,GUANANICO,01,GUANANICO,07,RANCHO VIEJO,003,PALO DE GUERRA,53,54,12,2,18,76.98
18,PUERTO PLATA,03,GUANANICO,01,GUANANICO,07,RANCHO VIEJO,002,PALO AMARILLO,30,33,19,3,5,70
18,PUERTO PLATA,03,GUANANICO,01,GUANANICO,02,FUNDACIÓN,001,FUNDACIÓN,22,73,43,7,8,62.09
18,PUERTO PLATA,03,GUANANICO,01,GUANANICO,05,HOYA GRANDE,004,LAS HOYAS,22,29,9,3,7,72.86
18,PUERTO PLATA,03,GUANANICO,01,GUANANICO,02,FUNDACIÓN,007,LA CUCHARETA,3,0,0,0,0,100
18,PUERTO PLATA,03,GUANANICO,01,GUANANICO,05,HOYA GRANDE,001,HOYA GRANDE,9,8,1,2,4,70.83
18,PUERTO PLATA,08,VILLA ISABELA,04,GUALETE (D. M.).,02,GUALETE,004,GUALETICO,6,9,4,1,27,31.91
18,PUERTO PLATA,08,VILLA ISABELA,04,GUALETE (D. M.).,02,GUALETE,008,GRAN DIABLO,2,3,2,0,1,62.5
18,PUERTO PLATA,09,VILLA MONTELLANO,01,VILLA MONTELLANO,02,ARROYO DE LECHE,001,ARROYO DE LECHE ABAJO,33,29,2,0,11,82.67
18,PUERTO PLATA,09,VILLA MONTELLANO,01,VILLA MONTELLANO,02,ARROYO DE LECHE,007,LOS PAJONES,5,8,0,0,19,40.62
18,PUERTO PLATA,09,VILLA MONTELLANO,01,VILLA MONTELLANO,02,ARROYO DE LECHE,003,BRACITOS,6,4,0,0,2,83.33
18,PUERTO PLATA,09,VILLA MONTELLANO,01,VILLA MONTELLANO,02,ARROYO DE LECHE,002,ARROYO DE LECHE ARRIBA,22,17,2,0,2,90.7
18,PUERTO PLATA,07,SOSÚA,01,SOSÚA,03,SABANETA DE CANGREJOS,006,BELLA VISTA,22,118,212,24,58,32.26
18,PUERTO PLATA,07,SOSÚA,01,SOSÚA,02,MADRE VIEJA,005,LA LAGUNA,11,10,1,0,6,75
18,PUERTO PLATA,07,SOSÚA,01,SOSÚA,02,MADRE VIEJA,008,LA PELOTA,1,0,0,0,0,100
18,PUERTO PLATA,07,SOSÚA,01,SOSÚA,03,SABANETA DE CANGREJOS,007,EL HIGÜERO,11,19,33,7,42,26.79
18,PUERTO PLATA,07,SOSÚA,03,SABANETA DE YÁSICA (D. M.).,02,SABANETA DE YÁSICA,003,EL ASERRADERO  DEL CHOCO (PARTE),0,1,1,0,10,8.33
18,PUERTO PLATA,07,SOSÚA,03,SABANETA DE YÁSICA (D. M.).,02,SABANETA DE YÁSICA,002,PALO AMARILLO,8,38,47,15,48,29.49
18,PUERTO PLATA,07,SOSÚA,03,SABANETA DE YÁSICA (D. M.).,03,LOS CANTABILLOS,003,LOS CANTABILLOS,4,6,5,0,15,33.33
18,PUERTO PLATA,07,SOSÚA,01,SOSÚA,02,MADRE VIEJA,010,ARROYO LLANO,0,1,0,0,5,16.67
18,PUERTO PLATA,07,SOSÚA,01,SOSÚA,02,MADRE VIEJA,007,RÍO ARRIBA,3,0,1,0,7,27.27
18,PUERTO PLATA,07,SOSÚA,01,SOSÚA,02,MADRE VIEJA,001,LA MONTEADA,12,6,3,0,8,62.07
18,PUERTO PLATA,07,SOSÚA,01,SOSÚA,02,MADRE VIEJA,003,EL GUÁZARO,3,2,2,0,10,29.41
18,PUERTO PLATA,07,SOSÚA,01,SOSÚA,02,MADRE VIEJA,002,LENGUA DE VACA,9,0,0,0,8,52.94
18,PUERTO PLATA,07,SOSÚA,01,SOSÚA,02,MADRE VIEJA,011,JOZADEROS (HOZADEROS),14,3,0,0,2,89.47
18,PUERTO PLATA,07,SOSÚA,01,SOSÚA,03,SABANETA DE CANGREJOS,016,SABANETA DE CANGREJOS,70,262,384,156,244,29.75
18,PUERTO PLATA,07,SOSÚA,01,SOSÚA,03,SABANETA DE CANGREJOS,015,LA UNIÓN,30,211,551,471,574,13.12
18,PUERTO PLATA,07,SOSÚA,01,SOSÚA,03,SABANETA DE CANGREJOS,002,ARROYO SECO,14,76,45,4,36,51.43
18,PUERTO PLATA,07,SOSÚA,01,SOSÚA,03,SABANETA DE CANGREJOS,003,LA MULATA,0,0,2,0,0,0
18,PUERTO PLATA,07,SOSÚA,01,SOSÚA,03,SABANETA DE CANGREJOS,008,LA PARED,0,0,1,0,14,0
18,PUERTO PLATA,07,SOSÚA,01,SOSÚA,03,SABANETA DE CANGREJOS,014,ALTO DE LOS CASTILLOS,8,96,167,70,216,18.67
18,PUERTO PLATA,07,SOSÚA,01,SOSÚA,03,SABANETA DE CANGREJOS,013,LOMA BAJITA,55,220,447,56,208,27.89
18,PUERTO PLATA,07,SOSÚA,01,SOSÚA,03,SABANETA DE CANGREJOS,012,LOMA BLANCA,7,3,3,0,69,12.2
18,PUERTO PLATA,07,SOSÚA,01,SOSÚA,03,SABANETA DE CANGREJOS,009,EL GUANO,3,11,7,0,4,56
18,PUERTO PLATA,07,SOSÚA,02,CABARETE (D. M.).,02,LA CATALINA,003,LOS ASERRADEROS DEL CHOCO (PARTE),16,18,2,0,13,69.39
18,PUERTO PLATA,07,SOSÚA,02,CABARETE (D. M.).,02,LA CATALINA,007,LA CATALINA,7,23,6,1,19,53.57
18,PUERTO PLATA,07,SOSÚA,02,CABARETE (D. M.).,02,LA CATALINA,004,MANGO FRESCO (PARTE),25,4,0,0,0,100
18,PUERTO PLATA,07,SOSÚA,02,CABARETE (D. M.).,02,LA CATALINA,001,LOS CACAOS,5,7,1,0,139,7.89
18,PUERTO PLATA,07,SOSÚA,01,SOSÚA,02,MADRE VIEJA,004,JAGUA MOCHA O LAS ESPINAS,8,20,4,0,15,59.57
18,PUERTO PLATA,07,SOSÚA,02,CABARETE (D. M.).,03,LA GOLETA,004,BOMBITA,15,18,20,13,0,50
18,PUERTO PLATA,07,SOSÚA,02,CABARETE (D. M.).,03,LA GOLETA,001,LA GOLETA 1,0,2,1,1,36,5
18,PUERTO PLATA,07,SOSÚA,01,SOSÚA,03,SABANETA DE CANGREJOS,010,SOSÚA ABAJO,41,147,222,98,183,27.21
18,PUERTO PLATA,07,SOSÚA,02,CABARETE (D. M.).,03,LA GOLETA,006,ESLABÓN O ISLABÓN,18,123,157,22,124,31.76
18,PUERTO PLATA,07,SOSÚA,03,SABANETA DE YÁSICA (D. M.).,03,LOS CANTABILLOS,001,LA HICOTEA,6,14,10,1,20,39.22
18,PUERTO PLATA,07,SOSÚA,01,SOSÚA,03,SABANETA DE CANGREJOS,017,MARANATHA,38,163,234,66,96,33.67
18,PUERTO PLATA,07,SOSÚA,01,SOSÚA,03,SABANETA DE CANGREJOS,011,EL VALEDOR,7,17,36,4,0,37.5
18,PUERTO PLATA,07,SOSÚA,01,SOSÚA,03,SABANETA DE CANGREJOS,004,HIGOS CLAROS,0,0,0,0,8,0
18,PUERTO PLATA,07,SOSÚA,02,CABARETE (D. M.).,02,LA CATALINA,002,EL CHOCO,1,2,1,0,0,75
18,PUERTO PLATA,07,SOSÚA,02,CABARETE (D. M.).,03,LA GOLETA,003,LA CIÉNAGA,119,425,428,115,369,37.36
18,PUERTO PLATA,07,SOSÚA,02,CABARETE (D. M.).,03,LA GOLETA,002,LA GOLETA 2,1,3,2,0,4,40
18,PUERTO PLATA,07,SOSÚA,01,SOSÚA,02,MADRE VIEJA,012,LOS GUAOS,3,0,0,0,2,60
18,PUERTO PLATA,07,SOSÚA,02,CABARETE (D. M.).,02,LA CATALINA,005,LA MULATA (PARTE),0,2,2,0,0,50
18,PUERTO PLATA,09,VILLA MONTELLANO,01,VILLA MONTELLANO,07,MOZAVÍ,001,MOZAVÍ ARRIBA,0,5,0,0,0,100
18,PUERTO PLATA,09,VILLA MONTELLANO,01,VILLA MONTELLANO,07,MOZAVÍ,004,LA BÚCARA,2,7,0,0,6,60
18,PUERTO PLATA,09,VILLA MONTELLANO,01,VILLA MONTELLANO,07,MOZAVÍ,005,LA MUNICIÓN,1,0,0,0,2,33.33
18,PUERTO PLATA,09,VILLA MONTELLANO,01,VILLA MONTELLANO,07,MOZAVÍ,009,LOMA BLANCA,14,5,0,0,0,100
18,PUERTO PLATA,09,VILLA MONTELLANO,01,VILLA MONTELLANO,07,MOZAVÍ,007,LA PIEDRA,28,14,1,1,2,91.3
18,PUERTO PLATA,09,VILLA MONTELLANO,01,VILLA MONTELLANO,07,MOZAVÍ,003,LA CANA,4,0,0,0,0,100
18,PUERTO PLATA,09,VILLA MONTELLANO,01,VILLA MONTELLANO,07,MOZAVÍ,006,SEVERÉ,17,15,4,0,1,86.49
18,PUERTO PLATA,09,VILLA MONTELLANO,01,VILLA MONTELLANO,07,MOZAVÍ,002,MOZAVÍ ABAJO,30,90,58,13,6,60.91
18,PUERTO PLATA,07,SOSÚA,01,SOSÚA,03,SABANETA DE CANGREJOS,001,LA MUNCIÓN,3,0,0,0,0,100
18,PUERTO PLATA,07,SOSÚA,03,SABANETA DE YÁSICA (D. M.).,02,SABANETA DE YÁSICA,001,SABANETA DE YÁSICA,0,10,17,9,42,12.82
18,PUERTO PLATA,09,VILLA MONTELLANO,01,VILLA MONTELLANO,04,CANGREJO,001,CANGREJO,84,158,110,47,79,50.63
18,PUERTO PLATA,03,GUANANICO,01,GUANANICO,03,LA ALTAGRACIA,005,LA MARIPOSA,16,42,38,18,0,50.88
18,PUERTO PLATA,02,ALTAMIRA,01,ALTAMIRA,05,LOS LLANOS,008,LA SIERRA,5,1,7,4,11,21.43
18,PUERTO PLATA,02,ALTAMIRA,01,ALTAMIRA,05,LOS LLANOS,003,LA LOMOTA,14,15,5,0,18,55.77
18,PUERTO PLATA,02,ALTAMIRA,02,RÍO GRANDE (D. M.).,05,RANCHO ARRIBA,009,GUAZARAL,10,1,0,0,3,78.57
18,PUERTO PLATA,02,ALTAMIRA,02,RÍO GRANDE (D. M.).,05,RANCHO ARRIBA,008,LOS LIRIOS,25,9,1,0,8,79.07
18,PUERTO PLATA,02,ALTAMIRA,02,RÍO GRANDE (D. M.).,02,RÍO GRANDE ABAJO,005,EL FUNDO,18,38,12,1,1,80
18,PUERTO PLATA,02,ALTAMIRA,02,RÍO GRANDE (D. M.).,03,RÍO GRANDE AL MEDIO,001,LA SABANA,2,5,1,0,21,24.14
18,PUERTO PLATA,02,ALTAMIRA,02,RÍO GRANDE (D. M.).,03,RÍO GRANDE AL MEDIO,002,LAS LOMA DE ABREU,0,1,0,0,12,7.69
18,PUERTO PLATA,07,SOSÚA,02,CABARETE (D. M.).,01,CABARETE,001,CABARETE,50,269,435,67,331,27.69
18,PUERTO PLATA,07,SOSÚA,02,CABARETE (D. M.).,01,CABARETE,002,EL CALLEJON DE LA LOMA,7,40,48,14,0,43.12
18,PUERTO PLATA,08,VILLA ISABELA,04,GUALETE (D. M.).,01,GUALETE,001,GUALETE,39,125,48,5,44,62.84
18,PUERTO PLATA,09,VILLA MONTELLANO,01,VILLA MONTELLANO,01,VILLA MONTELLANO,004,MONTE BRAVO,1,5,14,62,24,5.66
18,PUERTO PLATA,09,VILLA MONTELLANO,01,VILLA MONTELLANO,01,VILLA MONTELLANO,002,JUAN LOCKWARD O NUEVO MONTELLANO,28,138,212,171,86,26.14
18,PUERTO PLATA,09,VILLA MONTELLANO,01,VILLA MONTELLANO,01,VILLA MONTELLANO,003,EL MANGO,138,485,584,394,317,32.48
18,PUERTO PLATA,09,VILLA MONTELLANO,01,VILLA MONTELLANO,01,VILLA MONTELLANO,001,CENTRO DEL PUEBLO (INGENIO MONTELLANO),117,470,670,675,369,25.51
18,PUERTO PLATA,07,SOSÚA,01,SOSÚA,01,SOSÚA,002,EL BATEY,4,107,158,47,13,33.74
18,PUERTO PLATA,07,SOSÚA,01,SOSÚA,01,SOSÚA,001,LOS CHARAMISCOS,55,301,486,248,341,24.88
18,PUERTO PLATA,07,SOSÚA,03,SABANETA DE YÁSICA (D. M.).,01,SABANETA DE YÁSICA,001,CRUCE DE SABANETA,25,138,182,26,105,34.24
18,PUERTO PLATA,07,SOSÚA,03,SABANETA DE YÁSICA (D. M.).,01,SABANETA DE YÁSICA,002,VILLA ISLABÓN,6,33,47,16,44,26.71
18,PUERTO PLATA,07,SOSÚA,03,SABANETA DE YÁSICA (D. M.).,01,SABANETA DE YÁSICA,003,VERDÚM,2,13,24,1,56,15.62
18,PUERTO PLATA,02,ALTAMIRA,01,ALTAMIRA,01,ALTAMIRA,004,LOS ARROYOS,17,56,60,47,65,29.8
18,PUERTO PLATA,02,ALTAMIRA,01,ALTAMIRA,01,ALTAMIRA,002,CENTRO DEL PUEBLO,46,134,183,181,91,28.35
18,PUERTO PLATA,02,ALTAMIRA,01,ALTAMIRA,01,ALTAMIRA,001,LA PIEDRA,9,46,80,63,68,20.68
18,PUERTO PLATA,02,ALTAMIRA,01,ALTAMIRA,01,ALTAMIRA,003,EL JAMO,27,69,68,44,57,36.23
18,PUERTO PLATA,08,VILLA ISABELA,02,ESTERO HONDO (D. M.).,01,ESTERO HONDO,001,ESTERO HONDO,60,245,149,15,107,52.95
18,PUERTO PLATA,08,VILLA ISABELA,03,LA JAIBA (D. M.).,01,LA JAIBA,001,LA JAIBA,9,33,36,7,4,47.19
18,PUERTO PLATA,08,VILLA ISABELA,03,LA JAIBA (D. M.).,01,LA JAIBA,004,ALTO DE LOS GÓMEZ,10,11,4,2,28,38.18
18,PUERTO PLATA,08,VILLA ISABELA,03,LA JAIBA (D. M.).,01,LA JAIBA,005,PONTEZUELO,3,6,0,0,0,100
18,PUERTO PLATA,08,VILLA ISABELA,03,LA JAIBA (D. M.).,01,LA JAIBA,003,PASO SECO,14,49,31,1,24,52.94
18,PUERTO PLATA,08,VILLA ISABELA,03,LA JAIBA (D. M.).,01,LA JAIBA,002,LA JOYA,9,51,30,4,23,51.28
18,PUERTO PLATA,08,VILLA ISABELA,01,VILLA ISABELA,01,VILLA ISABELA,001,VILLA ISABELA,114,405,433,208,276,36.14
18,PUERTO PLATA,03,GUANANICO,01,GUANANICO,01,GUANANICO,001,LA ALTAGRACIA,49,103,110,74,74,37.07
18,PUERTO PLATA,02,ALTAMIRA,02,RÍO GRANDE (D. M.).,01,RÍO GRANDE,001,RÍO GRANDE,48,84,27,7,50,61.11
18,PUERTO PLATA,03,GUANANICO,01,GUANANICO,01,GUANANICO,003,EL LAUREL,18,52,74,47,47,29.41
18,PUERTO PLATA,03,GUANANICO,01,GUANANICO,01,GUANANICO,002,RINCÓN CALIENTE,67,132,93,39,59,51.03
18,PUERTO PLATA,03,GUANANICO,01,GUANANICO,03,LA ALTAGRACIA,002,MONTE GORDO,30,35,26,5,9,61.9
18,PUERTO PLATA,06,LUPERÓN,02,LA ISABELA (D. M.).,01,LA ISABELA,001,LA ISABELA,17,46,53,16,30,38.89
18,PUERTO PLATA,07,SOSÚA,03,SABANETA DE YÁSICA (D. M.).,03,LOS CANTABILLOS,002,CUESTA BARROSA,13,87,96,13,97,32.68
13,LA VEGA,03,JARABACOA,01,JARABACOA,01,JARABACOA,030,EL FLORÓN (FLORDOM),0,0,0,0,0,0
13,LA VEGA,02,CONSTANZA,02,TIREO (D. M.).,07,TIREO ABAJO,012,ARROYO YAYA,0,0,0,0,0,0
13,LA VEGA,02,CONSTANZA,02,TIREO (D. M.).,07,TIREO ABAJO,011,MONTELLANO,0,0,0,0,0,0
13,LA VEGA,02,CONSTANZA,02,TIREO (D. M.).,07,TIREO ABAJO,009,LA PLAYA,0,0,0,0,0,0
13,LA VEGA,02,CONSTANZA,02,TIREO (D. M.).,07,TIREO ABAJO,008,LOS AMACEYES,0,0,0,0,0,0
13,LA VEGA,02,CONSTANZA,02,TIREO (D. M.).,07,TIREO ABAJO,005,LA NOVILLA,0,0,0,0,0,0
13,LA VEGA,02,CONSTANZA,02,TIREO (D. M.).,06,EL RÍO,011,ARENOSITO O ARENOSO ARRIBA,0,0,0,0,0,0
13,LA VEGA,02,CONSTANZA,02,TIREO (D. M.).,06,EL RÍO,009,EL POMITO,0,0,0,0,0,0
13,LA VEGA,03,JARABACOA,01,JARABACOA,06,JUMUNUCO,002,ARROYO BONITO,0,0,0,0,0,0
13,LA VEGA,03,JARABACOA,01,JARABACOA,08,PASO BAJITO,009,LA PEÑA,0,0,0,0,0,0
13,LA VEGA,03,JARABACOA,01,JARABACOA,08,PASO BAJITO,007,LA GOLONDRINA,0,0,0,0,0,0
13,LA VEGA,03,JARABACOA,01,JARABACOA,04,ESTANCITA,009,LAS TARANAS,0,0,0,0,0,0
13,LA VEGA,02,CONSTANZA,02,TIREO (D. M.).,04,LA DESCUBIERTA,005,JIMA,0,0,0,0,0,0
13,LA VEGA,03,JARABACOA,01,JARABACOA,04,ESTANCITA,008,LOS HOYITOS,0,0,0,0,0,0
13,LA VEGA,03,JARABACOA,01,JARABACOA,08,PASO BAJITO,017,LOMA DE LA SAL,0,0,0,0,0,0
13,LA VEGA,03,JARABACOA,01,JARABACOA,05,PEDREGAL,002,OJO DE AGUA,0,0,0,0,0,0
13,LA VEGA,02,CONSTANZA,03,LA SABINA (D. M.).,05,EL CONVENTO,010,SABANA SIN PROVECHO-ALTO BANDERA,0,0,0,0,0,0
13,LA VEGA,02,CONSTANZA,03,LA SABINA (D. M.).,05,EL CONVENTO,011,SABANA QUELIZ,0,0,0,0,0,0
13,LA VEGA,02,CONSTANZA,03,LA SABINA (D. M.).,05,EL CONVENTO,009,VALLECITO O VALLE NUEVO,0,0,0,0,0,0
13,LA VEGA,04,JIMA ABAJO,01,JIMA ABAJO,02,LA FRONTERA,009,PRESA DE RINCÓN,0,0,0,0,0,0
13,LA VEGA,03,JARABACOA,03,MANABAO (D. M.).,03,LA CIÉNAGA,007,EL HIGO,0,0,0,0,0,0
13,LA VEGA,03,JARABACOA,03,MANABAO (D. M.).,04,MANABAO,003,LA JOYA O LA JOYA DEL TETERO,0,0,0,0,0,0
13,LA VEGA,03,JARABACOA,03,MANABAO (D. M.).,03,LA CIÉNAGA,006,EL TETERO,0,0,0,0,0,0
13,LA VEGA,04,JIMA ABAJO,02,RINCÓN (D. M.).,04,JUNUMUCÚ,005,LA BRUJA,0,0,0,0,0,0
13,LA VEGA,01,LA VEGA,01,LA VEGA,15,PONTÓN,009,MIRANDA,0,0,0,0,0,0
13,LA VEGA,03,JARABACOA,03,MANABAO (D. M.).,02,LOS DAJAOS,012,PASO DE LA MAJAGÜITA O LA MARGARITA,0,0,0,0,0,0
13,LA VEGA,03,JARABACOA,03,MANABAO (D. M.).,02,LOS DAJAOS,008,TIESTO DE PLATO O LA COTORRA,0,0,0,0,0,0
13,LA VEGA,03,JARABACOA,03,MANABAO (D. M.).,02,LOS DAJAOS,006,JOSAFA,0,0,0,0,0,0
13,LA VEGA,01,LA VEGA,01,LA VEGA,15,PONTÓN,010,LAS MANACLITAS,0,0,0,0,0,0
13,LA VEGA,01,LA VEGA,01,LA VEGA,15,PONTÓN,008,GUANÁBANO,0,0,0,0,0,0
13,LA VEGA,01,LA VEGA,01,LA VEGA,09,GUAREY,005,ARROYO AMARILLO,0,0,0,0,0,0
13,LA VEGA,02,CONSTANZA,01,CONSTANZA,02,MALDONADO,020,PINAR PAREJO,0,0,0,0,0,0
13,LA VEGA,01,LA VEGA,04,TAVERA (D.M.).,03,LA LLANADA,011,LA CUABA,0,0,0,0,0,0
13,LA VEGA,01,LA VEGA,04,TAVERA (D.M.).,03,LA LLANADA,012,LOS JENGIBRES,0,0,0,0,0,0
13,LA VEGA,01,LA VEGA,04,TAVERA (D.M.).,04,JAGUA GORDA,015,PALERO,0,0,0,0,0,0
13,LA VEGA,01,LA VEGA,04,TAVERA (D.M.).,02,LA JINA HUECA,013,LA COTORRA,0,0,0,0,0,0
13,LA VEGA,02,CONSTANZA,01,CONSTANZA,03,PALERO,003,PINAR BONITO,0,0,0,0,0,0
13,LA VEGA,01,LA VEGA,02,RÍO VERDE ARRIBA (D. M.).,05,EL NARANJAL,004,EL TRANCHE,0,0,0,0,0,0
25,SANTIAGO,07,VILLA GONZÁLEZ,03,EL LIMÓN (D. M.).,02,MACORÍS DEL LIMÓN,008,MATA PUERCOS,0,0,0,0,0,0
25,SANTIAGO,07,VILLA GONZÁLEZ,01,VILLA GONZÁLEZ,03,PALMAR ABAJO,002,EL JAMO,0,0,0,0,0,0
25,SANTIAGO,07,VILLA GONZÁLEZ,01,VILLA GONZÁLEZ,02,LAS LAVAS,003,EL BOQUERÓN,0,0,0,0,0,0
25,SANTIAGO,07,VILLA GONZÁLEZ,03,EL LIMÓN (D. M.).,02,MACORÍS DEL LIMÓN,005,LA AGUAITA,0,0,0,0,0,0
25,SANTIAGO,07,VILLA GONZÁLEZ,01,VILLA GONZÁLEZ,03,PALMAR ABAJO,007,VILLA DUARTE,0,0,0,0,0,0
25,SANTIAGO,07,VILLA GONZÁLEZ,02,PALMAR ARRIBA (D. M.).,02,PALMAR ARRIBA,002,LOMA DE LA LLANADA,0,0,0,0,0,0
25,SANTIAGO,06,TAMBORIL,01,TAMBORIL,04,LAS BOCAS DEL LICEY,002,LOS LICEYES,0,0,0,0,0,0
25,SANTIAGO,06,TAMBORIL,02,CANCA LA PIEDRA (D. M.).,03,LOS AMACEYES ARRIBA,006,EL ALTO,0,0,0,0,0,0
25,SANTIAGO,01,SANTIAGO,02,PEDRO GARCÍA (D. M.).,02,LA  AUYAMA,002,LOS BUEYES,0,0,0,0,0,0
25,SANTIAGO,01,SANTIAGO,02,PEDRO GARCÍA (D. M.).,02,LA  AUYAMA,017,ARROYO ANCHO,0,0,0,0,0,0
25,SANTIAGO,05,SAN JOSÉ DE LAS MATAS,02,EL RUBIO (D. M.).,07,MAGUÁ,008,LA HOYA,0,0,0,0,0,0
25,SANTIAGO,05,SAN JOSÉ DE LAS MATAS,02,EL RUBIO (D. M.).,07,MAGUÁ,009,MAGUÁ ABAJO,0,0,0,0,0,0
25,SANTIAGO,05,SAN JOSÉ DE LAS MATAS,02,EL RUBIO (D. M.).,09,MATA DEL DAJAO,003,LOS CACAOS,0,0,0,0,0,0
25,SANTIAGO,05,SAN JOSÉ DE LAS MATAS,02,EL RUBIO (D. M.).,07,MAGUÁ,007,MAGUÁ AL MEDIO,0,0,0,0,0,0
25,SANTIAGO,05,SAN JOSÉ DE LAS MATAS,02,EL RUBIO (D. M.).,07,MAGUÁ,015,LOS CERCADILLOS,0,0,0,0,0,0
25,SANTIAGO,05,SAN JOSÉ DE LAS MATAS,02,EL RUBIO (D. M.).,09,MATA DEL DAJAO,004,EL DAJAO,0,0,0,0,0,0
25,SANTIAGO,05,SAN JOSÉ DE LAS MATAS,02,EL RUBIO (D. M.).,07,MAGUÁ,012,MATA DE TUNA,0,0,0,0,0,0
25,SANTIAGO,05,SAN JOSÉ DE LAS MATAS,02,EL RUBIO (D. M.).,07,MAGUÁ,005,PALMARITO,0,0,0,0,0,0
25,SANTIAGO,05,SAN JOSÉ DE LAS MATAS,02,EL RUBIO (D. M.).,07,MAGUÁ,006,LAS AUYAMAS,0,0,0,0,0,0
25,SANTIAGO,05,SAN JOSÉ DE LAS MATAS,02,EL RUBIO (D. M.).,07,MAGUÁ,016,EL CRUCERO,0,0,0,0,0,0
25,SANTIAGO,05,SAN JOSÉ DE LAS MATAS,02,EL RUBIO (D. M.).,07,MAGUÁ,010,CERRO BONITO,0,0,0,0,0,0
25,SANTIAGO,05,SAN JOSÉ DE LAS MATAS,02,EL RUBIO (D. M.).,09,MATA DEL DAJAO,006,CABUYA,0,0,0,0,0,0
25,SANTIAGO,05,SAN JOSÉ DE LAS MATAS,02,EL RUBIO (D. M.).,09,MATA DEL DAJAO,001,PALO AMARILLO,0,0,0,0,0,0
25,SANTIAGO,05,SAN JOSÉ DE LAS MATAS,02,EL RUBIO (D. M.).,07,MAGUÁ,011,HOYO DE LOS COROZOS,0,0,0,0,0,0
25,SANTIAGO,05,SAN JOSÉ DE LAS MATAS,02,EL RUBIO (D. M.).,07,MAGUÁ,004,LA MINA,0,0,0,0,0,0
25,SANTIAGO,05,SAN JOSÉ DE LAS MATAS,02,EL RUBIO (D. M.).,07,MAGUÁ,001,LOS LIMONES,0,0,0,0,0,0
25,SANTIAGO,05,SAN JOSÉ DE LAS MATAS,02,EL RUBIO (D. M.).,09,MATA DEL DAJAO,011,EL ANISETAL,0,0,0,0,0,0
25,SANTIAGO,05,SAN JOSÉ DE LAS MATAS,02,EL RUBIO (D. M.).,09,MATA DEL DAJAO,008,CERRO DE LA CANA,0,0,0,0,0,0
25,SANTIAGO,05,SAN JOSÉ DE LAS MATAS,02,EL RUBIO (D. M.).,09,MATA DEL DAJAO,013,LA ISLETA,0,0,0,0,0,0
25,SANTIAGO,05,SAN JOSÉ DE LAS MATAS,02,EL RUBIO (D. M.).,07,MAGUÁ,003,MAGUÁ ARRIBA,0,0,0,0,0,0
25,SANTIAGO,05,SAN JOSÉ DE LAS MATAS,02,EL RUBIO (D. M.).,09,MATA DEL DAJAO,005,LOS MOSQUITOS,0,0,0,0,0,0
25,SANTIAGO,05,SAN JOSÉ DE LAS MATAS,02,EL RUBIO (D. M.).,09,MATA DEL DAJAO,009,LA CIÉNAGA,0,0,0,0,0,0
25,SANTIAGO,05,SAN JOSÉ DE LAS MATAS,02,EL RUBIO (D. M.).,09,MATA DEL DAJAO,012,LA GUÁRANA,0,0,0,0,0,0
25,SANTIAGO,05,SAN JOSÉ DE LAS MATAS,02,EL RUBIO (D. M.).,12,EL RUBIO,005,EL CABREJITO,0,0,0,0,0,0
25,SANTIAGO,05,SAN JOSÉ DE LAS MATAS,02,EL RUBIO (D. M.).,12,EL RUBIO,003,RINCÓN LLANO,0,0,0,0,0,0
25,SANTIAGO,05,SAN JOSÉ DE LAS MATAS,02,EL RUBIO (D. M.).,12,EL RUBIO,016,LOS HIGOS GORDOS,0,0,0,0,0,0
25,SANTIAGO,05,SAN JOSÉ DE LAS MATAS,02,EL RUBIO (D. M.).,03,CELESTINA,011,LA PENDA,0,0,0,0,0,0
25,SANTIAGO,05,SAN JOSÉ DE LAS MATAS,03,LA CUESTA (D. M.).,03,EUGENIO PERDOMO,004,LA GUANITA,0,0,0,0,0,0
25,SANTIAGO,05,SAN JOSÉ DE LAS MATAS,03,LA CUESTA (D. M.).,03,EUGENIO PERDOMO,009,SABANETA,0,0,0,0,0,0
25,SANTIAGO,05,SAN JOSÉ DE LAS MATAS,03,LA CUESTA (D. M.).,03,EUGENIO PERDOMO,008,PARED LIMPIA,0,0,0,0,0,0
25,SANTIAGO,05,SAN JOSÉ DE LAS MATAS,03,LA CUESTA (D. M.).,04,GUAMA,001,EL MOLINO,0,0,0,0,0,0
25,SANTIAGO,05,SAN JOSÉ DE LAS MATAS,03,LA CUESTA (D. M.).,05,LOMA DE LOS PALOS,004,PUEBLO NUEVO,0,0,0,0,0,0
25,SANTIAGO,05,SAN JOSÉ DE LAS MATAS,03,LA CUESTA (D. M.).,03,EUGENIO PERDOMO,006,LOMA ALBANITA,0,0,0,0,0,0
25,SANTIAGO,05,SAN JOSÉ DE LAS MATAS,03,LA CUESTA (D. M.).,07,CUESTA ABAJO,002,CAÑADA DE LA TABLA,0,0,0,0,0,0
25,SANTIAGO,05,SAN JOSÉ DE LAS MATAS,02,EL RUBIO (D. M.).,05,DIFERENCIA,011,PAREDES PRIETAS,0,0,0,0,0,0
25,SANTIAGO,05,SAN JOSÉ DE LAS MATAS,03,LA CUESTA (D. M.).,02,JAIQUI PICADO,003,EL COROZO,0,0,0,0,0,0
25,SANTIAGO,05,SAN JOSÉ DE LAS MATAS,02,EL RUBIO (D. M.).,05,DIFERENCIA,009,PASO DEL GANADO,0,0,0,0,0,0
25,SANTIAGO,05,SAN JOSÉ DE LAS MATAS,02,EL RUBIO (D. M.).,05,DIFERENCIA,013,EL CRUCERO,0,0,0,0,0,0
25,SANTIAGO,05,SAN JOSÉ DE LAS MATAS,02,EL RUBIO (D. M.).,05,DIFERENCIA,003,CERRO NEGRO,0,0,0,0,0,0
25,SANTIAGO,05,SAN JOSÉ DE LAS MATAS,02,EL RUBIO (D. M.).,08,MANACLA,007,LA NAVAJA,0,0,0,0,0,0
25,SANTIAGO,05,SAN JOSÉ DE LAS MATAS,02,EL RUBIO (D. M.).,05,DIFERENCIA,010,SIERRECITA,0,0,0,0,0,0
25,SANTIAGO,05,SAN JOSÉ DE LAS MATAS,02,EL RUBIO (D. M.).,05,DIFERENCIA,007,MARILOPE,0,0,0,0,0,0
25,SANTIAGO,05,SAN JOSÉ DE LAS MATAS,02,EL RUBIO (D. M.).,08,MANACLA,006,LOS MALCOTES,0,0,0,0,0,0
25,SANTIAGO,05,SAN JOSÉ DE LAS MATAS,02,EL RUBIO (D. M.).,05,DIFERENCIA,001,RANCHO DEL COJO,0,0,0,0,0,0
25,SANTIAGO,05,SAN JOSÉ DE LAS MATAS,02,EL RUBIO (D. M.).,05,DIFERENCIA,002,RÍO LOS PALOS,0,0,0,0,0,0
25,SANTIAGO,05,SAN JOSÉ DE LAS MATAS,02,EL RUBIO (D. M.).,05,DIFERENCIA,015,LOMA DE GUAYABO,0,0,0,0,0,0
25,SANTIAGO,05,SAN JOSÉ DE LAS MATAS,03,LA CUESTA (D. M.).,02,JAIQUI PICADO,007,POZO COLORADO (HOYITO SAN LORENZO),0,0,0,0,0,0
25,SANTIAGO,05,SAN JOSÉ DE LAS MATAS,03,LA CUESTA (D. M.).,02,JAIQUI PICADO,006,LOS RANCHEROS,0,0,0,0,0,0
25,SANTIAGO,05,SAN JOSÉ DE LAS MATAS,03,LA CUESTA (D. M.).,02,JAIQUI PICADO,002,ALBANITA O LA BOCA DE ALBANITA,0,0,0,0,0,0
25,SANTIAGO,05,SAN JOSÉ DE LAS MATAS,02,EL RUBIO (D. M.).,05,DIFERENCIA,012,EL DAJAO,0,0,0,0,0,0
25,SANTIAGO,05,SAN JOSÉ DE LAS MATAS,03,LA CUESTA (D. M.).,07,CUESTA ABAJO,006,CAIMONAL,0,0,0,0,0,0
25,SANTIAGO,05,SAN JOSÉ DE LAS MATAS,01,SAN JOSÉ DE LAS MATAS,02,INOA,001,LA MARA,0,0,0,0,0,0
25,SANTIAGO,05,SAN JOSÉ DE LAS MATAS,01,SAN JOSÉ DE LAS MATAS,02,INOA,023,LOS ARROYOS,0,0,0,0,0,0
25,SANTIAGO,05,SAN JOSÉ DE LAS MATAS,01,SAN JOSÉ DE LAS MATAS,02,INOA,021,LA CABIRMA,0,0,0,0,0,0
25,SANTIAGO,05,SAN JOSÉ DE LAS MATAS,01,SAN JOSÉ DE LAS MATAS,02,INOA,019,BEJUCAL,0,0,0,0,0,0
25,SANTIAGO,05,SAN JOSÉ DE LAS MATAS,01,SAN JOSÉ DE LAS MATAS,02,INOA,017,CEJA DE HIGÜERO,0,0,0,0,0,0
25,SANTIAGO,05,SAN JOSÉ DE LAS MATAS,01,SAN JOSÉ DE LAS MATAS,02,INOA,002,LOS PAYASOS O LOS PARAYASES,0,0,0,0,0,0
25,SANTIAGO,05,SAN JOSÉ DE LAS MATAS,01,SAN JOSÉ DE LAS MATAS,02,INOA,004,BARRANCÓN,0,0,0,0,0,0
25,SANTIAGO,05,SAN JOSÉ DE LAS MATAS,02,EL RUBIO (D. M.).,04,COROCITO,011,EL ATACADOR,0,0,0,0,0,0
25,SANTIAGO,05,SAN JOSÉ DE LAS MATAS,02,EL RUBIO (D. M.).,06,JICOMÉ,004,LA SIERRECITA,0,0,0,0,0,0
25,SANTIAGO,05,SAN JOSÉ DE LAS MATAS,02,EL RUBIO (D. M.).,06,JICOMÉ,014,RINCÓN DE HIGÜERO,0,0,0,0,0,0
25,SANTIAGO,05,SAN JOSÉ DE LAS MATAS,02,EL RUBIO (D. M.).,06,JICOMÉ,005,EL GUAYABO,0,0,0,0,0,0
25,SANTIAGO,05,SAN JOSÉ DE LAS MATAS,02,EL RUBIO (D. M.).,06,JICOMÉ,010,LOMA BAJITA,0,0,0,0,0,0
25,SANTIAGO,05,SAN JOSÉ DE LAS MATAS,02,EL RUBIO (D. M.).,06,JICOMÉ,013,LOMA VIEJA,0,0,0,0,0,0
25,SANTIAGO,05,SAN JOSÉ DE LAS MATAS,02,EL RUBIO (D. M.).,06,JICOMÉ,001,BAÑADEROS,0,0,0,0,0,0
25,SANTIAGO,05,SAN JOSÉ DE LAS MATAS,02,EL RUBIO (D. M.).,06,JICOMÉ,003,SONADOR,0,0,0,0,0,0
25,SANTIAGO,05,SAN JOSÉ DE LAS MATAS,02,EL RUBIO (D. M.).,06,JICOMÉ,016,PALERO,0,0,0,0,0,0
25,SANTIAGO,05,SAN JOSÉ DE LAS MATAS,02,EL RUBIO (D. M.).,06,JICOMÉ,002,RONCADOR,0,0,0,0,0,0
25,SANTIAGO,05,SAN JOSÉ DE LAS MATAS,02,EL RUBIO (D. M.).,06,JICOMÉ,009,LA PIÑA,0,0,0,0,0,0
25,SANTIAGO,05,SAN JOSÉ DE LAS MATAS,02,EL RUBIO (D. M.).,10,NARANJO BOJÓN,007,RECODO,0,0,0,0,0,0
25,SANTIAGO,05,SAN JOSÉ DE LAS MATAS,02,EL RUBIO (D. M.).,02,CAÑAFÍSTOL,003,LOS BORNO O LA VIEJA MEA,0,0,0,0,0,0
25,SANTIAGO,05,SAN JOSÉ DE LAS MATAS,02,EL RUBIO (D. M.).,10,NARANJO BOJÓN,006,CAÑA LLANA,0,0,0,0,0,0
25,SANTIAGO,05,SAN JOSÉ DE LAS MATAS,02,EL RUBIO (D. M.).,03,CELESTINA,013,LOS HELECHOS,0,0,0,0,0,0
25,SANTIAGO,05,SAN JOSÉ DE LAS MATAS,02,EL RUBIO (D. M.).,10,NARANJO BOJÓN,005,VALEONOR,0,0,0,0,0,0
25,SANTIAGO,05,SAN JOSÉ DE LAS MATAS,02,EL RUBIO (D. M.).,10,NARANJO BOJÓN,008,LOS BAOS,0,0,0,0,0,0
25,SANTIAGO,05,SAN JOSÉ DE LAS MATAS,02,EL RUBIO (D. M.).,10,NARANJO BOJÓN,003,NARANJO BOJÓN,0,0,0,0,0,0
25,SANTIAGO,05,SAN JOSÉ DE LAS MATAS,02,EL RUBIO (D. M.).,03,CELESTINA,017,LOS ESPATILES,0,0,0,0,0,0
25,SANTIAGO,05,SAN JOSÉ DE LAS MATAS,02,EL RUBIO (D. M.).,03,CELESTINA,001,EL ORÉGANO,0,0,0,0,0,0
25,SANTIAGO,05,SAN JOSÉ DE LAS MATAS,02,EL RUBIO (D. M.).,03,CELESTINA,015,LA BATEA,0,0,0,0,0,0
25,SANTIAGO,05,SAN JOSÉ DE LAS MATAS,02,EL RUBIO (D. M.).,10,NARANJO BOJÓN,001,BOJÓN,0,0,0,0,0,0
25,SANTIAGO,05,SAN JOSÉ DE LAS MATAS,02,EL RUBIO (D. M.).,11,PANANAO,010,EL CÓRBANO,0,0,0,0,0,0
25,SANTIAGO,05,SAN JOSÉ DE LAS MATAS,02,EL RUBIO (D. M.).,11,PANANAO,015,BAJO DEL PINO,0,0,0,0,0,0
25,SANTIAGO,05,SAN JOSÉ DE LAS MATAS,02,EL RUBIO (D. M.).,03,CELESTINA,016,LOS JICACOS,0,0,0,0,0,0
25,SANTIAGO,05,SAN JOSÉ DE LAS MATAS,02,EL RUBIO (D. M.).,03,CELESTINA,004,LOS FOGONES,0,0,0,0,0,0
25,SANTIAGO,05,SAN JOSÉ DE LAS MATAS,04,LAS PLACETAS (D. M.).,05,LAS LAGUNAS,004,LOMA LOS RÍOS,0,0,0,0,0,0
25,SANTIAGO,05,SAN JOSÉ DE LAS MATAS,04,LAS PLACETAS (D. M.).,03,LOS LIMONES,004,LOMA EL COLORADO,0,0,0,0,0,0
25,SANTIAGO,05,SAN JOSÉ DE LAS MATAS,04,LAS PLACETAS (D. M.).,02,DAMAJAGUA,013,RÍO ARRIBA,0,0,0,0,0,0
25,SANTIAGO,05,SAN JOSÉ DE LAS MATAS,04,LAS PLACETAS (D. M.).,02,DAMAJAGUA,010,PALERO,0,0,0,0,0,0
25,SANTIAGO,05,SAN JOSÉ DE LAS MATAS,04,LAS PLACETAS (D. M.).,02,DAMAJAGUA,011,PALMARITO,0,0,0,0,0,0
25,SANTIAGO,05,SAN JOSÉ DE LAS MATAS,04,LAS PLACETAS (D. M.).,02,DAMAJAGUA,003,GUAYABALES,0,0,0,0,0,0
25,SANTIAGO,05,SAN JOSÉ DE LAS MATAS,04,LAS PLACETAS (D. M.).,02,DAMAJAGUA,006,LA JAGUA,0,0,0,0,0,0
25,SANTIAGO,05,SAN JOSÉ DE LAS MATAS,02,EL RUBIO (D. M.).,11,PANANAO,007,LA TOZA,0,0,0,0,0,0
25,SANTIAGO,05,SAN JOSÉ DE LAS MATAS,01,SAN JOSÉ DE LAS MATAS,07,LAS PIEDRAS,019,LAGUNA DEL DAJAO,0,0,0,0,0,0
25,SANTIAGO,05,SAN JOSÉ DE LAS MATAS,01,SAN JOSÉ DE LAS MATAS,07,LAS PIEDRAS,006,MANACLAR,0,0,0,0,0,0
25,SANTIAGO,05,SAN JOSÉ DE LAS MATAS,01,SAN JOSÉ DE LAS MATAS,07,LAS PIEDRAS,020,LA SIERRECITA,0,0,0,0,0,0
25,SANTIAGO,05,SAN JOSÉ DE LAS MATAS,01,SAN JOSÉ DE LAS MATAS,07,LAS PIEDRAS,008,ALTO DEL DAJAO,0,0,0,0,0,0
25,SANTIAGO,05,SAN JOSÉ DE LAS MATAS,01,SAN JOSÉ DE LAS MATAS,07,LAS PIEDRAS,022,EL DAJAO DE LAS PIEDRAS,0,0,0,0,0,0
25,SANTIAGO,05,SAN JOSÉ DE LAS MATAS,01,SAN JOSÉ DE LAS MATAS,06,PEDREGAL,014,LA GUÁZUMA,0,0,0,0,0,0
25,SANTIAGO,05,SAN JOSÉ DE LAS MATAS,01,SAN JOSÉ DE LAS MATAS,04,MATA GRANDE,010,GUACARITAS,0,0,0,0,0,0
25,SANTIAGO,05,SAN JOSÉ DE LAS MATAS,01,SAN JOSÉ DE LAS MATAS,04,MATA GRANDE,012,MONTELLANO,0,0,0,0,0,0
25,SANTIAGO,05,SAN JOSÉ DE LAS MATAS,01,SAN JOSÉ DE LAS MATAS,04,MATA GRANDE,011,EL VALLE,0,0,0,0,0,0
25,SANTIAGO,05,SAN JOSÉ DE LAS MATAS,01,SAN JOSÉ DE LAS MATAS,04,MATA GRANDE,005,LA MINA,0,0,0,0,0,0
25,SANTIAGO,05,SAN JOSÉ DE LAS MATAS,01,SAN JOSÉ DE LAS MATAS,04,MATA GRANDE,009,LOS APOSENTOS,0,0,0,0,0,0
25,SANTIAGO,05,SAN JOSÉ DE LAS MATAS,01,SAN JOSÉ DE LAS MATAS,04,MATA GRANDE,008,RANCHO AL MEDIO,0,0,0,0,0,0
25,SANTIAGO,05,SAN JOSÉ DE LAS MATAS,01,SAN JOSÉ DE LAS MATAS,04,MATA GRANDE,003,LOS JUNQUITOS,0,0,0,0,0,0
25,SANTIAGO,05,SAN JOSÉ DE LAS MATAS,01,SAN JOSÉ DE LAS MATAS,03,EUGENIO PERDOMO,001,PAVÓN,0,0,0,0,0,0
25,SANTIAGO,05,SAN JOSÉ DE LAS MATAS,01,SAN JOSÉ DE LAS MATAS,03,EUGENIO PERDOMO,009,PROYECTO MONCIÓN,0,0,0,0,0,0
25,SANTIAGO,05,SAN JOSÉ DE LAS MATAS,01,SAN JOSÉ DE LAS MATAS,03,EUGENIO PERDOMO,012,MOSCOSO,0,0,0,0,0,0
25,SANTIAGO,05,SAN JOSÉ DE LAS MATAS,01,SAN JOSÉ DE LAS MATAS,04,MATA GRANDE,013,MOHOSO,0,0,0,0,0,0
25,SANTIAGO,05,SAN JOSÉ DE LAS MATAS,01,SAN JOSÉ DE LAS MATAS,08,YERBA BUENA,013,EL LIMPIO,0,0,0,0,0,0
25,SANTIAGO,05,SAN JOSÉ DE LAS MATAS,01,SAN JOSÉ DE LAS MATAS,08,YERBA BUENA,011,LA PEÑA,0,0,0,0,0,0
25,SANTIAGO,05,SAN JOSÉ DE LAS MATAS,03,LA CUESTA (D. M.).,03,EUGENIO PERDOMO,005,LA TUNA,0,0,0,0,0,0
25,SANTIAGO,05,SAN JOSÉ DE LAS MATAS,03,LA CUESTA (D. M.).,03,EUGENIO PERDOMO,003,LA CUEVA,0,0,0,0,0,0
25,SANTIAGO,05,SAN JOSÉ DE LAS MATAS,03,LA CUESTA (D. M.).,07,CUESTA ABAJO,015,OJO DE AGUA,0,0,0,0,0,0
25,SANTIAGO,05,SAN JOSÉ DE LAS MATAS,01,SAN JOSÉ DE LAS MATAS,06,PEDREGAL,010,EL VERDE,0,0,0,0,0,0
25,SANTIAGO,05,SAN JOSÉ DE LAS MATAS,01,SAN JOSÉ DE LAS MATAS,03,EUGENIO PERDOMO,011,LA CABUYA,0,0,0,0,0,0
25,SANTIAGO,05,SAN JOSÉ DE LAS MATAS,04,LAS PLACETAS (D. M.).,02,DAMAJAGUA,001,BOHÍO VIEJO,0,0,0,0,0,0
25,SANTIAGO,03,JÁNICO,03,EL CAIMITO (D. M.).,05,LOS PILONES,022,HUNDIDERA,0,0,0,0,0,0
25,SANTIAGO,03,JÁNICO,03,EL CAIMITO (D. M.).,05,LOS PILONES,016,LOS CALIMETES,0,0,0,0,0,0
25,SANTIAGO,03,JÁNICO,03,EL CAIMITO (D. M.).,05,LOS PILONES,001,ARENILLA,0,0,0,0,0,0
25,SANTIAGO,03,JÁNICO,02,JUNCALITO (D. M.).,06,RINCÓN LLANO,006,LOMITA PRIETA,0,0,0,0,0,0
25,SANTIAGO,03,JÁNICO,01,JÁNICO,02,CAGÜEYES,005,EL BARCO,0,0,0,0,0,0
25,SANTIAGO,03,JÁNICO,01,JÁNICO,05,JAGUA ABAJO,007,LA PIÑA,0,0,0,0,0,0
25,SANTIAGO,03,JÁNICO,01,JÁNICO,05,JAGUA ABAJO,009,CAÑADA GRANDE,0,0,0,0,0,0
25,SANTIAGO,03,JÁNICO,02,JUNCALITO (D. M.).,03,JANEY,001,RÍO ABAJO,0,0,0,0,0,0
25,SANTIAGO,03,JÁNICO,02,JUNCALITO (D. M.).,03,JANEY,015,RÍO ARRIBA,0,0,0,0,0,0
25,SANTIAGO,03,JÁNICO,02,JUNCALITO (D. M.).,03,JANEY,010,LOS AUYENES,0,0,0,0,0,0
25,SANTIAGO,03,JÁNICO,02,JUNCALITO (D. M.).,06,RINCÓN LLANO,007,PARQUE NACIONAL,0,0,0,0,0,0
25,SANTIAGO,03,JÁNICO,02,JUNCALITO (D. M.).,06,RINCÓN LLANO,009,PAJARITO,0,0,0,0,0,0
25,SANTIAGO,03,JÁNICO,02,JUNCALITO (D. M.).,04,JUNCALITO ABAJO,016,EL CACIQUE,0,0,0,0,0,0
25,SANTIAGO,03,JÁNICO,02,JUNCALITO (D. M.).,02,FRANCO BIDÓ,011,ARROYO MALO,0,0,0,0,0,0
25,SANTIAGO,03,JÁNICO,02,JUNCALITO (D. M.).,02,FRANCO BIDÓ,012,LOS GUAYUYOS,0,0,0,0,0,0
25,SANTIAGO,03,JÁNICO,02,JUNCALITO (D. M.).,03,JANEY,013,LA BERENJENA,0,0,0,0,0,0
25,SANTIAGO,03,JÁNICO,03,EL CAIMITO (D. M.).,02,YAQUE ABAJO,008,LOS PALMARITOS,0,0,0,0,0,0
25,SANTIAGO,03,JÁNICO,03,EL CAIMITO (D. M.).,06,LA GUAMA,003,EL CERRAZO,0,0,0,0,0,0
25,SANTIAGO,03,JÁNICO,03,EL CAIMITO (D. M.).,06,LA GUAMA,008,LOS LIMONES,0,0,0,0,0,0
25,SANTIAGO,03,JÁNICO,03,EL CAIMITO (D. M.).,04,PINALITO,006,DAMAJAGUA,0,0,0,0,0,0
25,SANTIAGO,03,JÁNICO,01,JÁNICO,07,MESETAS,006,MONTERÍAS,0,0,0,0,0,0
25,SANTIAGO,02,BISONÓ,01,BISONÓ,02,CAÑADA BONITA,011,GANCHO DE JOBO,0,0,0,0,0,0
25,SANTIAGO,02,BISONÓ,01,BISONÓ,05,LA VILLA NUEVA,003,CAÑADA HIGÜERO,0,0,0,0,0,0
25,SANTIAGO,02,BISONÓ,01,BISONÓ,05,LA VILLA NUEVA,002,EL ABRA,0,0,0,0,0,0
25,SANTIAGO,02,BISONÓ,01,BISONÓ,05,LA VILLA NUEVA,008,AGUA HEDIONDA,0,0,0,0,0,0
25,SANTIAGO,02,BISONÓ,01,BISONÓ,05,LA VILLA NUEVA,006,EL ABRA ARRIBA,0,0,0,0,0,0
25,SANTIAGO,02,BISONÓ,01,BISONÓ,07,PONTONCITO,001,PEDRO GARCÍA,0,0,0,0,0,0
25,SANTIAGO,02,BISONÓ,01,BISONÓ,05,LA VILLA NUEVA,007,CAÑADA SUCIA,0,0,0,0,0,0
25,SANTIAGO,01,SANTIAGO,07,HATO DEL YAQUE (D. M.).,05,GUAYACANAL,003,EL SALAO,0,0,0,0,0,0
25,SANTIAGO,01,SANTIAGO,06,SAN FRANCISCO DE JACAGUA (D. M.).,07,EL AGUACATE,002,LA CALABACITA,0,0,0,0,0,0
25,SANTIAGO,01,SANTIAGO,05,LA CANELA (D. M.).,02,HATILLO SAN LORENZO,007,PLATANAL LA JOYA,0,0,0,0,0,0
25,SANTIAGO,01,SANTIAGO,01,SANTIAGO,08,PALO QUEMADO,015,RANCHO VIEJO,0,0,0,0,0,0
18,PUERTO PLATA,01,PUERTO PLATA,01,PUERTO PLATA,02,EL CUPEY,003,LOS AMACEYES,0,0,0,0,0,0
18,PUERTO PLATA,01,PUERTO PLATA,02,YÁSICA ARRIBA (D. M.).,05,YÁSICA ARRIBA,003,EL SAMO,0,0,0,0,0,0
18,PUERTO PLATA,01,PUERTO PLATA,02,YÁSICA ARRIBA (D. M.).,05,YÁSICA ARRIBA,007,LOS TAVERAS,0,0,0,0,0,0
18,PUERTO PLATA,01,PUERTO PLATA,02,YÁSICA ARRIBA (D. M.).,02,YÁSICA ABAJO,001,LA PELOTA,0,0,0,0,0,0
18,PUERTO PLATA,01,PUERTO PLATA,02,YÁSICA ARRIBA (D. M.).,05,YÁSICA ARRIBA,011,LA BARITA,0,0,0,0,0,0
18,PUERTO PLATA,01,PUERTO PLATA,01,PUERTO PLATA,01,SAN FELIPE DE PUERTO PLATA,044,URBANIZACIÓN LORENA,0,0,0,0,0,0
18,PUERTO PLATA,01,PUERTO PLATA,01,PUERTO PLATA,02,EL CUPEY,004,EL CALABACITO,0,0,0,0,0,0
18,PUERTO PLATA,04,IMBERT,01,IMBERT,03,CAONAO,008,LA FRONTERA,0,0,0,0,0,0
18,PUERTO PLATA,06,LUPERÓN,01,LUPERÓN,06,RANCHITO DE LOS VARGAS,005,LA CEIBITA ABAJO - HIGO,0,0,0,0,0,0
18,PUERTO PLATA,06,LUPERÓN,01,LUPERÓN,03,CAMBIASO,002,LA ROCETA,0,0,0,0,0,0
18,PUERTO PLATA,06,LUPERÓN,02,LA ISABELA (D. M.).,03,LA ISABELA,002,LAS PAREDES,0,0,0,0,0,0
18,PUERTO PLATA,06,LUPERÓN,03,BELLOSO (D. M.).,02,BELLOSO,006,EL BAJONAZO,0,0,0,0,0,0
18,PUERTO PLATA,05,LOS HIDALGOS,01,LOS HIDALGOS,04,UNIJICA,006,AGUA CLARA,0,0,0,0,0,0
18,PUERTO PLATA,05,LOS HIDALGOS,01,LOS HIDALGOS,04,UNIJICA,009,LA VEREDA,0,0,0,0,0,0
18,PUERTO PLATA,05,LOS HIDALGOS,01,LOS HIDALGOS,03,MARMOLEJOS,004,LOS CASTILLOS,0,0,0,0,0,0
18,PUERTO PLATA,05,LOS HIDALGOS,02,NAVAS (D. M.).,02,VISTA ALEGRE,007,LOS MONOS,0,0,0,0,0,0
18,PUERTO PLATA,08,VILLA ISABELA,03,LA JAIBA (D. M.).,02,LA JAIBA,011,PEDRO ACOSTA,0,0,0,0,0,0
18,PUERTO PLATA,08,VILLA ISABELA,03,LA JAIBA (D. M.).,02,LA JAIBA,007,LA CEMENTERA,0,0,0,0,0,0
18,PUERTO PLATA,08,VILLA ISABELA,02,ESTERO HONDO (D. M.).,03,RANCHO MANUEL,005,LA PLAYA,0,0,0,0,0,0
18,PUERTO PLATA,08,VILLA ISABELA,02,ESTERO HONDO (D. M.).,02,LOS PILONES,003,LOS TOROS,0,0,0,0,0,0
18,PUERTO PLATA,08,VILLA ISABELA,02,ESTERO HONDO (D. M.).,02,LOS PILONES,005,LA CAOBANITA,0,0,0,0,0,0
18,PUERTO PLATA,02,ALTAMIRA,02,RÍO GRANDE (D. M.).,05,RANCHO ARRIBA,013,PALMARITO,0,0,0,0,0,0
18,PUERTO PLATA,02,ALTAMIRA,01,ALTAMIRA,06,PALMAR GRANDE,014,LAS MANACLAS,0,0,0,0,0,0
18,PUERTO PLATA,02,ALTAMIRA,01,ALTAMIRA,06,PALMAR GRANDE,013,LOS MANANTIALES,0,0,0,0,0,0
18,PUERTO PLATA,02,ALTAMIRA,02,RÍO GRANDE (D. M.).,04,RÍO GRANDE ARRIBA,003,LAS AGUAS,0,0,0,0,0,0
18,PUERTO PLATA,08,VILLA ISABELA,03,LA JAIBA (D. M.).,02,LA JAIBA,016,GREGORIO (PARTE),0,0,0,0,0,0
18,PUERTO PLATA,08,VILLA ISABELA,03,LA JAIBA (D. M.).,02,LA JAIBA,013,TAMARES,0,0,0,0,0,0
18,PUERTO PLATA,08,VILLA ISABELA,03,LA JAIBA (D. M.).,02,LA JAIBA,009,LA HIGUERA,0,0,0,0,0,0
18,PUERTO PLATA,08,VILLA ISABELA,03,LA JAIBA (D. M.).,02,LA JAIBA,010,BOCA NUEVA,0,0,0,0,0,0
18,PUERTO PLATA,02,ALTAMIRA,01,ALTAMIRA,06,PALMAR GRANDE,012,LA LLANADA,0,0,0,0,0,0
18,PUERTO PLATA,02,ALTAMIRA,02,RÍO GRANDE (D. M.).,06,PESCADO BOBO ARRIBA,014,EL RÍO ARRIBA,0,0,0,0,0,0
18,PUERTO PLATA,09,VILLA MONTELLANO,01,VILLA MONTELLANO,03,BOCA NUEVA,002,BERGANTÍN,0,0,0,0,0,0
18,PUERTO PLATA,09,VILLA MONTELLANO,01,VILLA MONTELLANO,04,CANGREJO,003,LOS COCOS,0,0,0,0,0,0
18,PUERTO PLATA,08,VILLA ISABELA,04,GUALETE (D. M.).,02,GUALETE,001,DIBUÁ,0,0,0,0,0,0
18,PUERTO PLATA,08,VILLA ISABELA,04,GUALETE (D. M.).,02,GUALETE,014,LOS TINAJONES,0,0,0,0,0,0
18,PUERTO PLATA,08,VILLA ISABELA,04,GUALETE (D. M.).,02,GUALETE,017,LOS MACOS,0,0,0,0,0,0
18,PUERTO PLATA,08,VILLA ISABELA,04,GUALETE (D. M.).,02,GUALETE,005,PASO DEL JAMO,0,0,0,0,0,0
18,PUERTO PLATA,03,GUANANICO,01,GUANANICO,02,FUNDACIÓN,004,PALMA DE LOS HIERROS,0,0,0,0,0,0
18,PUERTO PLATA,03,GUANANICO,01,GUANANICO,06,PARADERO,004,LOMA DE AGRIPINO,0,0,0,0,0,0
18,PUERTO PLATA,03,GUANANICO,01,GUANANICO,05,HOYA GRANDE,002,RINCÓN CALIENTE ARRIBA,0,0,0,0,0,0
18,PUERTO PLATA,03,GUANANICO,01,GUANANICO,07,RANCHO VIEJO,005,LA JICOTEA,0,0,0,0,0,0
18,PUERTO PLATA,08,VILLA ISABELA,04,GUALETE (D. M.).,02,GUALETE,010,COMEDERO,0,0,0,0,0,0
18,PUERTO PLATA,08,VILLA ISABELA,04,GUALETE (D. M.).,02,GUALETE,013,AGUA HEDIONDA,0,0,0,0,0,0
18,PUERTO PLATA,09,VILLA MONTELLANO,01,VILLA MONTELLANO,02,ARROYO DE LECHE,006,LA COLONIA,0,0,0,0,0,0
18,PUERTO PLATA,09,VILLA MONTELLANO,01,VILLA MONTELLANO,02,ARROYO DE LECHE,005,MARTICINIO (MARTINICINIO),0,0,0,0,0,0
18,PUERTO PLATA,09,VILLA MONTELLANO,01,VILLA MONTELLANO,02,ARROYO DE LECHE,004,LOMA DE SARANTE,0,0,0,0,0,0
18,PUERTO PLATA,07,SOSÚA,01,SOSÚA,02,MADRE VIEJA,009,LOS ZANCONES,0,0,0,0,0,0
18,PUERTO PLATA,07,SOSÚA,01,SOSÚA,03,SABANETA DE CANGREJOS,005,MANGO FRESCO,0,0,0,0,0,0
18,PUERTO PLATA,07,SOSÚA,02,CABARETE (D. M.).,03,LA GOLETA,005,LA ATRAVESADA,0,0,0,0,0,0
18,PUERTO PLATA,07,SOSÚA,02,CABARETE (D. M.).,02,LA CATALINA,006,EL HIGÜERO (PARTE),0,0,0,0,0,0
18,PUERTO PLATA,07,SOSÚA,03,SABANETA DE YÁSICA (D. M.).,03,LOS CANTABILLOS,004,LA LAGUNA,0,0,0,0,0,0
18,PUERTO PLATA,09,VILLA MONTELLANO,01,VILLA MONTELLANO,07,MOZAVÍ,008,ARROYO BLANCO,0,0,0,0,0,0
18,PUERTO PLATA,08,VILLA ISABELA,04,GUALETE (D. M.).,02,GUALETE,018,LOMA DE CAOBAZO,0,0,0,0,0,0
18,PUERTO PLATA,02,ALTAMIRA,02,RÍO GRANDE (D. M.).,05,RANCHO ARRIBA,014,QUINIGUA,0,0,0,0,0,0
18,PUERTO PLATA,02,ALTAMIRA,02,RÍO GRANDE (D. M.).,06,PESCADO BOBO ARRIBA,001,LA ESPENSA,0,0,0,0,0,0
18,PUERTO PLATA,02,ALTAMIRA,02,RÍO GRANDE (D. M.).,04,RÍO GRANDE ARRIBA,002,LA GUINEA,0,0,0,0,0,0
25,SANTIAGO,01,SANTIAGO,04,BAITOA (D. M.).,05,SAN JOSÉ AFUERA,001,SAN JOSÉ AFUERA,33,79,35,4,64,52.09
