actividad_economica,contribuyentes_activos
"SERVICIOS INMOBILIARIOS REALIZADOS A CAMBIO DE UNA RETRIB. O POR CONTRATA (INCL. COMPRA, VENTA, ALQUILER, REMATE, TASACIÓN, ADM DE",21420
SERVICIOS RELACIONADOS CON LA SALUD HUMANA N.C.P.,16853
SERVICIOS DE ASOCIACIONES N.C.P.,12352
CONSTR. REFORMA Y REPARACIÓN DE EDIFICIOS RESIDENCIALES (INCL. CONSTRUC. REFORMA Y REPARACIÓN DE VIVIENDAS UNIFAMILIARES Y MULTIFA,10527
SERVICIOS JURÍDICOS,8469
COLMADOS,6992
"SERV. PARA LA REGULACIÓN DE LAS ACTIV. SANIT., EDUC., CULT., Y RESTANTES SERV. SOC., EXCEPTO SEGUR. SOCIAL OBLIGATORIA (INCL. LA GESTIÓN ADM DE PROG. DESTIN. A MEJORAR EL BIENESTAR DE LOS CIUDADANOS)",6956
"SERVICIOS DE CONTABILIDAD Y TENEDURÍA DE LIBROS, AUDITORÍA Y ASESORÍA FISCAL",6475
SERVICIOS DE INGENIEROS CIVILES,6274
SERVICIOS DE PUBLICIDAD,6082
"SERVICIOS DE ASESORAMIENTO, DIRECCIÓN Y GESTIÓN EMPRESARIAL N.C.P.",5928
"OBRAS DE INGENIERÍA CIVIL N.C.P. (INCL. LOS TRABAJOS GRALES. DE CONSTRUC. PARA LA MINERÍA Y LA INDUSTRIA, DE CENTRALES ELÉCTRICAS",4748
SOCIEDADES DE INVERSIÓN,4670
SERVICIOS DE PELUQUERÍA,4624
"VENTA DE VEHÍCULOS AUTOMOTORES, NUEVOS N.C.P. (INCL. CASAS RODANTES, TRAILERS, COMIONES, REMOLQUES AMBULANCIAS, ÓMNIBUS, MICROBUSE",4583
SERVICIOS DE ARQUITECTURA E INGENIERÍA Y SERVICIOS CONEXOS DE ASESORAMIENTO TÉCNICO N.C.P.,4191
SERVICIOS ODONTOLÓGICOS,4077
CONDOMINIOS,3386
"SERVICIOS INMOBILIARIOS REALIZADOS POR CUENTA PROPIA, CON BIENES PROPIOS O ARRENDADOS N.C.P.",3296
VENTA AL POR MENOR DE PRODUCTOS FARMACÉUTICOS,3031
SERVICIOS PERSONALES EN GENERAL,2932
"PROVISIÓN DE COMIDAS PREPARADAS PARA EMPRESAS (INCL. EL SERV DE CATERING, EL SUMINISTRO DE COMIDAS PARA BANQUETES, BODAS, FIESTAS Y OTRAS CELEBRACIONES, ETC.)",2797
"VENTA AL POR MAYOR DE PARTES, PIEZAS Y ACCESORIOS DE VEHÍCULOS AUTOMOTORES",2785
SERVICIOS DE ORGANIZACIÓN DE EVENTOS,2766
SERVICIOS DE CRÉDITO N.C.P. (INCL. EL OTORGAMIENTO DE PRÉSTAMOS POR ENTIDADES QUE NO RECIBEN DEPÓSITOS Y QUE ESTÁN FUERA DEL SIST.,2744
"MANTENIMIENTO Y REPARACIÓN DEL MOTOR N.C.P.; MECÁNICA INTEGRAL (INCL. AUXILIO Y SERV. DE GRÚA PARA AUTOMOTORES, INST. Y REPAR. DE",2638
SERVICIOS DE ORGANIZACIONES RELIGIOSAS,2570
"VENTA AL POR MAYOR DE PRODUCTOS EN GENERAL EN ALMACENES Y SUPERMERCADOS MAYORISTAS, CON PREDOMINIO DE ALIMENTOS Y BEBIDAS",2511
BANCAS DE APUESTAS,2350
SERVICIOS DE EXPENDIO DE COMIDAS Y BEBIDAS EN ESTABLECIMIENTOS CON SERVICIO DE MESA Y/O EN MOSTRADOR - EXCEPTO EN HELADERÍAS - N.C,2265
"VENTA AL POR MENOR DE ARTÍCULOS NUEVOS N.C.P. (INCL. CASAS DE REGALOS , DE ARTESANÍAS Y ARTÍCULOS REGIONALES EXCEPTO DE TALABARTER",2200
EMPLEADOS (ASALARIADOS),2183
ENSEÑANZA INICIAL Y PRIMARIA,2122
"SERVICIOS DE TRATAMIENTO DE BELLEZA, EXCEPTO LOS DE PELUQUERÍA",2096
VENTA AL POR MAYOR DE ARTÍCULOS DE FERRETERÍA,1923
"VENTA AL POR MENOR DE PARTES, PIEZAS Y ACCESORIOS EXCEPTO NEUMÁTICOS, CUBIERTAS, PARABRISAS Y BATERÍAS",1874
VENTA AL POR MAYOR DE MERCANCÍAS N.C.P.,1871
ARQUITECTOS,1867
SERVICIOS DE RESTAURANTES Y CANTINAS SIN ESPECTÁCULO,1855
"TRANSPORTE AUTOMOTOR DE CARGAS N.C.P. (INCL. SERV. DE TRANSP. DE CARGA REFRIGERADA, AUTOMOTORES, TRANSPORTE PESADO Y DE MERCADERÍA",1847
PRODUCCIÓN DE FILMES Y VIDEOCINTAS,1785
VENTA AL POR MENOR DE ARTÍCULOS DE FERRETERÍA,1755
SERVICIOS DE CONSULTORES EN INFORMÁTICA Y SUMINISTROS DE PROGRAMAS DE INFORMÁTICA,1754
VENTA AL POR MENOR DE PRENDAS DE VESTIR,1738
"REPARACION Y/O VENTA DE CELULARES, BEEPER Y APARATOS DE COMUNICACION",1710
CULTIVO DE ARROZ,1696
DISEÑO Y DESARROLLO DE SOFTWARE,1571
"EJECUCIÓN Y MANTENIMIENTO DE INSTALACIONES ELÉCTRICAS Y ELECTRÓNICAS N.C.P. (INCL. LA INSTAL. DE ANTENAS, PARARRAYOS, SISTEMAS DE",1563
"VENTA AL POR MAYOR DE PRODUCTOS ALIMENTICIOS N.C.P. (INCL. LA VENTA DE MIEL Y DERIVADOS, PRODUCTOS CONGELADOS, ETC.)",1532
SERVICIOS MINORISTAS DE AGENCIAS DE VIAJES,1524
"ENSEÑANZA TERCIARIA(ESCUELA O INSTITUTO TÉCNICO, PROFESIONAL O COMERCIAL)",1516
"PREPARACIÓN Y VENTA DE COMIDAS PARA LLEVAR N.C.P. (INCL. CASAS DE COMIDAS, ROTISERÍAS Y DEMÁS LUGARES QUE NO POSEAN ESPACIO PARA E",1508
VENTA AL POR MAYOR EN COMISIÓN O CONSIGNACIÓN DE PRODUCTOS AGRÍCOLAS N.C.P.,1459
EMPLEADOS Y OBREROS,1449
VENTA AL POR MAYOR DE PRODUCTOS FARMACÉUTICOS Y VETERINARIOS (INCL. VENTA DE MEDICAMENTOS Y KITS DE DIAGNÓSTICO COMO TEST DE EMBA,1445
VENTA DE ARTICULOS DE BELLEZA Y COSMETICOS,1409
TRANSPORTE EN GENERAL,1369
SERVICIOS RELACIONADOS CON LA IMPRESIÓN,1313
"ALQUILER DE EQUIPO DE TRANSPORTE PARA VÍA TERRESTRE, SIN OPERARIOS NI TRIPULACIÓN",1309
TENENCIA DE INMUEBLES PARA FINES COMERCIALES,1301
SERVICIOS DE GESTIÓN Y LOGÍSTICA PARA EL TRANSPORTE DE MERCADERÍAS (INCL. LAS ACTIVIDADES DE LOS AGENTES ADUANEROS),1281
"VENTA AL POR MAYOR DE ARTEFACTOS PARA EL HOGAR ELÉCTRICOS, A GAS, KEROSENE U OTROS COMB. (INCL. ELECTRODOMÉSTICOS, COCINAS, ESTUFA",1256
SERV GRALES DE LA ADM PÚBLICA (INCL. EL DESEMPEÑO DE FUNCIONES EJECUTIVAS Y LEGISLATIVAS DE ADM POR PARTE DE LAS ENTIDADES DE LA A,1218
"VENTA AL POR MENOR DE PRODUCTOS ALIMENTARIOS N.C.P., EN COMERCIOS ESPECIALIZADOS",1207
RESTAURANTES DE COMIDA RÁPIDA,1189
VENTA AL POR MAYOR DE PRENDAS DE VESTIR N.C.P.,1175
"VENTA AL POR MAYOR DE EQUIPOS INFORMÁTICOS Y MÁQUINAS ELECTRÓNICAS DE ESCRIBIR Y CALCULAR (INCL. LA VENTA DE COMP. INCLUSO LAS PORTÁTILESY SUS PERIFÉRICOS, IMPRESORAS, SOFTWARE, ETC.)",1164
PRODUCTOS AGRICOLAS EN GENERAL,1159
SERVICIO DE TRANSPORTE URBANO DE CARGA N.C.P. (INCL. EL TRANSP. REALIZADO POR FLETEROS Y DISTRIBUIDORES DENTRO DEL ÉGIDO URBANO),1158
REPARACIÓN Y VENTAS DE ARTÍCULOS DE REFRIGERACIÓN,1129
SERVICIOS DE ELECTROMECANICA,1124
SERVICIOS DE TELEMARKETING Y/O PROFESIONAL MERCADEO,1121
COOPERATIVAS,1100
"SERV. DE DIAGNÓSTICO (INCL. LAS ACTIV. DE LABORATORIOS DE ANÁLISIS CLÍNICOS Y PATOLÓGICOS, CENTROS DE DIAGNÓSTICOS POR IMAGENES, C",1078
VENTA AL POR MENOR EN ALMACENES CON PREDOMINIO DE PRODUCTOS ALIMENTARIOS Y BEBIDAS,1073
"SERVICIOS DE PIZZERÍAS, FAST FOOD Y LOCALES DE VENTA DE COMIDAS Y BEBIDAS AL PASO (INCL. EL EXPENDIO DE PIZZA, EMPANADAS, HAMBUE",1036
SERVICIOS DE TRANSMISIÓN DE RADIO Y TELEVISIÓN,1016
PARTICIPACIÓN EN EMPRESAS,1014
SERVICIO DE TRANSPORTE AUTOMOTOR DE PASAJEROS N.C.P.,1005
"FABRICACIÓN DE MUEBLES Y PARTES DE MUEBLES, PRINCIPALMENTE DE MADERA",948
VENTA AL POR MAYOR DE ARTÍCULOS DE LIBRERÍA Y PAPELERÍA,943
"VENTA AL POR MENOR DE PRENDAS Y ACCESORIOS DE VESTIR N.C.P. EXCEPTO CALZADO, ARTÍCULOS DE MARROQUINERÍA, PARAGUAS Y SIMILARES",932
"SERVICIOS DE FINANCIACIÓN Y ACTIVIDADES FINANCIERAS N.C.P. (INCL. ACTIV. DE INVERSIÓN EN ACCIONES, TÍTULOS, FONDOS COMUNES DE INVE",917
FABRICACIÓN DE PRODUCTOS DE HERRERÍA Y SOLDADURA,915
SERVICIOS HOSPITALARIOS N.C.P.,899
"SERVICIOS PARA EL MANTENIMIENTO FÍSICO-CORPORAL (INCL. BAÑOS TURCOS, SAUNAS, SOLARIOS, CENTROS DE MASAJES Y ADELGAZAMIENTO, ETC.)",897
"SERVICIOS DE ASESORAMIENTO, DIRECCIÓN Y GESTIÓN EMPRESARIAL REALIZADOS POR INTEGRANTES DE LOS ÓRGANOS DE ADMINISTRACIÓN Y/O FISCALIZACIÓN EN SOCIEDADES ANÓNIMAS",868
SERVICIO DE MENSAJERÍA (COURRIER),857
ADMINISTRACIÓN DE BIENES RAÍCES POR COMISIÓN O POR CONTRATO,846
SERVICIOS DE FOTOGRAFÍA,844
"VENTA DE MOTOCICLETAS Y DE SUS PARTES, PIEZAS Y ACCESORIOS",843
"SERVICIOS DE SALONES DE JUEGOS (INCL. SALONES DE BILLAR, POOL, BOWLING, JUEGOS ELECTRÓNICOS, ETC.)",836
"SERVICIOS DE LIMPIEZA, CONSERVACION, MANTENIMIETO Y PINTURA DE EDIFICIOS",834
VENTA AL POR MAYOR DE ROPA,834
SERVICIOS RELACIONADOS CON PSICOLOGIA,834
PRODUCCION DE BANANA,822
"VENTA AL POR MAYOR DE LADRILLOS, CEMENTO, CAL, ARENA, PIEDRA, MÁRMOL Y MATERIALES PARA LA CONSTRUCCIÓN N.C.P.",820
"SERVICIOS DE ALOJAMIENTO EN HOTELES, HOSTERÍAS Y RESIDENCIALES SIMILARES, EXCEPTO POR HORA, QUE INCLUYEN SERVICIO DE RESTAURANTE A",810
"VENTA AL POR MAYOR EN COMISIÓN O CONSIGNACIÓN DE ALIMENTOS, BEBIDAS Y TABACO N.C.P.",810
"VENTA AL POR MAYOR DE BEBIDAS ALCOHÓLICAS N.C.P. (INCL. LA VENTA DE APERITIVOS CON ALCOHOL, CERVEZA, SIDRA, EL FRACCIONAMIENTO DE",803
"INSTALACIONES DE CARPINTERÍA, HERRERÍA DE OBRA Y ARTÍSTICA (INCL. INSTALACIÓN DE PUERTAS Y VENTANAS, CARPINTERÍA METÁLICAY NO METÁ",802
"SERVICIOS DE TRANSPORTE DE MERCADERÍAS A GRANEL, INCLUIDO EL TRANSPORTE POR CAMIÓN CISTERNA",801
"SERVICIOS DE BARES Y CONFITERÍAS (INCL. LOCALES DE EXPENDIO DE BEBIDAS CON SERVICIO DE MESA Y/O MOSTRADOR, SALONS DE TE, SERVICIOS",795
PERIODISTAS,782
CONSTRUCCION REFORMA Y REPARACION DE EDIFICIOS TURISTICOS,772
CAFETERÍAS,769
VENTA AL POR MENOR DE COMBUSTIBLE PARA VEHÍCULOS AUTOMOTORES Y MOTOCICLETAS (INCL. ESTACIONES DE SERV. Y LA VENTA AL POR MENOR DE,767
"INSTALACIÓN DE VENTILADOR, REFRIGERACIÓN O AIRE ACONDICIONADO O CONDUCTOS",758
PRÉSTAMO DE DINERO FUERA DEL SISTEMA BANCARIO,753
DISEÑADORES GRÁFICOS,753
VENTA AL POR MENOR DE ARTÍCULOS PARA EL HOGAR N.C.P.,731
"VENTA AL POR MAYOR DE MÁQUINAS Y EQUIPOS DE COMUNICACIONES, CONTROL Y SEGURIDAD (INCL. VENTA DE PRODUCTOS DE TELEFONÍA, EQUIPOS DE CIRCUITO CERRADO, SIST. DE ALARMAS Y SIRENAS CONTRA INCENDIOS, ETC.)",724
OTRAS CONSULTORÍAS TÉCNICAS,718
CORREDORES DE SEGUROS,712
"ELABORACIÓN DE PRODUCTOS DE PANADERÍA N.C.P. (INCL. ELABOR. DE CHURROS, PREPIZAS MASAS FRITAS, DE HOJALDRE, ETC.)",697
"SERVICIOS AGRÍCOLAS N.C.P (INCL. PLANIF. Y DISEÑO PAISAJISTA, PLANTACIÓN Y MANTENIMIENTO DE JARDINES, PARQUES Y CEMENTERIOS, CONTR",696
VENTA AL POR MENOR DE MATERIALES DE CONSTRUCCIÓN N.C.P.,688
"ENSEÑANZA PARA ADULTOS Y SERVICIOS DE ENSEÑANZA N.C.P. (INCL. INSTRUCCIÓN IMPARTIDA MEDIANTE PROG. DE RADIO, TV, CORRESPONDENCIA Y",684
SERVICIOS DE SEGURIDAD N.C.P.,681
"VENTA AL POR MENOR DE PAPEL, CARTÓN, MATERIALES DE EMBALAJE Y ARTÍCULOS DE LIBRERÍA",676
ACTIVIDADES DE INFORMÁTICA N.C.P.,674
OBTENCIÓN Y DOTACIÓN DE PERSONAL,671
SERVICIO DE TRANSPORTE AUTOMOTOR DE PASAJEROS PARA EL TURISMO,665
REPARACIÓN Y PINTURA DE CARROCERÍAS; COLOCACIÓN DE GUARDABARROS Y PROTECCIONES EXTERIORES,651
"VENTA DE VEHÍCULOS AUTOMOTORES, USADOS N.C.P. (INCL. CASAS RODANTES, TRAILERS, CAMIONES, REMOLQUE, AMBULANCIAS, ÓMNIBUSES, MICROBU",648
VENTA AL POR MAYOR DE MATERIALES Y PRODUCTOS DE LIMPIEZA,640
"VENTA AL POR MENOR DE FRUTAS, LEGUMBRES Y HORTALIZAS FRESCAS",630
"OPERACIONES INMOBILIARIAS, INVERSIONISTAS EXTRANJEROS",630
"VENTA AL POR MAYOR EN COMISIÓN O CONSIGNACIÓN DE PRODUCTOS TEXTILES, PRENDAS DE VESTIR, CALZADO EXCEPTO EL ORTOPÉDICO, ARTÍCULOS DE MARROQUINERÍA, PARAGUAS Y SIMILARES Y PRODUCTOS DE CUERO N.C.P.",628
SERVICIOS COMPLEMENTARIOS DE APOYO TURÍSTICO,626
VENTA AL POR MENOR EN SUPERMERCADOS CON PREDOMINIO DE PRODUCTOS ALIMENTARIOS Y BEBIDAS,625
VENTA AL POR MAYOR DE COMBUSTIBLES Y LUBRICANTES PARA AUTOMOTORES,599
PINTURA Y TRABAJOS DE DECORACIÓN,598
OPERACIONES VEHICULOS DE MOTOR,592
OTROS SERVICIOS DE INGENIERÍA,590
VENTA DE PRODUCTOS DE COMPUTACIÓN,586
"CONFECCIÓN DE PRENDAS DE VESTIR N.C.P., EXCEPTO LAS DE PIEL, CUERO Y SUCEDÁNEOS, PILOTOS E IMPERMEABLES",563
SERVICIOS DE TRANSPORTE AUTOMOTOR DE PASAJEROS MEDIANTE TAXIS Y REMISES; ALQUILER DE AUTOS CON CHOFER,559
LAVADO AUTOMÁTICO Y MANUAL,558
"CONSTRUCCIÓN, REFORMA Y REPARACIÓN DE REDES (INCL. LA CONSTRUC. REFORMA Y REPARACIÓN DE REDES DE ELECTRICIDAD, DE GAS, DE AGUA, DE",552
"MOVTO. DE SUELOS Y PREPARACIÓN DE TERRENOS PARA OBRAS N.C.P. (INCL. EL DRENAJE, REMONCIÓN DE ROCAS, EXCAVACIÓN DE ZANJAS PARA SERV",545
CONSTRUCCIÓN DE VIVIENDAS UNIFAMILIARES,528
DISEÑADORES DE MUEBLES Y DEMÁS DECORACIÓN DE INTERIORES,522
VENTA AL POR MAYOR DE EQUIPOS Y MATERIALES ELECTRICOS,520
"SERV. DE ATENCIÓN AMBULATORIA (INCL. LAS ACTIV. DE CONSULTORIOS MÉDICOS DE ESTABLECIMIENTO SIN INTERNACIÓN, CONSULTORIOS DE GUARDIA PARA RESOLVER URGENCIAS MÉDICAS, VACUNATORIOS, ETC.)",519
REPARACIÓN DE ARTÍCULOS ELECTRÓNICOS,516
"SERVICIOS DE ALQUILER Y EXPLOTACIÓN DE INMUEBLES PARA FIESTAS, CONVENCIONES Y OTROS EVENTOS SIMILARES",516
"ACTIVIDADES ESPECIALIZADAS DE CONSTRUCCIÓN N.C.P. (INCL. EL ALQUILER E INSTAL. DE ANDAMIOS, LA CONSTRUC. DE CHIMENEAS Y HORNOS IND",516
CENTROS DE TELECOMUNICACIONES,512
VENTA AL POR MENOR DE ARTCICULOS DE FERRETERÍA,512
"GENERACIÓN DE ENERGÍA N.C.P. (INCL. LA PRODUC. DE ENERGÍA ELÉCTRICA MEDIANTE FUENTES DE ENERGÍA SOLAR, BIOMOSA, EÓLICA, GOTÉRMICA,",504
"VENTA DE AUTOS, CAMIONETAS Y UTILITARIOS, NUEVOS (INCL. TAXIS, JEEPS, 4X4 Y VEHÍCULOS SIMILARES)",503
GIMNASIOS,488
REPARACIÓN DE ARTÍCULOS ELÉCTRICOS DE USO DOMÉSTICO,487
SERVICIOS NOTARIALES,482
VENTA AL POR MENOR DE MATERIALES Y PRODUCTOS DE LIMPIEZA,482
"VENTA AL POR MAYOR DE MÁQ. EQUIPOS E IMPLEM. DE USO MÉDICO Y PARAMÉDICO (INCL. VENTA DE EQUIPOS DE DIAGNÓSTICOS Y TRATAMIENTO, CAMILLA, CAJAS DE CIRUGÍA, ETC.)",476
VENTA AL POR MENOR DE EQUIPOS Y MATERIALES ELECTRICOS,472
BOUTIQUES,469
SERVICIO DE TRANSPORTE AUTOMOTOR URBANO REGULAR DE PASAJEROS (INCL. LOS SERVICIOS DE TRASP. REGULAR DE MENOS DE 50 KM.),465
ENSEÑANZA PRIMARIA,463
VENTA AL POR MENOR DE MÁQUINAS Y EQUIPOS PARA OFICINA Y SUS COMPONENTES Y REPUESTOS,458
VENTAS DE LLANTAS DE GOMA Y TUBOS,453
SERVICIOS DE RESTAURANTES Y CANTINAS CON ESPECTÁCULO,449
PURIFICACIÓN DE AGUA PARA FINES DE ABASTECIMIENTO DE AGUA,446
"VENTA AL POR MENOR DE ROPA INTERIOR, MEDIAS, PRENDAS PARA DORMIR Y PARA LA PLAYA (INCL. CORSETERÍA, LENCERÍA, CAMISETAS, MEDIAS EX",445
CONSULTORÍA DE MARKETING,443
VENTA AL POR MAYOR DE CIGARRILLOS Y PRODUCTOS DE TABACO,443
VENTA AL POR MENOR DE BEBIDAS ALCOHÓLICAS,439
CONSTRUCCION E INSTALACION DE EQUIPOS DE CLIMATIZACIÓN,434
,431
"FABRICACIÓN DE PUERTAS METÁLICAS, VENTANAS Y SUS MARCOS, PUERTAS Y PERSIANAS",430
"SERV. PRESTADOS POR PROFESIONALES Y TÉCNICOS, PARA LA REALIZACIÓN DE PRÁCTICAS DEPORTIVAS (INCL. LA ACTIV. REALIZADA POR DEPORTISTAS, ATLETAS, ENTRENADORES, INSTRUCTORES, JUECES ÁRBITROS, ETC.)",426
TENENCIA DE INMUEBLES PARA FINES DE VIVIENDA (NO COMERCIAL),418
"VENTA AL POR MENOR DE CARNES ROJAS, MENUDENCIAS Y CHACINADOS FRESCOS",416
ACTIVIDADES DE OTRA ASESORÍA Y REPRESENTACIÓN ADEMÁS DE LA LEGAL,416
VENTA AL POR MENOR DE PAN Y PRODUCTOS DE PANADERÍA,416
"SERVICIOS DE PULVERIZACIÓN, DESINF Y FUMIG AÉREA Y TER, EXC LA MANUAL",415
"SERVICIOS DE FEDERACIONES, ASOCIACIONES, CÁMARAS, GREMIOS Y ORGANIZACIONES SIMILARES",414
"VENTA AL POR MAYOR DE PRODUCTOS COSMÉTICOS, DE TOCADOR Y DE PERFUMERÍA",409
SERVICIOS DE PRODUCTORES Y ASESORES DE SEGUROS,408
REGISTRADO,408
"CONSTRUC. REFORMA Y REPARACIÓN DE EDIFICIOS NO RESIDENCIALES (INCL. CONSTRUC. REFORMA Y REPARACIÓN DE RESTAURANTES, BARES, CAMPAME",406
"ELABORACIÓN DE PRODUCTOS ALIMENTICIOS N.C.P. (INCL. LA ELABORACIÓN DE POLVOS PARA PREPARAR POSTRES Y GELATINAS, PRODUCTOS PARA COP",405
"OPERACIÓN DE EXCURSIÓN, CRUCEROS O EMBARCACIONES TURÍSTICAS",401
EXPENDIO DE HELADOS,398
"SERV. DE ORGANIZACIÓN, DIRECCIÓN Y GESTIÓN DE PRÁCTICAS DEPORTIVAS Y EXPLOTACIÓN DE LAS INSTALACIONES (INCL. CLUBES, Y OTRAS INSTA",396
SUMINISTRO DE ACCESO A INTERNET POR EL OPERADOR DE LA INFRAESTRUCTURA DE CABLEADO,387
"VENTA AL POR MAYOR DE INSTRUMENTAL MÉDICO Y ODONTOLÓGICO Y ARTÍCULOS ORTOPÉDICOS (INCL. VENTA DE VAPORIZADORES, NEBULIZADORES, MASAJEADORES, TERMÓMETROS, PRÓTESIS, ETC.)",383
"CONSTRUCCION, REFORMA Y REPARACIÓN DE CALLES, CAMINOS, PUENTES, TUNELES, AEROPUERTOS.",374
FABRICACIÓN DE ESTRUCTURAS METÁLICAS PARA LA CONSTRUCCIÓN,370
SERVICIOS VETERINARIOS,366
POMPAS FÚNEBRES Y SERVICIOS CONEXOS,362
VENTA AL POR MAYOR DE ARTÍCULOS DE PLÁSTICO,362
SERVICIOS MAYORISTAS DE AGENCIAS DE VIAJES,357
"VENTA AL POR MENOR DE ARTEFACTOS PARA EL HOGAR ELÉCTRICOS, A GAS, A KEROSENE U OTROS COMBUSTIBLES (INCL. ELECTROD. EXCEPTO EQUIPO",351
"CAPTACIÓN, DEPURACIÓN Y DISTRIBUCIÓN DE AGUA DE FUENTES SUBTERRÁNEAS",351
"ORGANIZACIÓN Y MONTAJE DE TOURS CON TRANSPORTE, ALOJAMIENTO Y COMIDA",351
"SUMINISTRO DE COMIDAS PARA BANQUETES, BODAS, FIESTAS Y OTRAS CELEBRACIONES",350
PRODUCCIÓN DE LECHE DE GANADO BOVINO,349
VENTA AL POR MENOR DE ELECTRODOMÉSTICOS,348
"VENTA AL POR MENOR DE INSTRUMENTAL MÉDICO, ODONTOLÓGICO Y ARTÍCULOS ORTOPÉDICOS (INCL. VENTA DE VAPORIZADORES, NEBULIZADORES, MASA",342
LOTERÍA Y OTROS JUEGOS DE AZAR,342
SERVICIOS DE ORGANIZACIONES Y ÓRGANOS EXTRATERRITORIALES,341
SERVICIOS DE PLOMERIA Y AFINES,340
MERCERIAS,335
"VENTA AL POR MAYOR DE FRUTAS, LEGUMBRES Y CEREALES SECOS Y EN CONSERVA",335
EDUCACIÓN QUE NO ES DEFINIDA POR NIVELES,333
"CONFECCIÓN DE INDUMENTARIA DE TRABAJO, UNIFORMES, GUARDAPOLVOS Y SUS ACCESORIOS",331
"SERVICIOS DE ESPECTÁCULOS ARTÍSTICOS Y DE DIVERSIÓN N.C.P. (INCL. PARQUES DE DIVERSIÓN, CENTROS SIMILARES, CIRCENSES, DE TÍTERES,",330
PROCURADORES Y ALGUACILES,329
VENTA AL POR MENOR DE FLORES Y PLANTAS NATURALES Y ARTIFICIALES,328
"FABRICACIÓN DE COSMÉTICOS, PERFUMES Y PRODUCTOS DE HIGIENE Y TOCADOR",325
"COMPOSICIÓN Y REPRESENTACIÓN DE OBRAS TEATRALES, MUSICALES Y ARTÍSTICAS",324
ACTIVIDADES DE LOS AGENTES DE ADUANAS,324
"VENTA DE AUTOS, CAMIONETAS Y UTILITARIOS, USADOS (INCL. TAXISM JEEPS, 4X4 Y VEHÍCULOS SIMILARES)",324
CRÍA DE AVES PARA PRODUCCIÓN DE CARNE,321
"SERV. DE TRATAMIENTO (INCL. LAS ACTIV. DE CENTROS DE COBALTOTERAPIA, DE RADIOLOGÍA CONVENCIONAL, DE ACELERADOR LINEAL DE REHABILITACIÓN FÍSICA, ETC.)",321
INSTALACIÓN DE SISTEMAS DE ALARMAS DE SEGURIDAD,319
"SASTRERÍAS, ATELIER",318
SERVICIOS DE CONSULTORES EN EQUIPO DE INFORMÁTICA,315
OPERADORAS DE HOTELES,314
ELABORACIÓN DE MASAS Y PRODUCTOS DE PASTELERÍA,311
VENTA AL POR MENOR DE PRENDAS DE VESTIR DE CUERO Y SUCEDÁNEOS EXCEPTO CALZADO,311
FABRICACIÓN DE PUERTAS Y VENTANAS DE MADERA PARA LA CONSTRUCCIÓN,306
VENTA AL POR MENOR DE BEBIDAS,306
REPARACIÓN DE PIEZAS DE VEHÍCULOS DE MOTOR,306
VENTA AL POR MENOR DE ARTÍCULOS DE JOYERÍA,306
SERVICIOS DE ENTRETENIMIENTO N.C.P.,305
GESTION DE COBROS,305
ENSEÑANZA SECUNDARIA DE FORMACIÓN GENERAL,303
"SERVICIOS DE COMUNICACIÓN POR MEDIO DE TELÉFONO, BEEPER, TELÉGRAFO Y TÉLEX",294
ELABORACIÓN DE GALLETITAS Y BIZCOCHOS,293
"VENTA AL POR MAYOR Y EMPAQUE DE FRUTAS, DE LEGUMBRES Y HORTALIZAS FRESCAS (INCL. LA CONSREVACIÓN EN CÁMARAS FRIGORÍFICAS POR PARTE DE LOS EMPAQUETADORES)",293
CULTIVO DE CACAO,293
OPERADORAS DE RESTAURANTES,292
"SERVICIOS PARA EL CONTROL DE PLAGAS, BAÑOS PARASITICIDAS, ETC.",291
"LIMPIEZA GENERAL DE INTERIOR, EL MANTENIMIENTO, ELIMINACIÓN DE BASURA",289
INSTALACIÓN DE REDES INFORMÁTICAS,286
CULTIVO DE CAFÉ Y CACAO,286
"VENTA AL POR MENOR DE PRODUCTOS COSMÉTICOS, DE TOCADOR Y DE PERFUMERÍA",285
VENTA AL POR MAYOR DE CARNES Y DERIVADOS EXCEPTO LAS DE AVES.,284
VENTA DE MUEBLES Y ENSERES DOMÉSTICOS,280
VENTA AL POR MENOR DE FIAMBRES Y EMBUTIDOS,279
"TERMINACIÓN Y REVESTIMIENTO DE PAREDES Y PISOS (INCL. YESERÍA, SALPICRÉ, PULIDO DE PISOS Y COLOCACIÓN DE REVESTIMIENTO DE CERÁMICAS, DE PIEDRAS TALLADA, ETC.)",279
PROCESAMIENTO DE DATOS,275
FABRICACIÓN DE PRODUCTOS TEXTILES N.C.P.,275
VENTA AL POR MAYOR DE MÁQUINAS Y EQUIPOS DE OFICINA,275
PRODUCCIÓN DE PROGRAMAS DE TELEVISIÓN O COMERCIALES DE TELEVISIÓN,269
VENTA AL POR MAYOR DE MUEBLES E INSTALACIONES PARA OFICINAS,268
"LAVADO Y LIMPIEZA DE ARTÍCULOS DE TELA, CUERO Y/O DE PIEL, INCLUSO LA LIMPIEZA EN SECO",264
VENTA AL POR MAYOR Y AL POR MENOR DE PARTES Y ACCESORIOS PARA MOTOCICLETAS,264
"TRANSPORTE DE AGREGADOS PARA LA CONSTRUCCION (ARENA, GRAVA, ENTRE OTROS)",263
INGENIERO ELECTRÓNICO,263
VENTA AL POR MENOR DE LIBROS Y PUBLICACIONES,262
"VENTA AL POR MAYOR DE ABERTURAS (INCL. PUERTAS, VENTANAS, CORTINAS DE ENROLLAR DE PVC, MADERA, ALUMINIO, PUERTAS CORREDIZAS, FREBTES DE PLACARDS, ETC.)",259
CRÍA DE GANADO BOVINO -EXCEPTO EN CABAÑAS Y PARA LA PRODUCCIÓN DE LECHE-,255
SERVICIOS EMPRESARIALES N.C.P.,252
RENTISTAS DE VALORES MOBILIARIOS,251
"SERVICIOS CONEXOS A LA PRODUCCIÓN DE ESPECTÁCULOS TEATRALES Y MUSICALES (INCL. DISEÑO Y MANEJO DE ESCENOGRAFÍA, MONTAJE DE ILUMINA",248
"VENTA AL POR MAYOR EN COMISIÓN O CONSIGNACIÓN DE MAQUINARIA, EQUIPO PROFESIONAL INDUSTRIAL Y COMERCIAL, EMBARCACIONES Y AERONAVES",248
IMPUESTO SUCESORAL,247
ENSEÑANZA SECUNDARIA DE FORMACIÓN TÉCNICA Y PROFESIONAL,246
"VENTA AL POR MAYOR DE MÁQUINAS, EQUIPOS E IMPLEMENTOS DE USO EN LA CONSTRUCCIÓN",245
"CRÍA DE GANADO N.C.P. (INCL. CRÍA DE ALPACA, ASNO, BÚFALO, GUANACO, LLAMA, MULA, VICUÑA, ETC.)",244
"MANTENIMIENTO Y REPARACIÓN DE MAQUINARIA DE OFICINA, CONTABILIDAD E INFORMÁTICA",237
VENTA Y COMPRA DE ARTICULOS NUEVOS Y/O USADOS,234
VENTA AL POR MAYOR EN COMISIÓN O CONSIGNACIÓN DE MADERA Y MATERIALES PARA LA CONSTRUCCIÓN,234
"SERVICIOS DE RADIO (NO INCLUYEN LA TRANSMISIÓN, ACTIVIDAD 642010)",233
"VENTA AL POR MAYOR DE ARTÍCULOS DE ÓPTICA Y DE FOTOGRAFÍA (INCL. VENTA DE LENTES DE CONTACTO, LÍQUIDOS OFTARMOLÓGICOS, ARMAZONES, CRISTALES ÓPTICOS, PELÍCULAS FOTOGRÁFICAS, CÁMARAS, ETC.)",229
CULTIVO DE PLANTAS DE INTERIOR Y VIVEROS,226
"SERVICIOS DE ALOJAMIENTO EN HOTELES, HOSTERÍAS Y RESIDENCIALES SIMILARES, EXCEPTO POR HORA, QUE NO INCLUYEN SERVICIO DE RESTAURANTE AL PÚBLICO",225
VENTA AL POR MENOR DE TUBO PARA NEUMÁTICOS Y CUBIERTAS,225
TÉCNICOS DE SUELO,225
"VENTA AL POR MAYOR EN COMISIÓN O CONSIGNACIÓN DE PAPEL, CARTÓN, LIBROS, REVISTAS, DIARIOS, MATERIALES DE EMBALAJE Y ARTÍCULOS DE LIBRERÍA",225
SERVICIOS DE PERSONAL MÉDICO Y PARAMÉDICO,223
DISEÑO E INSTALACIÓN DE LETREROS Y VALLAS,219
"VENTA AL POR MENOR DE ABERTURAS (INCL. PUERTAS, VENTANAS, CORTINAS DE ENROLLAR DE PVC, MADERA, ALUMINIO, PUERTAS CORREDIZAS, FRENTES DE PLACARDS, ETC.)",219
"SERVICIOS DE MANIPULACIÓN DE CARGA (INCL. LOS SERV. DE CARGA Y DESCARGA DE MERCANCÍAS O EQUIPAJES DE PASAJEROS, SIN DISCRIMINAR MEDIOS DE TRANSP., LA ESTIBA Y DESESTIBA, ETC.)",218
SERVICIOS DE SINDICATOS,218
"VENTA AL POR MENOR DE HUEVOS, CARNE DE AVES Y PRODUCTOS DE GRANJA Y DE LA CAZA N.C.P.",217
FABRICACIÓN DE MEDICAMENTOS DE USO HUMANO Y PRODUCTOS FARMACÉUTICOS,215
"CULTIVO DE BULBOS, BROTES, RAÍCES Y HORTALIZAS DE FRUTOS N.C.P.(INCL. AJÍ, AJO, ALCAPARRA, BERENJENA, CEBOLLA, AUYAMA, ESPÁRRAGO,",214
"VENTA AL POR MAYOR DE ARTÍCULOS DE RELOJERÍA, JOYERÍA Y FANTASÍAS",211
VENTA AL POR MENOR DE PESCADOS Y PRODUCTOS DE LA PESCA,210
"OTROS SERVICIOS (ESTUDIANTES, AMAS DE CASA, PENSIONADOS)",209
"ESTUDIO DE MERCADO, REALIZACIÓN DE ENCUESTAS DE OPINIÓN PÚBLICA",209
REMODELACIÓN O RENOVACIÓN DE ESTRUCTURAS RESIDENCIALES EXISTENTES,209
"VENTA AL POR MENOR DE BOMBONES, GOLOSINAS Y DEMÁS PRODUCTOS DE CONFITERÍA",207
VENTA AL POR MENOR DE PRODUCTOS DE HERBORISTERÍA,206
"ALQUILER DE MAQUINARIA Y EQUIPO DE CONSTRUCCIÓN E INGENIERÍA CIVIL, SIN OPERARIOS (INCL. EL ALQUILER DE ANDAMIOS SIN MONTAJE NI DESMANTELAMIENTO)",204
VENTA DE TEJIDOS,203
IMPRESIÓN DE DIARIOS Y REVISTAS,203
DISTRIBUCIÓN Y ENTREGA DE CORRESPONDENCIA Y PAQUETES,200
ESTUDIOS DE GRABACIÓN O PRODUCCIÓN MUSICAL,200
"SERVICIOS DE AGENCIAS DE NOTICIAS Y SERVICIOS DE INFORMACIÓN (INCL. EL SUMINISTRO DE MATERIAL INFORMATIVO, FOTOGRÁFICO Y PERIODÍST",198
INSTALACIONES PARA EDIFICIOS Y OBRAS DE INGENIERÍA CIVIL N.C.P.,197
EMISIÓN DE PROGRAMAS DE TELEVISIÓN,195
"CONSTRUCCIÓN DE HOSPITALES, ESCUELAS, EDIFICIOS DE OFICINAS",194
SERVICIOS RELACIONADOS CON LA ELECTRÓNICA Y LAS COMUNICACIONES,193
COLMADONES,193
PRODUCCIÓN DE ESPECTÁCULOS TEATRALES Y MUSICALES,193
"SERVICIOS DE ALOJAMIENTO POR HORA, MOTELES Y CABAÑAS",192
"VENTA AL POR MAYOR EN COMISIÓN O CONSIGNACIÓN DE MINERALES, METALES Y PRODUCTOS QUÍMICOS INDUSTRIALES",191
PRODUCCIÓN DE VÍDEOS,191
CRÍA DE AVES PARA PRODUCCIÓN DE HUEVOS (INCL. POLLITOS BB PARA POSTURA),190
ACTIVIDADES DE APOYO PARA EL DEPORTE O ACTIVIDADES RECREATIVAS,189
"VENTA AL POR MAYOR DE MATERIAS PRIMAS AGRÍCOLAS Y DE LA SILVICULTURA N.C.P. (INCL. EL ACOPIO Y VENTA AL POR MAYOR DE FRUTAS, FLORE",188
VENTA AL POR MENOR DE PINTURAS Y PRODUCTOS CONEXOS,187
ENSEÑANZA UNIVERSITARIA EXCEPTO FORMACIÓN DE POSGRADO,187
"PRODUCCIÓN DE LECHE DE GANADO N.C.P. (INCL. LA CRÍA DE GANADO DE BÚFALA, CABRA, ETC. PARA LA PRODUCCION DE LECHE)",186
VENTA AL POR MENOR DE EQUIPOS DE TELECOMUNICACIONES,186
"VENTA AL POR MAYOR DE ABONOS, FERTILIZANTES Y PLAGUICIDAS",185
PLANIFICACIÓN Y DISEÑO DE LOS SISTEMAS INFORMÁTICOS,184
"VENTA AL POR MAYOR DE ARTÍCULOS DE LOZA, CERÁMICA Y PORCELANA DE USO EN CONSTRUCCIÓN",183
"VENTA AL POR MENOR DE MUEBLES EXCEPTO DE OFICINA, LA INDUSTRIA, EL COMERCIO Y LOS SERVICIOS; ARTÍCULOS DE MIMBRE Y CORCHO",183
VENTA AL POR MENOR DE PRODUCTOS VETERINARIOS Y ANIMALES DOMÉSTICOS,179
CULTIVO DE CAÑA DE AZÚCAR,178
LAVANDERÍA Y SERVICIOS RELACIONADOS A LAS OPERACIONES DE APOYO,177
FABRICACIÓN EN INDUSTRIAS BÁSICAS DE PRODUCTOS DE HIERRO Y ACERO N.C.P.,176
"FABRICACIÓN DE PRODUCTOS QUÍMICOS N.C.P. (INCL. LA PRODUCCIÓN DE ACEITES ESENCIALES, ETC.)",173
CONSULTORÍA AMBIENTAL,173
"FABRICACIÓN DE PREPARADOS PARA LIMPIEZA, PULIDO Y SANEAMIENTO",173
FABRICACIÓN DE PRODUCTOS DE MADERA N.C.P,171
VENTA AL POR MAYOR DE SOFTWARE,170
"VENTA AL POR MENOR DE ALIMENTOS, BEBIDAS Y PRODUCTOS DE TABACO EN PUESTOS DE VENTAS AMBULANTES",169
TRANSPORTE TERRESTRE DE PASAJEROS POR AUTOBUS,169
"REPRESENTACIÓN DE MEDIOS, Y VENTA DE TIEMPO Y ESPACIOS PARA VARIOS MEDIOS SOLICITANTES DE PUBLICIDAD",169
"ELABORACIÓN INDUSTRIAL DE PRODUCTOS DE PANADERÍA, EXCLUIDO GALLETITAS Y BIZCOCHOS (INCL. LA ELABORACIÓN EN ESTABLECIMIENTOS CON MA",167
ALQUILER DE EQUIPO DE CONSTRUCCIÓN O DEMOLICIÓN DOTADO DE OPERARIOS,167
VENTA AL POR MENOR DE MUEBLES,167
"VENTA AL POR MAYOR DE ARTÍCULOS DE PLOMERÍA, ELECTRICIDAD, CALEFACCIÓN, OBRAS SANITARIAS, ETC.",167
"SERVICIOS COMPLEMENTARIOS PARA EL TRANSPORTE TERRESTRE N.C.P. (INCL. SERV. DE MANTENIMIENTO DE MATERIAL FERROVIARIO, TERMINALES Y",166
VENTA AL POR MENOR DE PRODUCTOS TEXTILES,166
"VENTA ARTICULOS RELACIONADOS CON LA SALUD (MATERIALES REACTIVOS, PRUEBAS RAPIDAS, ETC)",165
ELABORACIÓN DE PRODUCTOS DE TABACO N.C.P.,165
PREPARACIÓN DE DECLARACIONES DE INGRESOS PARA PERSONAS Y EMPRESAS,164
ESTUDIOS CINEMATOGRAFICOS,163
VENTA AL POR MAYOR DE FLORES Y PLANTAS NATURALES Y ARTIFICIALES,163
OTROS NO CLASIFICADOS,163
"SERVICIOS DE HOSPEDAJE TEMPORAL N.C.P. (INCL. HOSPEDAJES EN ESTANCIAS, RESIDENCIAS PARA ESTUDIANTES Y ALBERGUES JUVENILES, APARTAMENTOS TURÍSTICOS, ETC.)",162
"VENTA AL POR MAYOR DE EQUIPOS DE SONIDO, RADIO Y TELEVISIÓN, COMUNICACIONES Y SUS COMPONENTES, REPUESTOS Y ACCESORIOS",161
"INST. Y REPAR. DE LUNETAS Y VENTANILLAS, ALARMAS, CERRADURAS, RADIOS, SISTEMAS DE CLIMATIZACIÓN AUTOMOTOR Y GRABADO DE CRISTALES",160
VENTA AL POR MAYOR DE PINTURAS Y PRODUCTOS CONEXOS,160
VENTA AL POR MENOR DE ARTÍCULOS DE ÓPTICA Y FOTOGRAFÍA,159
MUSICOS,159
"TERMINACIÓN DE EDIFICIOS Y OBRAS DE INGENIERÍA CIVIL N.C.P. (INCL. TRABAJOS DE ORNAMENTACIÓN, LIMPIEZA EXTERIOR DE EDIFICIOS CON VAPOR, CHORRO DE ARENA U OTROS MÉTODOS, ETC.)",159
"CRÍA DE GANADO PORCINO, EXCEPTO EN CABAÑAS",159
FRACCIONAMIENTO Y DISTRIBUCIÓN DE GAS LICUADO,159
"VENTA AL POR MAYOR DE AVES, HUEVOS Y PRODUCTOS DE GRANJA Y DE LA CAZA N.C.P.",157
TRADUCTORES,156
"IMPRESIÓN DE MANUSCRITOS, MAPAS, ATLAS, CARTELES, CATÁLOGOS DE PUBLICIDAD, FOLLETOS Y OTROS IMPRESOS PUBLICITARIOS",155
SERVICIO DE TRANSPORTE ESCOLAR (INCL. EL SERV. DE TRANSP. PARA COLONIAS DE VACACIONES Y CLUBES),155
"VENTA AL POR MAYOR DE PRENDAS DE VESTIR, ROPA DE CAMA",155
EMBOTELLADO DE AGUAS NATURALES Y MINERALES,153
"ACTIVIDADES DE CRÉDITO PARA FINANCIAR OTRAS ACTIVIDADES ECONÓMICAS (INCL. LAS EMPRESAS DE FACTORING Y OTRAS FORMAS DE ADELANTO, ETC.)",151
VENTA AL POR MENOR DE MÁQUINAS Y MOTORES Y SUS REPUESTOS,150
"ELABORACIÓN DE PRODUCTOS LÁCTEOS N.C.P. (INCL. LA PRODUCCIÓN DE CASEÍNAS, CASEINTOS LÁCTEOS, CREMAS, MANTECA, POSTRES, ETC.)",150
SERVICIOS DE TASACIÓN DE PROPIEDADES INMOBILIARIAS,149
"CULTIVO DE FRUTAS N.C.P. (INCL. PIÑA, HIGO, KIWI, MAMÓN, AGUACATE, UVA DE MESA, ETC.)",149
FABRICACIÓN DE JABONES Y DETERGENTES,148
"SERVICIO DE TRANSPORTE AUTOMOTOR INTERURBANO DE PASAJEROS (INCL. LOS SERV. DE TRANSP. REGULAR DE MÁS DE 50 KM, LOS LLAMADOS SERVICIOS DE LARGA DISTANCIA)",147
SERVICIO DE TRANSPORTE MARÍTIMO DE CARGA,146
HOTELES RESORTS,145
VENTA AL POR MAYOR DE MARISCOS,145
SERVICIOS DE MUDANZA (INCL. SERVICIO DE GUARDAMUEBLES),143
"CULTIVO DE HORTALIZAS DE HOJA Y DE OTRAS HORTALIZAS FRESCAS (INCL. ACELGA, APIO, CEBOLLA DE VERDEO, CHOCLO, COLES, ESPINACA, LECHU",143
VENTA AL POR MENOR DE ELECTRODOMÉSTICOS Y ELECTRÓNICA DE CONSUMO,143
SERIGRAFIADO DE PRENDAS DE VESTIR,142
AGENTES DE CAMBIO,141
"RECOLECCIÓN, REDUCCIÓN Y ELIMINACIÓN DE DESPERDICIOS",139
"VENTA AL POR MENOR DE SEMILLAS, ABONOS, FERTILIZANTES Y OTROS PRODUCTOS DE VIVERO",139
VENTA AL POR MENOR DE CUALQUIER TIPO DE PRODUCTO A TRAVÉS DE INTERNET,139
"ALQUILER DE MAQUINARIA Y EQUIPO N.C.P., SIN PERSONAL",138
RECICLAMIENTO DE DESPERDICIOS Y DESECHOS NO METÁLICOS,138
VENTA AL POR MENOR DE CALZADO EXCEPTO EL ORTOPÉDICO,138
INGENIERÍA DE SISTEMAS Y DE SEGURIDAD,138
VENTA AL POR MENOR POR COMISIONISTAS (NO-STORE),137
CONSULTORÍA EN SEGURIDAD,137
"SERVICIOS DE ASESORAMIENTO, DIRECCIÓN Y GESTIÓN EMPRESARIAL REALIZADOS POR INTEGRANTES DE CUERPOS DE DIRECCIÓN EN SOCIEDADES EXCEPTO LAS ANÓNIMAS",137
CASINOS DE JUEGOS,137
"ELABORACIÓN DE JUGOS NATURALES Y SUS CONCENTRADOS, DE FRUTAS, HORTALIZAS Y LEGUMBRES",136
"ELABORACIÓN Y ENVASADO DE DULCES, MERMELADAS Y JALEAS",136
"VENTA AL POR MAYOR DE PRODUCTOS TEXTILES EXCEPTO TELAS, TEJIDOS, PRENDAS Y ACCESORIOS DE VESTIR (INCL. FIBRAS VEGETALES, ANIMALES,",136
"VENTA, REPARACION O ALQUILER DE PLANTAS ELECTRICAS",135
VENTA AL POR MAYOR DE METALES Y MINERALES METALÍFEROS,135
VENTA DE ALIMENTOS PARA ANIMALES,134
TRANSPORTE DE MERCADERIA Y MATERIALES PESADOS,134
"FABRICACIÓN DE PRODUCTOS PLÁSTICOS EN FORMAS BÁSICAS Y ARTÍCULOS DE PLÁSTICO N.C.P., EXCEPTO MUEBLES",133
"CONSTRUCCIÓN, REFORMA Y REPARACIÓN DE OBRAS HIDRÁULICAS (INCL. OBRAS FLUVIALES Y CANALES, ACUEDUCTOS, DIQUES, ETC.)",133
"VENTA AL POR MENOR DE INSTRUMENTOS MUSICALES, EQUIPOS DE SONIDO, CASETES DE AUDIO Y VIDEO, DISCOS DE AUDIO Y VIDEO",132
FABRICACIÓN DE PREMOLDEADAS PARA LA CONSTRUCCIÓN,131
ACTIVIDADES DE ARTISTAS INDIVIDUALES,131
SUMINISTRO DE COMIDAS BASADO EN ACUERDOS CONTRACTUALES,130
"VENTA AL POR MAYOR DE BEBIDAS NO ALCOHÓLICAS (INCL. LA VENTA DE AGUAS, SODAS, BEBIDAS REFRESCANTES, JARABES, EXTRACTOS, CONCENTRAD",128
"EDICIÓN DE PERIÓDICOS, REVISTAS Y PUBLICACIONES PERIÓDICAS",126
VENTA AL POR MENOR DE ARTÍCULOS DE FANTASÍA.,125
SERVICIOS DE INTERMEDIACIÓN FINANCIERA REALIZADA POR LAS COMPAÑÍAS FINANCIERAS,125
VENTA DE EQUIPOS P/GENERACION DE ENERGIA ALTERNATIVA,124
OPERADORAS DE ZONAS FRANCAS,124
"EDICIÓN DE LIBROS, FOLLETOS, PARTITURAS Y OTRAS PUBLICACIONES",123
"VENTA AL POR MAYOR DE MUEBLES E INSTALACIONES PARA LA INDUSTRIA, EL COMERCIO Y LOS SERVICIOS N.C.P.",122
PRODUCCIÓN DE BISUTERÍA Y ACCESORIOS,121
INGENIERO AGRÓNOMO,121
VENTA AL POR MENOR DE PRODUCTOS LUBRICANTES Y PRODUCTOS DE REFRIGERACIÓN PARA VEHÍCULOS DE MOTOR,121
SUPLIDORES DE EQUIPOS Y MATERIALES PARA HOTELES Y RESTAURANTES,120
TRANSPORTE DE AGUA,119
VENTA AL POR MAYOR DE TEJIDOS (TELAS),119
"SERV. AUXILIARES PARA LOS SERV. GENERALES DE LA ADM PÚBLICA N.C.P. (INCL. LAS ACTIV. DE SERV. GRALES. Y DE PRESONAL, LA ADM, DIRECCIÓN Y APOYO DE SERVICIOS GRALES, COMPRAS Y SUMINISTROS, ETC)",117
"VENTA AL POR MENOR DE ARTÍCULOS DE DEPORTE, EQUIPOS E INDUMENTARIA DEPORTIVA",117
PROYECTO DE GESTIÓN DE LAS ACTIVIDADES RELACIONADAS CON LA CONSTRUCCIÓN,117
"PRODUCCIÓN Y DISTRIBUCIÓN POR TELEVISIÓN (NO INCL. LA TRANSMISIÓN, ACTIVIDAD 642010)",116
DISEÑADORES DE ALTA COSTURA,116
"VENTA DE MAQUINARIA INCLUYENDO DE OFICINA Y COMPUTADORAS, EQUIPOS INDUSTRIALES, BARCOS Y AVIONES",115
VENTA AL POR MENOR DE INDUMENTARIA PARA BEBÉS Y NIÑOS,115
CASAS DE EMPEÑO,114
FABRICACIÓN DE CARPINTERÍA METÁLICA,114
INGENIERO MECANICO,113
"ACABADO, TALES COMO LA TAPICERÍA DE SILLAS Y ASIENTOS",113
ACTORES,112
VENTA AL POR MAYOR DE MUEBLES N.C.P. EXCEPTO DE OFICINA; ARTÍCULOS DE MIMBRE Y CORCHO; COLCHONES Y SOMIERES,112
"INSTALACIONES DE GAS, AGUA Y SANITARIOS CON SUS ARTEFACTOS CONEXOS (INCL. LA INSTALAC. DE COMPACTADORES, CALDERAS, SISTEMAS DE CAL",111
"REPARACIONES ELÉCTRICAS, DEL TABLERO E INSTRUMENTAL; REPARACIÓN Y RECARGA DE BATERÍAS",111
"SERVICIOS DE HOSPITAL DE DÍA (INCL. LAS ACTIV. DE TRATAMIENTO QUE NO NECESITAN HOSPITALIZACIÓN A TIEMPO COMPLETO, TALES COMO TRATAMIENTO ONCOLÓGICO, INFECTOLÓGICOS, DIALÍTICO, ETC.)",111
"VENTA AL POR MAYOR DE MÁQ. EQUIPOS E IMPLEM. DE USO EN IMPRENTAS, ARTES GRÁFICAS Y ACTIV. CONEXAS (INCL. VENTA DE MAQ. FOTOCOPIADORA EXCEPTO LA DE USO PERSONAL, OPIADORA DE PLANOS, IMPRESORAS, ETC.)",110
"CONSTRUCCIÓN, REFORMA Y REPARACIÓN DE OBRAS DE INFRAESTRUCTURA DEL TRANSPORTE N.C.P (INCL. LA CONSTRUC. REFORMA Y REPARACIÓN DE AC",110
"VENTA AL POR MAYOR DE MÁQUINAS, EQUIPOS E IMPLEMENTOS DE USO EN LOS SECTORES AGROP. JARDINERÍA, SILVICULTURA, PESCA Y CAZA (INCL.",110
FABRICACIÓN DE CIGARROS,109
FABRICACIÓN DE PINTURAS; BARNICES Y PRODUCTOS DE REVESTIMIENTO SIMILARES; TINTAS DE IMPRENTA Y MASILLAS,109
VENTA AL POR MAYOR DE PRODUCTOS VETERINARIOS,108
"INSTALACIONES DE ASCENSORES, MONTACARGAS Y ESCALERAS MECÁNICAS",107
"VENTA DE TAPICES, CORTINAS, ALFOMBRAS",106
VENTA AL POR MAYOR EN COMISIÓN O CONSIGNACIÓN DE MERCADERÍAS N.C.P. (INCL. GALERÍAS DE ARTE),105
"VENTA AL POR MAYOR DE PRODUCTOS INTERMEDIOS N.C.P., DESPERDICIOS Y DESECHOS METÁLICOS (INCL. CHATARRA, VIRUTA DE METALES DIVERSOS, ETC.)",105
ACTIVIDADES DE LAS SOCIEDADES HOLDING,105
ACTIVIDADES DE ÓPTICAS,104
SERVICIOS DE HOGARES PRIVADOS QUE CONTRATAN SERVICIO DOMÉSTICO,103
INVESTIGACIÓN Y DESARROLLO EXPERIMENTAL EN EL CAMPO DE LA INGENIERÍA Y LA TECNOLOGÍA,103
"FABRICACIÓN DE MUEBLES Y PARTES DE MUEBLES, PRINCIPALMENTE DE OTROS MATERIALES (METAL, PLÁSTICO, ETC.)",102
"VENTA AL POR MAYOR DE CALZADO EXCEPTO EL ORTOPÉDICO (INCL. VENTA DE CALZADO DE CUERO, TELA, PLÁSTICO, GOMA, ETC.)",102
ELABORACIÓN DE FIAMBRES Y EMBUTIDOS,102
SERVICIO DE TRANSPORTE AÉREO DE CARGAS,102
"VENTA AL POR MENOR EN HIPERMERCADOS CON PREDOMINIO DE PRODUCTOS ALIMENTARIOS Y BEBIDAS. GRANDES TIENDAS, PLAZAS.",100
CULTIVO DE PAPA,99
DESARROLLO Y LA TRANSFORMACIÓN DE PELÍCULAS DE CINE,98
"FABRICACIÓN DE PUERTAS, VENTANAS, MARCOS, POSTIGOS, PERSIANAS, ZÓCALOS DE PLÁSTICO",98
OPERACIÓN DE LA ELECTRICIDAD Y LA CAPACIDAD DE TRANSMISIÓN PARA LOS INTERCAMBIOS DE ENERGÍA ELÉCTRICA,97
ALQUILER DE MAQUINARIAS Y UTENSILIOS PARA FIESTAS,97
RECICLAMIENTO DE DESPERDICIOS Y DESECHOS METÁLICOS,97
SERVICIO DE TRANSPORTE AÉREO DE PASAJEROS,97
FABRICACIÓN DE SOMIERES Y COLCHONES,96
ELABORACIÓN DE QUESOS (INCL. LA PRODUCCIÓN DE SUERO),96
"SERVICIOS DE IMPRESIÓN HELIOGRÁFICA, FOTOCOPIA Y OTRAS FORMAS DE REPRODUCCIONES",96
"ACTIVIDADES DE DOMESTICAS, COCINEROS, CAMAREROS, VALETS, MAYORDOMOS, LAVANDERAS, JARDINEROS, GUARDIANES",95
"VIDEOGRABACIÓN DE EVENTOS: BODAS, REUNIONES ETC",94
SERVICIOS AUXILIARES A LOS SERVICIOS DE SEGUROS N.C.P.,93
"VENTA DE ARENA, GRAVA, CASCAJO EN ESTADO NATURAL",92
"SERVICIOS DE ASOCIACIONES DE ESPECIALISTAS EN DISCIPLINAS CIENTÍFICAS, PRÁCTICAS PROFESIONALES Y ESFERAS TÉCNICAS",92
ALQUILER DE ROPA,92
ELABORACIÓN INDUSTRIAL DE HELADOS (NO INCL. LAS HELADERIAS ARTESANALES),92
"VENTA AL POR MENOR DE INDUMENTARIA DE TRABAJO, UNIFORMES Y GUARDAPOLVOS",92
"VENTA AL POR MENOR DE BOLÍGRAFOS, LÁPICES, PAPEL ETC",92
"VENTA AL POR MAYOR DE CAFÉ, TÉ, YERBA MATE Y OTRAS INFUSIONES Y ESPECIAS Y CONDIMENTOS (INCL. LA VENTA DE SAL, ETC.)",92
"VENTA AL POR MAYOR DE MÁQUINAS, EQUIPOS E IMPLEMENTOS DE USO ESPECIAL N.C.P. (INCL. MOTONIVELADORAS, ESCAVADORAS, PALAS MECÁNICAS, PERFORADORAS-PERCUTORAS, ETC.)",92
CRÍA EN CABAÑAS DE GANADO N.C.P.,91
PREPARACIÓN O AUDITORÍA DE LAS CUENTAS FINANCIERAS,91
"SERVICIOS DE ALMACENAMIENTO Y DEPÓSITO (INCL. SILOS DE GRANOS, DEPÓSITOS CON CÁMARAS FRIGORÍFICAS, ALMACENES PARA MERCANCÍAS DIVER",91
PRODUCCIÓN DE SEMILLAS DE CULTIVOS AGRÍCOLAS N.C.P.,90
VENTA AL POR MENOR DE BATERÍAS,90
"APICULTURA (INCL. LA PRODUCCIÓN DE MIEL, JALEA REAL, POLEN, PROPÓLEO, ETC.)",90
SERV. DE ATENCIÓN DOMICILIARIA PROG. (INCL. LAS ACTIV. LLEVADAS A CABO EN ESTAB. QUE OFRECEN ATENCIÓN POR MÓDULOS A DOMICILIO Y ACTIV. DE AGENTES SANIT. RELAC. CON LA PREVENC. Y EDUC. PARA LA SALUD),89
VENTA AL POR MENOR DE ARTÍCULOS USADOS N.C.P. EXCLUIDOS AUTOMOTORES Y MOTOCICLETAS,89
VENTA DE PRODUCTOS PARA LA FABRICACION DE EQUIPOS P/GENERACION DE ENERGIA ALTERNATIVA,89
SERVICIOS DE ENTREGA A DOMICILIO,88
CULTIVO DE AGUACATE,88
"VENTA AL POR MAYOR DE ARTÍCULOS DE USO DOMÉSTICO Y/O PERSONAL N.C.P (INCL. ART. DE PLATERÍA EXCEPTO LOS INCLUIDOS EN TALABARTERÍA, CUADROS Y MARCOS QUE NO SEAN OBRA DE ARTE O DE COLECCIÓN, ETC.)",87
ORGANIZACIONES DE APOYO A LA COMUNIDAD Y CENTROS DE ENSEÑANZA N. C. P.,87
SERVICIOS DE SANEAMIENTO PÚBLICO N.C.P.,87
"ACTIVIDADES DE CONSULTORES QUE NO SEAN LA ARQUITECTURA, LA INGENIERÍA Y LA GESTIÓN DE CONSULTORES",87
FABRICACIÓN DE JOYAS Y ARTÍCULOS CONEXOS,86
OPERADORAS DE FRANQUICIAS,86
"SERVICIOS DE SALONES DE BAILE, DISCOTECAS Y SIMILARES",85
"VENTA AL POR MENOR DE BEBIDAS, EXEPTO CAFÉ Y TE",85
"CULTIVO DE FRUTAS CÍTRICAS (INCL. LIMA, LIMÓN, MANDARINA, NARANJA, MANGO, TORONJA, KINOTO, ETC.)",85
ACABADO DE PRODUCTOS TEXTILES,85
EMPRESAS DE EMPAQUES,85
SERVICIOS NÁUTICOS (ESCUELAS DE BUCEO Y ALQUILER DE EQUIPOS NÁUTICOS),85
VENTA AL POR MAYOR DE PESCADO EXCEPTO MARISCOS,85
"DISEÑO DE PRODUCTOS DE IMPRENTA, BOCETOS Y MANIQUIES",84
"SERVICIOS DE TRANSMISIÓN N.C.P. DE SONIDO, IMÁGENES, DATOS U OTRA INFORMACIÓN",83
"COLOCACIÓN DE CRISTALES EN OBRA (INCL. LA INSTALACIÓNY REVESTIMIENTO DE VIDRIO, ESPEJOS Y OTROS ARTÍCULOS DE VIDRIO, ETC.)",83
FABRICACIÓN DE INVERSORES,82
"CRÍA DE ANIMALES Y OBTENCIÓN DE PRODUCTOS DE ORIGEN ANIMAL, N.C.P. (INCL. CIERVO, CONEJO EXCEPTO PARA PELO, GATO, LOMBRIZ PÁJARO,",82
"VENTA AL POR MAYOR DE ARTÍCULOS DE ESPARCIMIENTO Y DEPORTES (INCL. EMBARCACIONES DEPORTIVAS, ARMAS Y MUNICIONES, EQUIPOS DE PESCA, ETC.)",82
SERVICIOS RELACIONADOS CON LA PREVENCION DE INCENDIOS,81
VENTA MINORISTA DE METALES Y SIMILARES,81
"VENTA AL POR MAYOR DE MANTELERÍA, ROPA DE CAMA Y ARTÍCULOS TEXTILES PARA EL HOGAR",81
"FABRICACIÓN DE TORTAS, PASTELES, TARTAS, ETC",81
CABLEADO DE TELECOMUNICACIONES,81
VENTA AL POR MAYOR DE PAPEL Y PRODUCTOS DE PAPEL Y CARTÓN EXCEPTO ENVASES,81
"VENTA AL POR MAYOR DE CHOCOLATES, GOLOSINAS Y PRODUCTOS PARA KIOSCOS Y POLIRRUBROS N.C.P., EXCEPTO CIGARRILLOS",80
"CAPTACIÓN, DEPURACIÓN Y DISTRIBUCIÓN DE AGUA DE FUENTES SUPERFICIALES",80
FABRICACIÓN DE ENVASES PLÁSTICOS,80
MANTENIMIENTO Y REPARACIÓN DE FRENOS,79
VENTAS DISTRIBUCIÓN DE TARJETAS DE LLAMADAS TELEFÓNICAS (COMISIONISTAS),79
SERVICIOS RELACIONADOS CON BASES DE DATOS,79
"FABRICACIÓN DE CERRADURAS, HERRAJES Y ARTÍCULOS DE FERRETERÍA N.C.P. (NO INCL. CLAVOS, PRODUCTOS DE BULONERÍA, VAJILLA DE MESA Y D",78
SERVICIO DE TRANSPORTE FERROVIARIO DE CARGAS,78
PERFORACIÓN DE POZOS DE AGUA,77
"VENTA AL POR MAYOR DE MÁQUINAS, EQUIPO Y MATERIALES CONEXOS N.C.P. (INCL. MAQ. REGISTRADORAS DE ESCRIBIR Y DE CALCULAR MECÁNICAS,",77
FABRICACIÓN DE ARTÍCULOS DE CEMENTO Y FIBROCEMENTO,77
CABLEADO ELÉCTRICO Y ACCESORIOS,76
"ELABORACIÓN DE RAMOS, CORONAS Y CESTAS DE FLORES, FLORES ARTIFICIALES, FRUTAS Y FOLLAJE",76
"VENTA AL POR MENOR DE CONFECCIONES PARA EL HOGAR (INCL. LA VENTA AL POR MENOR DE SÁBANAS, TOALLAS, MANTELERÍA, CORTINAS CONFECCION",76
HOGARES Y ALBERGUES INFANTILES,76
"DISTRIBUCIÓN DE AGUA A TRAVÉS DE LA RED, POR CAMIONES U OTROS MEDIOS",75
SERVICIOS DE SEGUROS DE SALUD (INCL. MEDICINA PREPAGADA),75
"EXPLOTACIÓN DE MINAS Y CANTERAS N.C.P. (INCL. AMINATO, BARITINA, CUARZO, DIATOMITA, PIEDRA PÓMEZ, ÁGATA, AGUA MARINA, CRISTAL DE R",75
"INSTRUCCIÓN EN HABILIDADES PARA CONVERSAR E IDIOMÁTICAS, CURSOS DE LECTURA RÁPIDA, INSTRUCCIÓN RELIGIOSA",74
VIGILANCIA Y SEGURIDAD,74
CULTIVO DE TABACO,74
INSTALACIONES DE PROCESAMIENTO DE DATOS Y SERVICIOS DE SOPORTE RELACIONADOS,74
CULTIVO DE TOMATE,73
"ACTIVIDADES DE CHOFERES, CUIDADORES, INSTITUTRICES, NIÑERAS, TUTORES, SECRETARIOS ETC",73
"CULTIVO DE OLEAGINOSAS N.C.P. (INCLUYE CULT. DE OLEAGINOSAS PARA ACEITES COMESTIBLES Y/O USO INDUSTRIAL CÁRTAMO, COLZA, JOJOBA, LI",72
"EXPLOTACIÓN DE CRIADEROS DE PECES, GRANJAS PISCÍCOLAS Y OTROS FRUTOS ACUÁTICOS (ACUICULTURA)",72
ALQUILER DE GRÚAS CON UN OPERADOR,71
VENTA AL POR MENOR DE ARTÍCULOS DEPORTIVOS,71
VENTA AL POR MAYOR DE CONDIMENTOS Y ESPECIAS,71
"FOTOGRAFÍA DE PUBLICIDAD, EDITORIALES, MODA, INMOBILIARIAS O TURÍSTICAS",70
"VENTA AL POR MAYOR DE PAPELES PARA PARED, REVESTIMIENTO PARA PISOS DE GOMA, PLÁSTICO Y TEXTILES, Y ARTÍCULOS SIMILARES PARA LA DECORACIÓN",70
"FABRICACIÓN DE CORTINAS, DOSELES, CORTINAS, COLCHAS, MUEBLES O MÁQUINA CUBRE ETC",69
VENTA DE ANIMALES Y AVES VIVAS,69
ARTISTAS PLASTICOS,68
"FABRICACIÓN DE PRODUCTOS METÁLICOS N.C.P. (INCL. CLAVOS, PRODUCTOS DE BULONERÍA, VAJILLA DE MESA Y DE COCINA, ETC.)",68
REPARACIÓN DE ARTÍCULOS N.C.P.,68
VENTA AL POR MAYOR DE ROPA PARA DEPORTES,68
SERVICIOS DE TUTORÍA ACADÉMICA,67
DISTRIBUCIÓN DE ENERGÍA ELÉCTRICA,67
"FABRICACIÓN DE MATERIALES DE CONSTRUCCIÓN DE SUSTANCIAS VEGETALES AGLOMERADOS CON CEMENTO, YESO U OTROS MINERALES",66
"SERVICIOS AUXILIARES A LA INTERMEDIACIÓN FINANCIERA N.C.P., EXCEPTO A LOS SERVICIOS DE SEGUROS Y DE ADMINISTRACIÓN DE FONDOS DE JUBILACIONES Y PENSIONES",66
ASERRADO Y CEPILLADO DE MADERA,66
MANTENIMIENTO Y REPARACIÓN DE MOTOCICLETAS,66
ACTIVIDADES DE RADIODIFUSIÓN A TRAVÉS DE INTERNET,65
FABRICACIÓN DE ARTÍCULOS CONFECCIONADOS DE MATERIALES TEXTILES EXCEPTO PRENDAS DE VESTIR N.C.P.,65
"SERV. DE TRANSP. AUTOMOTOR URBANO DE OFERTA LIBRE DE PASAJEROS EXCEPTO MEDIANTE TAXIS Y REMISES, ALQUILER DE AUTOS CON CHOFER Y TRANSP. ESCOLAR (INCL. SERV. URBANOS ESPECIALES COMO CHARTERS, ETC.)",65
"CRÍA DE GANADO OVINO, PORCINO Y CAPRINO EN CABAÑAS (INCLUYE LA PRODUCCIÓN DE SEMEN)",65
FABRICACIÓN DE PARTES; PIEZAS Y ACCESORIOS PARA VEHÍCULOS AUTOMOTORES Y SUS MOTORES,65
"SERVICIOS DE LABRANZA, SIEMBRA, TRANSPLANTE Y CUIDADOS CULTURALES",65
"SERVICIOS DE SEGUROS DE VIDA (INCL. LOS SEGUROS DE VIDA, RETIRO Y SEPELIO)",64
MANTENIMIENTO DE LAS TIERRAS PARA USO AGRÍCOLA,64
"CREACIÓN Y DESARROLLO DE DISEÑOS Y ESPECIFICACIONES QUE OPTIMIZAN EL USO, EL VALOR Y LA APARIENCIA DE LOS PRODUCTOS",64
"ELABORACIÓN DE CACAO, CHOCOLATE Y PRODUCTOS A BASE DE CACAO",64
"FABRICACIÓN D ESHAMPOO, LACAS PARA EL CABELLO",63
"VENTA AL POR MENOR DE PAPELES PARA PARED, REVESTIMIENTOS PARA PISOS Y ARTÍCULOS SIMILARES PARA LA DECORACIÓN",63
"FABRICACIÓN DE MOTORES, GENERADORES Y TRANSFORMADORES ELÉCTRICOS",63
VENTA DE CAFÉ Y TE,62
SERVICIOS N.C.P.,62
VENTA AL POR MENOR DE MADERAS Y ARTÍCULOS DE MADERA Y CORCHO EXCEPTO MUEBLES,62
VENTA AL POR MAYOR DE MÁQUINAS - HERRAMIENTA DE USO GENERAL,62
VENTA DE GAS A LOS USUARIOS,61
VENTA AL POR MENOR DE BEBIDAS Y PRODUCTOS DEL TABACO,61
FORMACIÓN DE POSGRADO,61
VENTA AL POR MENOR DE TABACO Y SUS PRODUCTOS,61
VENTA AL POR MAYOR DE AROMAS Y PERFUMES,61
LIMPIEZA DE CASAS O APARTAMENTOS,60
VENTA AL POR MAYOR Y AL POR MENOR POR COMISIÓN DE AGENTES,60
ELABORACIÓN DE ALIMENTOS PREPARADOS PARA ANIMALES,60
MONITOREO DE SISTEMAS DE SEGURIDAD DE ALARMAS ELECTRÓNICAS,60
"INSTALACIONES DE CARPINTERÍA, HERRERÍA DE OBRA Y ARTÍSTICA",59
"VENTA AL POR MENOR DE CRISTALES, ESPEJOS, MAMPARAS Y CERRAMIENTOS",59
FACTORÍA DE ARROZ,59
SERVICIOS PRESTADOS POR PARQUEOS DE ESTACIONAMIENTO Y GARAJES,59
PRODUCCIÓN DE HUEVOS,59
"IMPRESIÓN DIRECTA SOBRE MATERIAL TEXTIL, PLÁSTICO, VIDRIO, METAL, MADERA Y CERÁMICA",58
VENTA AL POR MENOR DE PRODUCTOS LÁCTEOS,58
ELABORACIÓN DE CIGARRILLOS Y CIGARROS,58
"VENTA AL POR MENOR EN KIOSCOS, POLIRRUBROS Y COMERCIOS NO ESPECIALIZADOS N.C.P.",57
PINTURA DE ESTRUCTURAS DE INGENIERÍA CIVIL,57
"INSTALACIÓN DE TERRAZO, MÁRMOL, GRANITO O REVESTIMIENTO DE PAREDES",57
APLICACIÓNDE YESO O ESTUCO EN EDIFICIOS Y OTRAS OBRAS DE CONSTRUCCIÓN DE INTERIOR Y EXTERIOR,57
"CONFECCIÓN DE ROPA INTERIOR, PRENDAS PARA DORMIR Y PARA LA PLAYA",57
VENTA AL POR MAYOR DE ORO Y OTROS METALES PRECIOSOS,57
VENTA AL POR MENOR DE COLCHONES Y SOMIERES,56
SERVICIOS DE SEGUROS PATRIMONIALES,56
"VENTA AL POR MAYOR DE CEREALES (INCLUYE ARROZ), OLEAGINOSAS Y FORRAJERAS EXCEPTO SEMILLAS",56
PROMOCIÓN DE LOS PRODUCTOS,56
MATANZA Y PROCESAMIENTO DE CARNE DE AVES,56
VENTA AL POR MAYOR DE ENVASES DE PAPEL Y CARTÓN,56
SERVICIOS DE ATENCIÓN A ANCIANOS CON ALOJAMIENTO,56
SERVICIOS DE SUMINISTRO DE COMIDAS PARA CONTRATISTAS,55
VENTA AL POR MAYOR DE FIAMBRES Y QUESOS,55
"VENTA AL POR MAYOR DE MÁQ. EQUIPOS E IMPLEM. DE USO EN LA FABRIC. DE TEXTILES, PRENDAS Y ACCESORIOS DE VESTIR, CALZADO, ARTÍC. DE CUERO Y MARROQUINERÍA (INCL. VENTA DE MAQ. DE COSER, DE TEJER, ETC.)",55
SERVICIOS COMPLEMENTARIOS PARA EL TRANSPORTE POR AGUA N.C.P. (INCL. EXPLOTACIÓN DE SERVICIOS DE TERMINALES COMO PUERTOS Y MUELLES),55
FONDOS DE INVERSIÓN CERRADOS,55
"CORTE, TALLADO Y ACABADO DE LA PIEDRA (INCLY. MÁRMOLES Y GRANITOS, ETC.)",54
VENTA AL POR MENOR DE ARTÍCULOS DE ILUMINACIÓN,54
INSTALACIÓN DE COLECTORES DE ENERGÍA SOLAR NO ELÉCTRICOS,54
VENTA AL POR MAYOR DE LIBROS Y PUBLICACIONES,54
"ALQUILER DE MESAS, SILLAS, MANTELES Y CUBERTERIA",53
VENTA AL POR MAYOR DE ALIMENTOS PARA ANIMALES,53
IMPRESIÓN EXCEPTO DE DIARIOS Y REVISTAS,53
SERVICIO DE INVESTIGACIÓN N.C.P.,53
SERVICIOS DE ENVASE Y EMPAQUE,52
"EQUIPO DE PRODUCCIÓN DE GRÁFICOS, ANIMACIÓN Y EFECTOS ESPECIALES",52
PRESTACIÓN DE SERVICIOS ORDINARIOS,52
"PESCA MARÍTIMA (INCL. PECES, CRUSTÁCEOS, MOLUSCOS, MARISCOS EXEPTO CAMARONES)",52
"SERVICIOS DE CONTRATISTAS DE MANO DE OBRA AGRÍCOLA (INCL. LA PODA DE ÁRBOLES, TRANSPLANTE, FUMIGACIÓN Y DESINF. MANUAL, COSECHA MANUAL DE CITRUS, ALGODÓN, ETC.)",52
INSTALACIÓN DE COCINAS EQUIPADAS,52
ALQUILER DE EQUIPO DE PRODUCCIÓN CINEMATOGRÁFICA,52
VENTA AL POR MAYOR DE ARTÍCULOS DE ILUMINACIÓN,52
"PRODUCCIÓN DE SEMILLAS DE HORTALIZAS Y LEGUMBRES, FLORES Y PLANTAS ORNAMENTALES Y ÁRBOLES FRUTALES",51
FABRICACIÓN DE PIEZAS PARA MAQUINARIA DE USO GENERAL,51
"FABRICACIÓN DE DIENTES ARTIFICIALES, PUENTES, ETC, REALIZADOS EN LABORATORIOS DENTALES",51
"VENTA AL POR MENOR DE ARMAS Y ARTÍCULOS DE CUCHILLERÍA, ARTÍCULOS PARA LA CAZA Y PESCA",51
LIMPIEZA DE OFICINAS E INSTITUCIONES,51
VENTA DE BICICLETAS Y RODADOS SIMILARES,50
FABRICACIÓN DE EQUIPO ELÉCTRICO N.C.P.,50
PROMOTORES DE ESPECTACULOS,50
"VENTA AL POR MAYOR DE PAN, PRODUCTOS DE CONFITERÍA Y PASTAS FRESCAS",49
VENTA AL POR MAYOR DE VIDRIOS PLANOS Y TEMPLADOS,49
"VENTA AL POR MAYOR DE PRODUCTOS DE MADERA EXCEPTO MUEBLES (INCL. PLACAS, VARILLAS, PARQUÉ, MACHIMBRE, ETC.)",49
EXTRACCIÓN Y EL DRAGADO DE ARENA PARA LA CONSTRUCCIÓN Y GRAVA,49
"CULTIVO DE LEGUMBRES FRESCAS (INCL. ARVEJA, JUDÍA, HABA, GUANDULES, HABICHUELAS, ETC.)",48
PINTORES,48
CULTIVO DE VEGETALES PARA LA PLANTACIÓN,48
DISEÑADORES DE PRENDAS DE VESTIR,48
FABRICACIÓN DE MAQUINARIA DE USO GENERAL N.C.P.,48
"VENTA AL POR MAYOR DE MÁQUINAS, EQUIPOS E IMPLEMENTOS DE USO EN LA ELABORACIÓN DE ALIMENTOS, BEBIDAS Y TABACOS (INCL. MAQ. PARA MOLER, PICAR, COCER ALIMENTO, FABR. DE PASTA, ETC.)",48
TRATAMIENTO Y REVESTIMIENTO DE METALES; OBRAS DE INGENIERÍA MECÁNICA EN GENERAL REALIZADAS A CAMBIO DE UNA RETRIBUCIÓN O POR CONTR,48
VENTA DE COMBUSTIBLE ENTREGADO DIRECTAMENTE A LOS CLIENTES,48
"INSTALACIÓN DE EQUIPOS DE RED, CABLEADO DE TELEVISIÓN POR CABLE",48
"CONSTRUCCIÓN Y REPARACIÓN DE BUQUES (INCL. CONSTRUCCIÓN DE MOTORES Y PIESAS PARA NAVÍOS, ETC.)",48
"AISLAMIENTO TÉRMICO, ACÚSTICO, HÍDRICO Y ANTIVIBRATORIO",48
FABRICACIÓN DE EQUIPO MÉDICO Y QUIRÚRGICO Y DE APARATOS ORTOPÉDICOS,48
"RETAPIZADO, REACABADO, REPARACIÓN Y RESTAURACIÓN DE LOS MUEBLES Y MOBILIARIOS CASEROS INCLUYENDO LOS MUEBLES DE OFICINAS",47
SERVICIOS DE EMERGENCIAS Y TRASLADOS,47
SERVICIO DE TRANSPORTE MARÍTIMO DE PASAJEROS,47
ALQUILER DE CAMIONES GRÚA,47
"ESCUELAS DE CONDUCIR PARA CHOFERES PROFESIONALES EG CAMIONES, BUSES, ETC",46
EDICIÓN DE GRABACIONES,46
"SERVICIOS DE MAQUINARIA AGRÍCOLA N.C.P., EXCEPTO LOS DE COSECHA MECÁNICA (INCL. ENFARDADO, ENROLLADO, ENVASADO SILO PACK, CLASIFIC",46
VENTA AL POR MENOR DE ARTÍCULOS TEXTILES N.C.P. EXCEPTO PRENDAS DE VESTIR,46
ENMARCADOS,46
BANCAS DEPORTIVAS,45
MARKETING EN PUNTOS DE VENTA,45
"VENTA AL POR MENOR DE FUEL OIL, GAS EN GARRAFAS, CARBÓN Y LEÑA (NO INCL. LAS ESTACIONES DE SERVICIOS QUE SE CLASIFICAN EN 505001",45
"VENTA AL POR MENOR DE SOFTWARE NO PERSONALIZADO, INCLUYENDO JUEGOS DE VIDEO",45
"VENTA AL POR MAYOR EN COMISIÓN O CONSIGNACIÓN DE CEREALES (INCLUYE ARROZ), OLEAGINOSAS Y FORRAJERAS EXCEPTO SEMILLAS",44
FABRICACIÓN DE PAN Y PANESILLOS,44
"ACTIVIDADES DE HINCADO DE PILOTES, CIMENTACIÓN Y OTROS TRABAJOS DE HORMIGÓN ARMADO",44
CARROS MÓVILES DE SUMINISTRO DE COMIDA,44
VENTA AL POR MAYOR DE PRODUCTOS LÁCTEOS,44
"TRANSPORTE DE RESIDUOS Y MATERIALES DE DESECHO, SIN RECOGIDA O ELIMINACIÓN",44
FABRICACIÓN DE TAPICES Y ALFOMBRAS,43
"FABRICACIÓN DE CALZADO DE TELA, PLÁSTICO, GOMA, CAUCHO Y OTROS MATERIALES, EXCEPTO CALZADO ORTOPÉDICO Y DE ASBESTO",43
"VENTA DE COMBUSTIBLES, MINERALES, METALES Y PRODUCTOS QUÍMICOS INDUSTRIALES, INCLUIDOS LOS FERTILIZANTES",43
"VENTA AL POR MENOR POR CORREO, TELEVISIÓN, INTERNET Y OTROS MEDIOS DE COMUNICACIÓN",43
"VENTA AL POR MENOR NO REALIZADA EN ESTABLECIMIENTOS N.C.P. (INCL. VENTA MEDIANTE MÁQUINAS EXPENDEDORAS, VENDEDORES AMBULANTES Y CENDEDORES A DOMICILIO)",42
TAPIZADO Y RETAPIZADO,42
ESCRITORES Y AUTORES DE LIBROS DE TODOS LOS TEMAS,41
ACTIVIDADES DE ESCUELAS DE ARTE QUE ENTREGAN EDUCACIÓN SUPERIOR,41
VENTA DE HIELO,41
SERVICIOS DE ALOJAMIENTO EN PENSIONES,41
VENTA AL POR MAYOR DE ARTÍCULOS REGIONALES,41
TRATAMIENTO DE AGUA INDUSTRIAL Y PARA OTROS FINES,41
"FABRICACIÓN DE CALZADO DE CUERO, EXCEPTO EL ORTOPÉDICO",41
VENTA AL POR MENOR A TRAVÉS DE MÁQUINAS EXPENDEDORAS ETC,41
"VENTA AL POR MAYOR DE BICICLETAS Y RODADOS SIMILARES (INCL. COCHECITOS Y SILLAS DE PASEO PARA BEBÉS ANDADORES, TRICLOS, ETC.)",41
SERVICIOS COMPLEMENTARIOS PARA EL TRANSPORTE AÉREO N.C.P. (INCL. SERV. DE PREVENCIÓN Y EXTINCIÓN DE INCENDIOS),41
VENTA AL POR MENOR DE MADERA,40
VENTA AL POR MAYOR DE MADERA EN BRUTO,40
FABRICACIÓN DE MAQUINARIA DE USO ESPECIAL N.C.P.,40
"FABRICACIÓN DE PRODUCTOS DE LABORATORIO, SUSTANCIAS QUÍMICAS MEDICINALES Y PRODUCTOS BOTÁNICOS N.C.P.",40
VENTA AL POR MENOR DE ARMAS Y MUNICIONES,40
LEASING DE AUTOMOTORES,40
"VENTA AL POR MAYOR DE ARTÍCULOS DE MERCERÍA (INCL. LA VENTA DE PUNTILLAS, GALONES, HOMBRERAS, AGUJAS, BOTONES, ETC.)",39
"FABRICACIÓN DE CANDADOS, CERRADURAS, LLAVES, BISAGRAS Y SIMILARES, DE HARDWARE PARA LOS EDIFICIOS, MOBILIARIO, VEHÍCULOS ETC",39
VENTA AL POR MAYOR DE AZÚCAR,39
"FUNDICIÓN EN ALTOS HORNOS Y ACERÍAS. PRODUCCIÓN DE LINGOTES, PLANCHAS O BARRAS",39
SERVICIOS CONSULARES PARA EMBAJADAS,39
SERVICIOS BURSÁTILES DE MEDIACIÓN O POR CUENTA DE TERCEROS (INCL. LA ACTIVIDAD DE AGENTES Y SOCIEDADES DE BOLSA),39
PROMOCIÓN Y PRODUCCIÓN DE ESPECTÁCULOS DEPORTIVOS,39
SERVICIOS DE JUSTICIA,38
ENTRENAMIENTO COMPUTACIONAL,38
FABRICACIÓN DE PRODUCTOS DE VIDRIO N.C.P.,38
ASOCIACIONES DE AHORROS Y PRESTAMOS,38
VENTA DE CARTERAS.,38
CONSTRUCCIÓN Y REPARACIÓN DE EMBARCACIONES DE RECREO Y DEPORTE,38
PROCESAMIENTO DE CARNES FRESCAS REFRIGERADAS O CONGELADAS EN TROZOS,38
"VENTA AL POR MAYOR DE COMBUSTIBLES Y LUBRICANTES, EXCEPTO PARA AUTOMOTORES, LEÑA Y CARBÓN",38
FABRICACIÓN DE ARTÍCULOS DE PIEL N.C.P.,37
"ALQUILER DE INSTRUMENTOS MUSICALES, ESCENOGRAFÍA Y VESTUARIO",37
ACTIVIDADES DE ORGANIZACIONES QUE BUSCAN EL DESARROLLO Y PROSPERIDAD DE EMPRESAS,37
GENERACIÓN DE INFORMES ESPECIALIZADOS A PARTIR DE LOS DATOS SUMINISTRADOS POR LOS CLIENTES,37
LIMPIEZA DE OBRAS DE CONSTRUCCIÓN,37
"DISTRIBUCIÓN DE PRODUCCIONES SIMILARES A LOS TEATROS DE CINE, TELEVISIÓN Y REDES DE ESTACIONES",37
CONTROL DE PLAGAS (INCLUIDOS LOS CONEJOS) EN RELACIÓN CON LA AGRICULTURA,37
FABRICACIÓN Y DISTRIBUCIÓN DE GAS (NO INCL. EL TRANSPOERTE POR GASEODUCTOS),36
VENTA AL POR MAYOR DE ACEITES Y GRASAS,36
EDUCACIÓN ESPECIAL PARA ESTUDIANTES DISCAPACITADOS EN ESTE NIVEL,36
INVESTIGACIÓN Y DESARROLLO EXPERIMENTAL EN EL CAMPO DE LAS CIENCIAS SOCIALES,36
PISCINAS Y CENTROS DE FITNESS,36
"SERVICIOS PECUARIOS N.C.P., EXCEPTO LOS VETERINARIOS",36
"VENTA AL POR MENOR DE ARTÍCULOS DE COLECCIÓN, Y OBJETOS DE ARTE",36
"ELABORACIÓN DE HIELO, JUGOS ENVASADOS PARA DILUIR Y OTRAS BEBIDAS NO ALCOHÓLICAS (INCL. LOS JUGOS PARA DILUIR O EN POLVO LLAMADOS",36
"REPARACIÓN DE AMORTIGUADORES, ALINEACIÓN DE DIRECCIÓN Y BALANCEO DE RUEDAS",35
OTRAS ACTIVIDADES RECREATIVAS (EXCEPTO LOS PARQUES DE ATRACCIONES Y PARQUES TEMÁTICOS) NO CLASIFICADOS EN OTRA PARTE,35
AFEITADO LA BARBA Y EL RECORTE DE PELO,35
"CULTIVO DE PLANTAS PARA FINES ORNAMENTALES, INCLUYENDO CÉSPED PARA TRANSPLANTAR",35
REPRESENTANTES DE SUCESIONES Y/O DONACIONES,35
VENTA AL POR MAYOR DE ANIMALES VIVOS,35
CASAS DE REPOSO CON ATENCIÓN DE ENFERMERÍA,35
VENTA AL POR MAYOR DE ARTÍCULOS DE VIDRIO,35
PRODUCCIÓN DE HIELO,35
VENTA AL POR MAYOR DE EQUIPOS PARA PURIFICACIÓN DE AGUA,35
INVESTIGACIÓN DE CIENCIAS BIOLÓGICAS,35
"GENERACIÓN DE ENERGÍA TÉRMICA CONVENCIONAL (INCL. LA PRODUC. DE ENERGÍA ELÉCTRICA MEDIANTE MÁQUINASTURBO-GAS, TURBO VAPOR, CICLO COMBINADO Y TURBO DISEL)",35
FABRICACIÓN DE ENVASES DE CARTÓN,35
SERVICIOS DE SUMINISTRO DE PAÑALES,34
SUITE Y APARTAHOTELES,34
"VENTA AL POR MAYOR EN COMISIÓN O CONSIGNACIÓN DE ENERGÍA ELÉCTRICA, GAS Y COMBUSTIBLES",34
VENTA AL POR MAYOR DE METALES FERROSOS Y METALES NO FERROSOS EN FORMAS PRIMARIAS,34
FABRICACIÓN DE PRODUCTOS METÁLICOS DE TORNERÍA Y/O MATRICERÍA,33
CONFERENCISTAS,33
CULTIVO DE YUCA,33
ACTIVIDADES DE FACTORING,33
FABRICACIÓN DE TEJIDOS (TELAS) PLANOS DE FIBRAS TEXTILES N.C.P. (INCL. HILANDERÍAS Y TEJEDURÍAS INTEGRADAS),33
"VENTA AL POR MAYOR DE INSTRUMENTOS MUSICALES, DISCOS Y CASETES DE AUDIO Y VIDEO, ETC.",33
OPERACIÓN DE ALMACENES GENERALES DE MERCANCÍAS,33
FABRICACIÓN DE PLAGUICIDAS Y PRODUCTOS QUÍMICOS DE USO AGROPECUARIO,33
"SERVICIOS DE DEPURACIÓN DE AGUAS RESIDUALES, ALCANTARILLADO Y CLOACAS",33
SERVICIO DE CAMARERIA,32
VENTA AL POR MENOR DE TABACO,32
"EXTRAC. DE ARENAS, CANTO RODADO Y TRITURADOS PÉTREOS (INCL. ARENA PARA CONSTR., ARENA SILÍCEA, OTRAS ARENAS NATURALES, CANTO RODAD",32
REPARACIÓN DE RELOJES Y JOYAS,32
"ESCRITURA DE CONSTITUCIÓN, CONTRATOS DE SOCIEDAD COLECTIVA Y DOCUMENTOS SIMILARES PARA LA FORMACIÓN DE SOCIEDADES",32
"FABRICACIÓN DE MUEBLES, MARCOS DE VENTANAS ETC",32
SERVICIOS DE SEGUROS A LAS PERSONAS EXCEPTO LOS DE SALUD Y DE VIDA (INCL. LOS SEGUROS DE ACCIDENTES),32
FABRICACIÓN DE MUEBLES DE COCINA,32
"FABRICACIÓN DE MUEBLES ESPECIALES PARA TIENDAS: MOSTRADORES, VITRINAS, ESTANTERÍAS ETC",32
"DESTILACIÓN, RECTIFICACIÓN Y MEZCLA DE BEBIDAS ALCOHOLICAS",32
"INSTALACIÓN, REPARACIÓN, RECONSTRUCCIÓN DE DISPOSITIVOS DE BLOQUEO MECÁNICO O ELECTRÓNICO",31
FABRICACIÓN DE UTENSILIOS DE MADERA PARA EL HOGAR Y UTENSILIOS DE COCINA,31
VENTA AL POR MENOR DE PRODUCTOS DE ALMACÉN Y DIETÉTICA,31
VENTA AL POR MENOR DE ARTÍCULOS DE RELOJERÍA,31
"INSTALACIÓN DE CERÁMICA, HORMIGÓN, PAREDES TALLADAS EN PIEDRAS O BALDOSAS",31
FABRICACIÓN DE LENTES Y OTROS ARTÍCULOS OFTÁLMICOS,31
FABRICACIÓN DE EQUIPO DE CONTROL DE PROCESOS INDUSTRIALES,31
ASESORAMIENTO Y REPRESENTACIÓN EN CASOS CIVILES,31
ACTIVIDADES ORTODONCISTAS,30
"INSTALACIÓN DE SISTEMAS DE ILUMINACIÓN, CONTROL Y SEÑALIZACIÓN ELÉCTRICA PARA EL TRANSPORTE",30
CRÍA DE GANADO BOVINO EN CABAÑAS (INCL. LA PRODUCCIÓN DE SEMEN),30
SERVICIO DE TRANSPORTE FERROVIARIO URBANO Y SUBURBANO DE PASAJEROS (INCL. EL SERV. DE SUBTERRÁNEO Y DE PREMETRO),30
"CABAÑAS Y DEPARTAMENTOS PARA VISITANTES, VIVIENDAS PARA VACACIONES",30
FONDOS DE INVERSIÓN ABIERTO,30
FABRICACIÓN DE ARTÍCULOS DE PAPEL Y CARTÓN N.C.P.,30
"FABRICACIÓN Y MONTAJE PERMANENTE DE CALENTADORES ELÉCTRICOS, CALENTADORES ELÉCTRICOS DE PISCINA",30
VENTA AL POR MAYOR DE PIELES Y CUEROS CURTIDOS Y SALADOS,30
ADMINISTRACIÓN DE FONDOS DE PENSIONES (A.F.P.),30
VENTA AL POR MAYOR DE PRODUCTOS DE PETRÓLEO REFINADO,30
VENTA AL POR MAYOR DE JUGUETES (INCL. ARTÍCULOS DE COTILLÓN),30
SERVICIOS DE LA BANCA MINORISTA O COMERCIALES,29
CONFECCIÓN DE INDUMENTARIA PARA BEBÉS Y NIÑOS,29
"VENTA AL POR MENOR DE HILADOS. (INCL. SEDERÍAS Y TROS HILADOS, ETC.)",29
DISEÑADORES DE OTROS BIENES DE MODA ASÍ COMO OTROS EFECTOS PERSONALES O ENSERES DOMÉSTICOS,29
CONSULTORÍA EN AGRONOMÍA,29
MATANZA DE ANIMALES N.C.P. Y PROCESAMIENTO DE SU CARNE; ELABORACIÓN DE SUBPRODUCTOS CÁRNICOS N.C.P.,29
"VENTA AL POR MAYOR DE FIBRAS TEXTILES, ETC",29
CULTIVO DE LIMONES Y LIMAS,28
PROCESAMIENTO DE CARNES FRESCAS REFRIGERADAS O CONGELADAS EN PORCIONES INDIVIDUALES,28
OTROS CULTIVOS DE FRUTAS TROPICALES Y SUBTROPICALES,28
VENTA DE CONSOLAS DE VIDEOJUEGOS,28
"INDUSTRIAS MANUFACTURERAS N.C.P. (INCL. FABRICACIÓN DE COHECITOS DE BEBÉ, TERMOS, VELAS, ETC)",28
ASOCIACIONES DE CONTABILIDAD,28
FABRICACIÓN DE DIVERSOS PRODUCTOS DE PLÁSTICO,28
PREPARACIÓN DE HOJAS DE TABACO,27
"SERVICIOS DE JARDINES BOTÁNICOS, ZOOLÓGICOS Y DE PARQUES NACIONALES",27
EDUCACIÓN ESCOLAR GENERAL EN LA SEGUNDA ETAPA DEL NIVEL SECUNDARIO,27
SERVICIOS DE RECORTE DE NOTICIAS Y DE PRENSA,27
FABRICACIÓN DE TEJIDOS Y ARTÍCULOS DE PUNTO N.C.P.,27
SERVICIO DE TRANSPORTE FERROVIARIO INTERURBANO DE PASAJEROS,27
"VENTA DE MATERIAS PRIMAS AGRÍCOLAS, ANIMALES VIVOS, MATERIAS PRIMAS TEXTILES Y PRODUCTOS SEMIELABORADOS",27
"FABRICACIÓN DE VELAS, CIRIOS Y SIMILARES;",27
"IMPRESIÓN DE LIBROS Y FOLLETOS,",27
VENTA AL POR MENOR DE ARTÍCULOS DE CAUCHO EXCEPTO CÁMARAS Y CUBIERTAS,27
FABRICACIÓN DE ESPEJOS Y CRISTALES,27
"VENTA AL POR MAYOR DE BAÑOS, LAVADOS, INODOROS Y OTROS SANITARIOS DE PORCELANA",27
INSTALACIÓN DE ALARMAS CONTRA INCENDIOS,27
"VENTA AL POR MAYOR DE GASES INDUSTRIALES, METANOL",26
ESCUELAS DE CONDUCIR,26
"INVESTIGACIÓN INTERDISCIPLINARIA, PREDOMINANTEMENTE EN CIENCIAS SOCIALES Y HUMANIDADES",26
INSTALACIÓN (CONFIGURACIÓN) DE COMPUTADORAS PERSONALES,26
FABRICACIÓN DE PRODUCTOS DE TEJEDURÍA N.C.P.,26
FABRICACIÓN DE ARTÍCULOS DE PAPEL Y CARTÓN DE USO DOMÉSTICO E HIGIÉNICO SANITARIO,26
VENTA AL POR MENOR DE EQUIPOS PARA PURIFICACIÓN DE AGUA,26
"FABRICACIÓN DE COCINAS, CALEFONES, ESTUFAS Y CALEFACTORES DE USO DOMÉSTICO NO ELÉCTRICOS",26
FABRICACIÓN DE MATERIAS PLÁSTICAS EN FORMAS PRIMARIAS N.C.P.,26
VENTA AL POR MAYOR DE SEMILLAS,26
ADMINISTRACION DE FIDEICOMISOS,26
"FABRICACIÓN DE TANQUES, DEPÓSITOS Y RECIPIENTES DE METAL",26
"VENTA AL POR MAYOR DE MÁQ. EQUIPOS E IMPLEM. DE USO EN LA INDUSTRIA DEL PLÁSTICO Y DEL CAUCHO (INCL. SOPLADORA DE ENVASES, LAMINADORAS DE PLÁSTICOS, ETC.)",26
FABRICACIÓN DE MOBILIARIO DE OFICINA,26
"EXTRAC. DE ROCAS ORNAMENTALES (INCL. ARENISCAS, CUARCITA, DOLOMITA, GRANITO, MARMOL, PIEDRA LAJA, PIZARRA, PÓRFIDO, SERPERTINA, ETC.)",26
SERVICIOS DE ALOJAMIENTO EN CAMPING (INCL. REFUGIOS DE MONTAÑA),26
SERVICIOS DE CUIDADO Y ENTRENAMIENTO DE ANIMALES DOMÉSTICOS,25
ADMINISTRACIÓN DE LOS PROGRAMAS DE PROTECCIÓN DEL MEDIO AMBIENTE,25
SERVICIOS DE INTERNACIÓN,25
SERVICIOS DE GUARDIA DE SEGURIDAD,25
OPERACIONES DE MOTOCICLETAS,25
FABRICACIÓN DE ARTÍCULOS DE MADERA EN TORNERÍAS,25
DIBUJANTES,25
"REPARACIÓN DE IMPRESORAS, MONITORES, TECLADOS, RATONES, PALANCAS DE MANDO, Y ACCESORIOS DE TRACKBALL",25
BANCOS MULTIPLES,25
CULTIVO DE FRESAS,25
SERVICIOS DIRECTOS AL SISTEMA MINERO,25
"VENTA AL POR MENOR DE LIBROS, REVISTAS Y SIMILARES USADOS",25
"EXTRAC. DE PIEDRA CALIZA Y YESO (INCL. CALIZA, CASTINA, CONCHILLA, RIOLITA, YESO NATURAL, ANHIDRATA, ETC.)",25
FABRICACIÓN DE PRODUCTOS MINERALES NO METÁLICOS N.C.P.,25
"SERVICIOS PARA LA AERONAVEGACIÓN (INCL. SERV. DE TERMINALES COMO AEROPUERTOS, ACTIVIDADES DE CONTROL DE TRÁFICO AÉREO, ETC.)",25
"TOSTADO, TORRADO Y MOLIENDA DE CAFÉ",25
TRANSPORTE Y VENTA AL POR MENOR DE COMBUSTIBLE,25
VENTA AL POR MENOR DE ANTIGÜEDADES (INCL. VENTA DE ANTIGÜEDADES EN REMATE),24
ALQUILER DE AUTOMÓVILES PRIVADOS CON CONDUCTOR,24
VENTA DE ARTÍCULOS RELIGIOSOS,24
INGENIERO CALCULISTA,24
TRANSPORTE TERRESTRE DE PASAJEROS POR TRANVÍA,24
"CULTIVO DE CEREALES FORRAJEROS N.C.P. (INCLUYE ALPISTE, AVENA, CEBADA FORRAJERA, CENTENO, MIJO, ETC.)",24
EXHIBICIÓN DE FILMES Y VIDEOCINTAS,24
"FABRICACIÓN DE VENTILADORES, EXTRACTORES Y ACONDICIONADORES DE AIRE, ASPIRADORAS Y SIMILARES",24
FABRICACIÓN DE ACCESORIOS DE VESTIR EXCEPTO DE CUERO,24
ACTIVIDADES DE AGENTES QUE ORGANIZAN LA VENTA DE ENERGÍA,24
ACTIVIDADES DE CORRETAJE EMPRESARIAL,24
ELABORACIÓN DE ACEITES Y GRASAS VEGETALES SIN REFINAR Y SUS SUBPRODUCTOS; ELABORACIÓN DE ACEITE VIRGEN,24
FABRICACIÓN DE ALIMENTOS DE FRUTOS Y PASTAS,24
AGENTES INMOBILIARIOS DE FIDEICOMISO,24
VENTA DE EQUIPOS Y APARATOS DE TRANSPORTE AEREO Y MARITIMO,24
"FABRICACIÓN DE CAJAS, SOBRES Y PRESENTACIONES SIMILARES CON UN SURTIDO DE ARTÍCULOS DE PAPELERÍA",24
INSCRIPCIÓN ADMINISTRATIVA AL RNC,23
SERVICIOS DE AGENTES DE MERCADO ABIERTO PUROS (INCL. LAS TRANSACCIONES EXTRABURSÁTILES- POR CUENTA PROPIA-),23
"FABRICACIÓN DE FRAZADAS, MANTAS, PONCHOS, COLCHAS, COBERTORES, ETC.",23
REPARACIÓN DE SERVIDORES DE COMPUTADORA,23
VENTA AL POR MENOR DE LIBROS,23
SERVICIOS DE ENTIDADES DE TARJETA DE COMPRA Y/O CRÉDITO,23
DISTRIBUCIÓN DE FILMES Y VIDEOCINTAS,23
INSTALACION DE MOBILIARIO,23
CRIADEROS DE PECES (AGUA DULCE),23
ADMINISTRACION DE RIESGOS DE SALUD (A.R.S.),23
VENTA AL POR MENOR DE ARTÍCULOS DE BAZAR Y MENAJE,23
MONTAJE Y DESMONTAJE DE ANDAMIOS Y PLATAFORMA DE TRABAJO EXCLUYENDO EL ALQUILER DE ANDAMIOS Y PLATAFORMAS DE TRABAJO,23
ACTIVIDADES DE EXPEDIDORES DE CARGA MARÍTIMA Y AGENTES DE CARGA AÉREA,23
FABRICACIÓN Y ELABORACIÓN DE VIDRIO PLANO Y TEMPLADO,23
FABRICACIÓN DE ATAÚDES,22
"EDICIÓN, TITULACIÓN, EL SUBTITULADO, LOS CRÉDITOS",22
PREPARACIÓN DE ALIMENTOS EN PUESTOS DE MERCADO,22
REMESADORAS,22
PREPARACIÓN DE ALIMENTOS CON INGREDIENTES HOMEGENIEZADO,22
INGENIERO COMERCIAL,22
EDICIÓN N.C.P.,22
"ALQUILER DE MAQUINARIA Y EQUIPO DE OFICINA, INCLUSO COMPUTADORAS",22
FABRICACIÓN DE OBJETOS CERÁMICOS EXCEPTO REVESTIMIENTOS DE PISOS Y PAREDES N.C.P.,22
BANCOS DE AHORRO Y CREDITO,22
INSTALACIÓN DE SISTEMAS DE ROCIADORES CONTRA INCENDIO,22
VENTA AL POR MAYOR DE METALES FERROSOS Y NO FERROSOS SEMI-ACABADO DE PRODUCTOS METÁLICOS N. C. P.,22
INSTALACIÓN DE MOBILIARIO,22
"FABRICACIÓN DE PRODUCTOS OFTÁLMICOS, ANTEOJOS, LENTES DE SOL, LENTES DE TERRENO PARA LA PRESCRIPCIÓN, LENTES DE CONTACTO, GAFAS DE SEGURIDAD",22
SERVICIOS DE LA BANCA DE INVERSIÓN,22
FABRICACIÓN DE PAPEL Y CARTÓN EXCEPTO ENVASES,22
FABRICACIÓN DE PIEZAS DE REPUESTO Y ACCESORIOS PARA MOTOCICLETAS,22
VENTA AL POR MAYOR DE VINO,22
SERVICIO DE ELABORACIÓN DE TROFEOS,22
REPRODUCCIÓN DE PELÍCULAS DE CINE PARA LA DISTRIBUCIÓN TEATRAL,22
VENTA AL POR MENOR DE TELAS,22
ELABORACIÓN DE ALIMENTOS A BASE DE CEREALES,22
TRANSPORTE DE VALORES,21
REPARACIÓN DE COMPUTADORAS HAND-HELD (PDA),21
FUNDICIÓN DE HIERRO Y ACERO,21
VENTA AL POR MENOR DE ARTÍCULOS PARA PLOMERÍA E INSTALACIÓN DE GAS,21
RENTISTA DE CAPITAL,21
OPERACIÓN DE AUTOBUSES PARA EL TRANSPORTE DE LOS EMPLEADOS,21
FABRICACIÓN DE RECIPIENTES DE MADERA,21
ALQUILER DE EMBARCACIONES DE RECREO CON TRIPULACIÓN PARA LA NAVEGACIÓN MARÍTIMA Y LAS AGUAS COSTERAS DE TRANSPORTE,21
SERVICIOS DE ORGANIZACIONES POLÍTICAS,21
FABRICACIÓN DE PANELES DE CONTROL PARA LA DISTRIBUCIÓN DE ENERGÍA ELÉCTRICA,21
FABRICACIÓN DE MANGUERA Y ACCESORIOS HIDRÁULICAS Y NEUMÁTICAS,21
ALINEACIÓN DE DIRECCIÓN Y BALANCEO DE RUEDAS,21
COMPRA Y VENTA DE RESIDUOS QUE TIENE UN VALOR RESTANTE.,21
FABRICACIÓN DE ELEMENTOS QUÍMICOS,21
FABRICACIÓN DE MEDICAMENTOS DE USO VETERINARIO,21
EMBALAJE DE PAQUETES Y DE REGALOS,21
"PRODUCCIÓN DE OTRAS FORMAS DE PROPAGACIÓN DE CULTIVOS AGRÍCOLAS (INCL. GAJOS, BULBOS, ESTACAS ENRAIZADAS O NO, ESQUEJES, PLANTINES, ETC.)",21
"FABRICACIÓN DE SILLAS Y ASIENTOS PARA TEATROS, CINES Y SIMILARES",20
ACTIVIDADES DE OFICINAS DE CAMBIO,20
PEDICUROS (PODÓLOGOS),20
CULTIVO DE OTRAS RAICES Y TUBERCULOS,20
"ASOCIACIONES DE ESCRITORES, PINTORES, ARTISTAS INTÉRPRETES, PERIODISTAS ETC",20
ELABORACIÓN DE ALUMINIO PRIMARIO Y SEMIELABORADOS DE ALUMINIO,20
"FABRICACIÓN DE MALETAS, BOLSOS DE MANO Y SIMILARES, ARTÍCULOS DE TALABARTERÍA Y ARTÍCULOS DE CUERO N.C.P.",20
CONFECCIÓN DE INDUMENTARIA DEPORTIVA,20
VENTA AL POR MENOR DE EQUIPO PROFESIONAL Y CIENTÍFICO E INSTRUMENTOS DE MEDIDA Y DE CONTROL,20
"ELABORACIÓN DE CERVEZA, BEBIDAS MALTEADAS Y DE MALTA",20
PROCESAMIENTO DE LA SANGRE,20
ELABORACIÓN DE CEMENTO,20
VENTA AL POR MAYOR DE EQUIPO PROFESIONAL Y CIENTÍFICO E INSTRUMENTOS DE MEDIDA Y DE CONTROL,20
CONTRUCCION DE OBRAS MARÍTIMAS,20
FABRICACIÓN DE ARTÍCULOS DE ASFALTO O MATERIAL SIMILAR,20
"SERVICIOS FORESTALES DE EXTRACCIÓN DE MADERA (INCL. TALA DE ÁRBOLES, ACARREO Y TRANSP. EN EL INTERIOR DEL BOSQUE, SERV. REALIZADOS DE TERCEROS, ETC.)",20
"ALQUILER DE MAQUINARIA Y EQUIPO AGROPECUARIO, SIN OPERARIOS",20
CONFECCIÓN DE PRENDAS DE VESTIR DE PIEL Y SUCEDÁNEOS,19
RECTIFICACIÓN DE MOTORES,19
"ADMINISTRACIÓN Y OPERACIÓN DE SISTEMA JUDICIAL, INCLUSO REPRESENTACIÓN LEGAL Y ASESORÍA EN REPRESENTACIÓN DEL GOBIERNO",19
ELABORACIÓN Y MOLIENDA DE HIERBAS AROMÁTICAS Y ESPECIAS,19
"VISITAS A MUSEOS HISTÓRICOS O CULTURALES, TEATRALES, MUSICALES O EVENTOS DEPORTIVOS",19
FABRICACIÓN DE DETERGENTES EN POLVO EN ESTADO SÓLIDO O LÍQUIDO Y DETERGENTES,19
CULTIVO DE FLORES,19
DISEÑADORES DE JOYERÍA,19
FABRICACIÓN DE HERRAMIENTAS MANUALES Y SUS ACCESORIOS,19
FABRICACIÓN DE APARATOS Y ACCESORIOS ELÉCTRICOS N.C.P.,19
CREACIÓN DE STANDS Y OTRAS ESTRUCTURAS DE VISUALIZACIÓN,19
FABRICACION DE MATERIALES PARA PAVIMENTO Y TECHADO,19
ATENCIÓN DE LA SALUD ANIMAL Y LAS ACTIVIDADES DE CONTROL DE ANIMALES DOMESTICOS,19
FABRICACIÓN Y REPARACIÓN DE AERONAVES,19
FABRICACIÓN DE GALLETAS,18
ORGANIZACIONES PARA LA COOPERACIÓN Y DESARROLLO ECONÓMICO,18
LIMPIEZA DE LOS EDIFICIOS NUEVOS DESPUÉS DE LA CONSTRUCCIÓN,18
VENTA AL POR MAYOR DE PRODUCTOS Y SUBPRODUCTOS DE MOLINERÍA N.C.P.,18
REPARACIÓN DE CÁMARAS Y CUBIERTAS (INCL. REPARACIÓN DE LLANTAS),18
FABRICACIÓN DE LÁMPARAS ELÉCTRICAS Y EQUIPO DE ILUMINACIÓN (INCL. LA FABRIC. DE LETREROS LUMINOSOS),18
"VENTA AL POR MAYOR DE PRODUCTOS INTERMEDIOS N.C.P., DESPERDICIOS Y DESECHOS DE PAPEL Y CARTÓN",18
"PERFOR. Y SONDEO EXCEPTO: PERFOR. DE POZOS DE PETRÓLEO, DE GAS, DE MINAS E HIDRÁULICOS Y PROSPECCIÓN DE YACIMIENTOS DE PETRÓLEO (INCL. LOS TRAB. DE PERFOR, SONDEO Y MUESTREO CON FINES DE CONSTRUC.)",18
"VENTA AL POR MAYOR DE PRODUCTOS INTERMEDIOS, DESPERDICIOS Y DESECHOS N.C.P. (INCL. VENTA AL POR MAYOR DE PETRÓLEO, MINERALES NO ME",18
INVESTIGACIÓN Y DESARROLLO EXPERIMENTAL EN EL CAMPO DE LAS CIENCIAS MÉDICAS,18
PROCESAMIENTO DE CARNE DE GANADO BOVINO (INCL. LOS MATADEROS U FRIGORIFICOS QUE SACRIFICAN PRINCIPALMENTE GANADO BOVINO),18
"ELABOR. DE LECHES Y PRODUCTOS LÁCTEOS DESHIDRATADOS (INCL. LA ESTANDARIZACIÓN, HOMOGENEIZACIÓN, PASTEURIZACIÓN Y ESTERILIZAMIENTO",18
VENTA AL POR MAYOR DE TAPICES Y ALFOMBRAS DE MATERIALES TEXTILES,18
"ALQUILER DE EQUIPO DE COMUNICACIÓN PROFESIONAL DE RADIO, TELEVISIÓN",18
CONSTRUCCIÓN DE ALMACENES,18
"CAMIONES, REMOLQUES DE UTILIDAD Y VEHÍCULOS DE RECREO",18
VENTA AL POR MENOR DE JUGUETES Y ARTÍCULOS DE COTILLÓN,17
ASESORAMIENTO Y REPRESENTACIÓN EN RELACIÓN CON LOS CONFLICTOS LABORALES,17
"SERVICIOS DE REHABILITACIÓN, REALIZADA POR UNIDADES DEL GOBIERNO O POR UNIDADES PRIVADAS A CAMBIO DE UNA RETRIBUCIÓN O POR CONTRATO",17
ACTIVIDADES DE CINE CLUBES,17
VENTA AL POR MAYOR DE TABACO SIN MANUFACTURAR,17
"DEMOLICIÓN Y VOLADURA DE EDIFICIOS Y DE SUS PARTES (INCL. LOS TRABAJOS DE LIMPIEZA DE ESCOMBROS ASOCIADOS A LA DEMOL. Y VOLADURA,",17
CULTIVO DE OTRAS HORTALIZAS,17
"ELABORACIÓN DE PRODUCTOS DE CONFITERÍA N.C.P. (INCL. CARAMELOS, FRUTAS CONFITADAS, PASTILLAS, GOMAS DE MASCAR, ETC,)",17
SERVICIOS DE INFORMACIÓN POR TELÉFONO,17
CULTIVO DE PIÑAS,17
ADMINISTRADORAS DE FONDOS DE INVERSION,17
VENTA DE ELECTRICIDAD PARA EL USUARIO,17
"FABRICACIÓN DE LÁPICES, LAPICERAS, BOLÍGRAFOS, SELLOS Y ARTÍCULOS SIMILARES PARA OFICINAS Y ARTISTAS",17
SERVICIOS GEOLÓGICOS Y DE PROSPECCIÓN,17
"PREPARACIÓN DE CONSERVAS DE FRUTAS, HORTALIZAS Y LEGUMBRES",17
"EXTRACCIÓN DE PRODUC. FOREST. DE BOSQUES CULTIVADOS (INCL. TALA DE ÁRBOLES, DEBASTE DE TRONCOS Y PRODUC. DE MADERA EN BRUTO, ROLLI",16
"ELABORACIÓN DE ALMIDONES Y PRODUCTOS DERIVADOS DEL ALMIDÓN (INCL. LA ELABORACIÓN DE GLUCOSA, GLUTEN, ACEITES DE MAÍZ)",16
SERVICIOS DE BIBLIOTECAS Y ARCHIVOS,16
CENTROS DE APRENDIZAJE QUE OFRECEN CURSOS DE RECUPERACIÓN,16
OPERACIÓN DE PORTALES DE INTERNET DE APUESTAS,16
PRODUCCIÓN DE METALES NO FERROSOS N.C.P. Y SUS SEMIELABORADOS,16
ACTIVIDADES DE LIGAS DEPORTIVAS Y LA REGULACIÓN DE LOS ÓRGANOS,16
ENSAMBLAJE DE MAQUINARIAS Y EQUIPOS (INCLUYE LAS ELECTRICAS),16
ANÁLISIS Y LA MEDICIÓN DE INDICADORES AMBIENTALES,16
"FABRICACIÓN INDUSTRIAL DE MARCOS DE METAL (MARCOS PARA LOS ALTOS HORNOS, APARATOS ELEVADORES Y DE MANEJO DE EQUIPOS, ETC)",16
FABRICACIÓN DE PRODUCTOS DE APERITIVO,16
"FABRICACIÓN DE EMPASTES DENTALES Y CEMENTOS, CERA DENTAL Y OTRAS PREPARACIONES DENTALES DE YESO",16
SERVICIOS PARA LA PESCA,16
ENSAYOS Y ANÁLISIS TÉCNICOS,16
"ALQUILER DE EQUIPO DE TRANSPORTE PARA VÍA ACUÁTICA, SIN OPERARIOS NI TRIPULACIÓN",15
"SERV. PARA LA REGULACIÓN DE LA ACTIV. ECONÓMICA (INCL. LA ADM PÚBLICA Y LA REGULACIÓN DE VARIOS SECT. ECONÓMICOS, LA GESTIÓN ADM DE ACRTIV. DE CARACTER LABORAL, ETC.)",15
ALQUILER DE EFECTOS PERSONALES Y ENSERES DOMÉSTICOS N.C.P. (INCL. ALQUILER DE ART. DEPORTIVOS Y DE VIDEOS),15
OPERACIONES DE INTERMEDIACIÓN DE GANADO EN PIE. (INCL. CONSIGNATARIOS DE HACIENDA Y FERIEROS),15
"INSTRUCCIÓN PARA CHEFS, HOTELEROS Y DUEÑOS DE RESTAURANTES",15
CULTIVO DE BRÓCOLI Y COLIFLOR,15
CULTIVO DE MANGOS,15
INSTALACIONES DE CUIDADOS DE ENFERMERÍA,15
VENTA AL PORMAYOR DE TRACTORES UTILIZADOS EN LA AGRICULTURA Y LA SILVICULTURA,15
VENTA AL POR MAYOR DE CERRADURAS,15
VENTA DE BALDOSAS,15
"ALQUILER DE MAQUINARIA Y EQUIPO PARA LA INDUSTRIA MANUFACTURERA, SIN PERSONAL",15
"VENTA AL POR MENOR DE ARTÍCULOS REGIONALES Y DE TALABARTERÍA (INCL. VENTA DE ARTÍCULOS DE TALABARTERÍA Y REGIONALES DE CUERO, PLAT",15
INSTALACIÓN Y REPARACIÓN DE CAÑOS DE ESCAPE,15
EXPLOTACIÓN DE VIVEROS FORESTALES (INCL. PROPAGACIÓN DE ESPECIES FORESTALES),15
FABRICACIÓN DE OTROS PRODUCTOS AGROQUÍMICOS N.E.C.,15
"ALQUILER DE ANDAMIOS Y PLATAFORMAS DE TRABAJO, SIN MONTAJE Y DESMONTAJE",15
VENTA AL POR MENOR DE CONSOLAS DE VIDEOJUEGOS,15
TRANSMISIÓN DE PROGRAMACIONES,15
"FABRICACIÓN DE BEBIDAS NO ALCOHÓLICAS, EXCEPTO CERVEZAS SIN ALCOHOL Y VINO",15
"CULTIVO DE ESPECIAS (DE HOJA, DE SEMILLA, DE FLOR Y DE FRUTO) Y DE PLANTAS AROMÁTICAS Y MEDICINALES",15
"CRÍA DE GANADO EQUINO, EXCEPTO EN HARAS (INCL. EQUINOS DE TRABAJO)",14
"FABRICACIÓN DE ABRIGOS, TRAJES, CONJUNTOS, CHAQUETAS, PANTALONES, FALDAS, ETC",14
PLANEAMIENTO DE PUEBLOS Y CIUDADES (URBANO) Y ARQUITECTURA DE PAISAJES,14
OTROS CULTIVOS DE HOJAS O TALLOS VEGETALES,14
FABRICACIÓN DE APARATOS DE DISTRIBUCIÓN Y CONTROL DE LA ENERGÍA ELÉCTRICA,14
EXTRACCIÓN DE SAL EN SALINAS Y DE ROCA,14
REPRODUCCIÓN DE COPIAS MASTER DE SOFTWARE Y DATOS,14
PELUQUERÍA Y OTROS TRATAMIENTOS DE BELLEZA,14
CONSTRUCCIÓN DE INSTALACIONES DEPORTIVAS,14
INSTALACIÓN DE SISTEMAS DE LIMPIEZA,14
"FABRICACIÓN DE COLAS, ADHESIVOS, APRESTOS Y CEMENTOS EXCEPTO LOS ODONTOLÓGICOS OBTENIDOS DE SUSTANCIAS MINERALES Y VEGETALES",14
FABRICACIÓN DE DISPOSITIVOS GPS,14
TRANSPORTE DE CARGA POR LÍNEAS FÉRREAS DE CORTO RECORRIDO,14
MOVIMIENTOS ECOLOGISTAS Y DE MEDIO AMBIENTE,14
LAVADO DE ALFOMBRAS Y TAPICES,14
VENTA AL POR MAYOR DE HERRAJES Y ACCESORIOS,14
FABRICACIÓN DE FIBRA DE VIDRIO,14
"CRÍA DE GANADO CAPRINO, EXCEPTO EN CABAÑAS Y PARA PRODUCCIÓN DE LECHE",14
VENTA AL POR MENOR DE JUEGOS Y JUGUETES,14
VENTA AL POR MAYOR DE ARTÍCULOS DE MIMBRE Y CORCHO; COLCHONES Y SOMIERES,13
ACTUALIZAR REGISTRO,13
NACIONES UNIDAS Y SUS ORGANISMOS ESPECIALIZADOS Y ÓRGANOS REGIONALES,13
"ACTIVIDADES DE GRUPOS, CIRCOS O COMPAÑÍAS, ORQUESTAS O BANDAS",13
SERVICIO DE TRANSPORTE FLUVIAL DE CARGAS,13
"ELABOR. DE FRUTAS, HORTALIZAS Y LEGUMBRES DESHID. O DESECADAS; PREPARAC. N.C.P. DE FRUTAS, HORTALIZAS Y LEGUMBRES (INCL. ELAB. DE",13
ENTRENAMIENTO PARA ORATORIA,13
"ALQUILER DE LAS INSTALACIONES COMO BAÑOS, TAQUILLAS, SILLAS ETC",13
INVESTIGACIÓN Y DESARROLLO EXPERIMENTAL EN EL CAMPO DE LAS CIENCIAS EXACTAS Y NATURALES N.C.P.,13
SERVICIOS DE CENTROS DE PLANEACIÓN FAMILIAR QUE PROVEE TRATAMIENTO MÉDICO,13
SERVICIOS DE MERCADOS Y CAJAS DE VALORES,13
REPARACIÓN DE MÓDEMS INTERNOS Y EXTERNOS DE LA COMPUTADORA,13
VENTA AL POR MENOR DE ARTEFACTOS Y JUGUETES,13
FABRICACIÓN DE EQUIPOS PARA PURIFICACIÓN DE AGUA,13
"VENTA AL POR MENOR EXCEPTO LA ESPECIALIZADA, SIN PREDOMINIO DE PRODUCTOS ALIMENTARIOS Y BEBIDAS",13
"VENTA AL POR MAYOR DE VEHÍCULOS, EQUIPOS Y MÁQUINAS PARA EL TRANSPORTE FERROVIARIO, AÉREO Y DE NAVEGACIÓN",13
"FABRICACIÓN DE ARTÍCULOS DE DEPORTE (INCL. EQUIPOS DE DEPORTE, PRA GIMNASIOS Y CAMPOS DE JUEGOS, EQUIPO DE PESCA Y CAMPING, ETC. E",13
VENTA AL POR MENOR EN PUESTOS MÓVILES,13
FABRICACIÓN DE VIGAS Y ESTRUCTURAS PARA TECHO,13
INSTALACIÓN DE PUERTAS GIRATORIAS AUTOMATIZADAS,13
"FABRICACIÓN DE MAQUINARIA AGROPECUARIA Y FORESTAL, EXCEPTO TRACTORES",13
REPRODUCCIÓN DE GRABACIONES,13
ELABORACIÓN DE PASTAS ALIMENTARIAS SECAS,12
ASOCIACIONES JURÍDICAS,12
FABRICACIÓN DE ABONOS Y COMPUESTOS DE NITRÓGENO,12
"EXCAVACIÓN DE ZANJAS, ELIMINACIÓN DE ROCAS, VOLADURAS, ETC",12
"CULTIVOS INDUSTRIALES N.C.P. (INCL. OLIVO PARA CONSERVA, PALMITOS, ETC.)",12
INVERNADA DE GANADO BOVINO EXCEPTO EL ENGORDE EN CORRALES (FED-LOT),12
INSTRUCCIÓN PARA GUÍAS TURÍSTICOS,12
"ACTIVIDADES PARA PROMOVER LA PROPAGACIÓN, EL CRECIMIENTO Y LA PRODUCCIÓN DE ANIMALES",12
VENTA AL POR MAYOR DE LECHE,12
"FABRICACIÓN DE JUEGOS QUE FUNCIONAN CON MONEDAS, BILLARES, MESAS ESPECIALES PARA JUEGOS DE CASINO, ETC",12
PRODUCCIÓN Y DISTRIBUCIÓN DE AIRE FRÍO,12
FABRICACIÓN DE PRODUCTOS DE CORCHO,12
FONDOS DE INVERSIÓN DE PORTAFOLIOS,12
ESCUELAS ESPECIALIZADAS EN MINUSVALIDOS,12
FABRICACIÓN DE INSTRUMENTOS DE MEDICIÓN Y PRUEBAS DE ELECTRICIDAD Y SEÑALES ELÉCTRICAS (INCLUIDAS LAS TELECOMUNICACIONES),12
"FABRICACIÓN DE PRODUCTOS DE PANADERÍA CONGELADOS: PANQUEQUES, WAFFLES, ROLLOS, ETC",12
OTROS CULTIVOS DE FRUTAS CITRICAS,12
OPERACIÓN DE UNA VARIEDAD DE JUEGOS,12
INVESTIGACIÓN Y DESARROLLO EXPERIMENTAL EN EL CAMPO DE LAS CIENCIAS AGROPECUARIAS,12
ACTIVIDADES DE SERVICIO RELIGIOSO FÚNEBRE,12
DISTRIBUCIÓN O ENTREGA DE MATERIAL PUBLICITARIO,12
"FABRICACIÓN DE MUEBLES PARA IGLESIAS, ESCUELAS",12
FABRICACIÓN DE ROPA DE CAMA Y MANTELERÍA,12
FABRICACIÓN DE MÁQUINAS Y HERRAMIENTAS PARA TRABAJAR LOS METALES Y OTROS MATERIALES,12
"FABRICACIÓN DE TUBOS DE PLÁSTICO, MANGUERAS, TUBERÍA Y ACCESORIOS PARA TUBERÍA",12
FERIAS Y EXPOSICIONES,12
PREPARACIÓN DE ARROZ,12
VUELOS DE EXHIBICIÓN Y DE TURISMO,12
REPARACIÓN SISTEMAS DE INYECCIÓN ELECTRÓNICA,12
FABRICACIÓN DE EXTRACTOS DE PRODUCTOS AROMÁTICOS NATURALES,11
"OBJETO DE BARRO, LOZA, PORCELANA, ETC.",11
FABRICACIÓN DE MAQUINARIA METALÚRGICA,11
"FABRICACIÓN DE EQUIPO DE ELEVACIÓN Y MANIPULACIÓN (INCL. LA FABRIC. DE ASCENSORES, ESCALERAS MECÁNICAS, MONTACARGAS, ETC.)",11
MATANZA DE GANADO BOVINO,11
CONFECCIÓN DE PRENDAS DE VESTIR DE CUERO,11
FABRICACIÓN DE TOMAS DE ELECTRICIDAD,11
"ASOCIACIONES PARA FACILITAR EL CONTACTO CON OTRAS PERSONAS CON INTERESES SIMILARES, COMO CLUBES ROTARIOS, LOGIAS, ETC",11
ALMACENAMIENTO DE PRODUCTOS EN ZONAS FRANCAS,11
VENTA AL POR MAYOR DE DIARIOS Y REVISTAS,11
"ETIQUETADO, ESTAMPADO E IMPRESO",11
VENTA AL POR MENOR DE BOTES,11
PLANTAS DE ENERGÍA,11
"VENTA AL POR MAYOR DE TINTA DE IMPRENTA, COLORANTES",11
ESCUELAS DE COSMETOLOGÍA Y BARBERÍAS,11
"VENTA AL POR MAYOR DE ARTÍCULOS DE MARROQUINERÍA, PARAGUAS Y PRODUCTOS SIMILARES N.C.P.",11
CAMPOS DE GOLF,11
ACTIVIDADES DE LIGADAS AL GAS O AGENTES INTERMEDIARIOS,11
RENTA Y VENTA DE VIDEOS,11
SERVICIOS AUXILIARES A LA ADMINISTRACIÓN DE FONDOS DE JUBILACIONES Y PENSIONES,11
ACTIVIDADES DE RETIRO RELIGIOSO,11
"EMBALAJE, ENVASADO, ALMACENAMIENTO Y ENTREGA, PERO SIN UN VERDADERO PROCESO DE TRANSFORMACIÓN",11
VENTA AL POR MENOR DE MÚSICA Y GRABACIONES DE VÍDEO,11
FABRICACIÓN CAJA Y OTRAS PLATAFORMAS PARA CARGA DE MADERA,11
"FORJADO, PRENSADO, ESTAMPADO Y LAMINADO DE METALES; PULVIMETALURGIA",11
"VENTA AL POR MENOR DE MATERIALES BÁSICOS PARA HACER ALFOMBRA, TAPIZ O BORDADO",11
"CULTIVO DE PLANTAS VIVAS PARA LOS BULBOS, TUBÉRCULOS Y RAÍCES, ESQUEJES E INJERTOS; SETAS DESOVAR",11
CULTIVO DE CEBOLLA,10
SERVICIOS PARA EL ORDEN PÚBLICO Y LA SEGURIDAD,10
REPARACINÓN DE CÁMARAS DE VIDEO TIPO DOMÉSTICAS,10
FUNCIONAMIENTO DE CANTINAS Y CAFETERÍAS EN ALGUNA INSTITUCIÓN SOBRE UNA BASE DE CONCESIÓN,10
PUBLICIDAD DIRECTA POR CORREO,10
REPARACIÓN DE CALZADO Y ARTÍCULOS DE MARROQUINERÍA,10
"VENTA DE SOMBREROS, GUANTES, PAÑUELO Y CORBATAS",10
"OPERACIONES DE INTERMEDIACIÓN DE CARNE EXCEPTO CONSIGNATARIO DIRECTO (INCL. MATARIFES ABASTECEDORES DE CARNE, ETC.)",10
CULTIVO DE BERENGENAS,10
ENGORDE EN CORRALES (FED-LOT),10
ACTIVIDADES DE SERVICIOS EN AEROPUERTOS ETC,10
ALQUILER DE EQUIPOS ELECTRÓNICOS DE USO DOMÉSTICO,10
ENSAMBLAJE DE VEHICULOS AUTOMOTORES,10
"VENTA AL POR MAYOR DE CARBÓN DE LEÑA, CARBÓN, COQUE, MADERA COMBUSTIBLE, NAFTA",10
FABRICACIÓN DE RESINAS Y CAUCHOS SINTÉTICOS,10
SERVICIOS DE CONSULTORIA SOBRE GESTION DE BOSQUES,10
VENTA AL POR MAYOR EN COMISIÓN O CONSIGNACIÓN DE SEMILLAS,10
FABRICACIÓN DE CARROCERÍAS PARA VEHÍCULOS AUTOMOTORES; FABRICACIÓN DE REMOLQUES Y SEMIRREMOLQUES,10
PERFORACIÓN Y PRUEBA DE POZO TALADRADO,10
ALQUILER DE ESPACIO EQUIPADO COMO SALAS FÚNEBRES,10
"FABRICACIÓN DE RADIADORES, SILENCIADORES, TUBOS DE ESCAPE, CATALIZADORES",10
"VENTA AL POR MENOR DE ARTÍCULOS DE MARROQUINERÍA, PARAGUAS Y SIMILARES N.C.P.",10
FABRICACIÓN DE PARTES DE CALZADO,10
"CRÍA DE GANADO OVINO, EXCEPTO EN CABAÑAS Y PARA LA PRODUCCIÓN DE LANA",10
"FABRICACIÓN DE TUBOS, VÁLVULAS Y OTROS COMPONENTES ELECTRÓNICOS",10
LAMINACIÓN Y ESTIRADO,10
"ELABORACIÓN DE PESCADOS DE MAR, CRUSTÁCEOS Y PRODUCTOS MARINOS N.C.P.",10
SERVICIOS DE MANEJADORAS Y/O REPRESENTANTES DE LAS AEROLINEAS,10
FABRICACIÓN DE ESTATUILLAS DE MADERA Y OBJETOS DE ADORNO,10
UNIONES Y/O CORPORACIONES DE CRÉDITO,10
"VENTA AL POR MAYOR DE COLAS QUÍMICAS, RESINA SINTÉTICA",10
OBRAS DE DRENAJE,10
"INSTALACIÓN DE BARRERAS, SEÑALES DE TRÁFICO Y SIMILARES",10
MOLIENDA DE TRIGO,10
FABRICACIÓN DE PUERTAS DE APERTURA Y CIERRE DE DISPOSITIVOS ELÉCTRICOS,10
"FABRICACIÓN DE SILLAS Y ASIENTOS PARA OFICINAS, TALLERES, HOTELES, RESTAURANTES",10
RADIODIFUSIÓN DE DATOS INTEGRADA,10
FABRICACIÓN Y DISTRIBUCIÓN DE COMBUSTIBLES GASEOSOS N.C.P.,10
FABRICACION Y REPARACIÓN DE BATERÍAS,10
FABRICACIÓN DE LADRILLOS,10
SERVICIOS DE TRANSPORTE DE ANIMALES,9
PINTURA DE PAVIMENTO Y OTRO TIPO DE MARCADO,9
EVALUACIÓN DE RIESGO,9
COMPOSITORES,9
"ORGANIZACIONES PARA LA PROTECCIÓN Y EL MEJORAMIENTO DE LOS GRUPOS ESPECIALES, POR EJEMPLO, GRUPOS ÉTNICOS Y MINORITARIOS",9
VENTA AL POR MENOR DE DIARIOS Y REVISTAS,9
CULTIVO DE LECHUGA,9
FABRICACION DE VIDRIOS Y PARABRISAS PARA AUTOMÓVILES,9
"SERVICIOS DE COSECHA MECÁNICA (INCL. LA COSECHA MECÁNICA DE GRANOS, CAÑA DE AZÚCAR, ALGODON, FORRAJES, EL ENFARDADO, ENRROLLADO, ETC.)",9
INSTALACIÓN DE PAPEL TAPIZ,9
VENTA AL POR MAYOR DE PRENDAS DE VESTIR DE CUERO,9
CRIADEROS DE PECES (MARINOS),9
LIMPIEZA DE FÁBRICAS,9
"PROCESAMIENTO DE PECES, CRUSTÁCEOS Y MOLUSCOS: PESCADO COCIDO, FILETES DE PESCADO, HUEVAS, CAVIAR, SUCEDÁNEOS DE CAVIAR, ETC",9
CARGA DE AUTOMÓVILES,9
"FABRICACIÓN DE TOALLAS SANITARIAS Y TAMPONES, PAÑALES Y MANTILLAS PARA BEBÉS",9
VENTA AL POR MAYOR DE CALENTADORES DE AGUA,9
ELABORACIÓN DE AZÚCAR,9
"FABRICACIÓN DE MOTORES Y TURBINAS, EXCEPTO MOTORES PARA AERONAVES, VEHÍCULOS AUTOMOTORES Y MOTOCICLETAS",9
ELABORACIÓN DE YESO,9
"FABRICACIÓN DE INSTRUMENTOS, PIEZAS Y ACCESORIOS",9
MEZCLA DE BEBIDA ALCOHOLICA,9
FABRICACIÓN DE MAQUINARIA PARA LA EXPLOTACIÓN DE MINAS Y CANTERAS Y PARA OBRAS DE CONSTRUCCIÓN (INCL. LA FABRIC. DE MÁQUINAS Y EQU,9
FABRICACIÓN DE PRODUCTOS DE CAUCHO N.C.P.,9
"CONSERVACIÓN DE FRUTAS, FRUTOS SECOS U HORTALIZAS: CONGELACIÓN, SECADO, INMERSIÓN EN ACEITE O EN VINAGRE, ENLATADO, ETC",9
FABRICACIÓN DE CAMIONES MEZCLADOR DE HORMIGÓN,9
FABRICACIÓN DE ENVASES DE PAPEL,9
"EXTRACCIÓN DE PRODUC. FOREST. DE BOSQUES NATIVOS (INCL. TALA DE ÁRBOLES, DESBASTE DE TRONCOS Y PRODUC. DE MADERA EN BRUTO, LEÑA, P",9
PENSIONES DE JUBILACIÓN,9
"INSTALACIÓN, REPARACIÓN, RECONSTRUCCIÓN DE CAJAS FUERTES Y BÓVEDAS DE SEGURIDAD",9
OPERACIÓN DE EQUIPO DE RIEGO AGRÍCOLA,9
"FABRICACIÓN DE CAMISAS, CAMISETAS Y BLUSAS",9
"VENTA DE VEHÍCULOS AUTOMOTORES DE PASAJEROS, TALES COMO AMBULANCIAS Y MINIBUSES, ETC",9
CONSTRUCCIÓN DE TUBERÍAS EN ZONAS URBANAS DE COMUNICACIÓN Y LÍNEAS ELÉCTRICAS,9
REPARACIÓN DE EQUIPO DE TRANSMISIÓN DE COMUNICACIONES,9
SERVICIOS DE MUSEOS Y PRESERVACIÓN DE LUGARES Y EDIFICIOS HISTÓRICOS,9
"VENTA AL POR MAYOR DE SODA, SAL INDUSTRIAL",9
FABRICACIÓN DE RESORTES Y OTRAS PIEZAS,9
PRODUCCIÓN DE HIERRO POR REDUCCIÓN DIRECTA DE PRODUCTOS DE HIERRO Y OTROS PRODUCTOS FÉRREOS ESPONJOSOS,9
"ALQUILER DE OTRAS MAQUINARIAS CIENTÍFICAS, COMERCIALES E INDUSTRIALES",9
PRODUCCIÓN Y DISTRIBUCIÓN DE AGUA FRÍA PARA REFRIGERACIÓN,9
"REPARACIÓN DE INSTRUMENTOS MUSICALES Y DE ARTÍCULOS DE PASATIEMPO, AFINACIÓN DE PIANO",9
VENTA Y/O DISTRIBUCION DE FUEGOS ARTIFICIALES,9
"EXTRAC. DE MINERALES METALÍF. NO FERROSOS, EXCEPTO MINERALES DE URANIO Y TORIO (INCL. ALUMINIO, ESTAÑO, MANGANESO, NÍQUEL, PLOMO,",9
ELABORACIÓN DE VINAGRES,9
CULTIVO DE CHILES Y PIMIENTOS,8
PRODUCCIÓN DE HARINA DE MAIZ O DE OTROS GRANOS,8
"RECOLECCIÓN DE PRODUCTOS MARINOS (INCL. LA RECOLECCIÓN DE ALGAS MARINAS Y OTRAS PLANTAS ACUÁTICAS, CORALES , ESPONJAS)",8
EMISIÓN Y ADMINISTRACIÓN DE DINERO,8
PREPARACIÓN DE PLANCHAS Y TROQUELES PARA LA IMPRESIÓN O ESTAMPACIÓN,8
"MATANZA DE GANADO EXCEPTO EL BOVINO Y PROCESAMIENTO DE SU CARNE (INCL. GANADO OVNIO, PORCINO, EQUINO, BÚFALO, ETC.)",8
FABRICACIÓN DE ENVASES METÁLICOS,8
CULTIVO DE MELONES Y OTROS FRUTALES,8
CONFECCIÓN DE TRAJES DE BAÑO,8
CULTIVO DE PUERROS Y DEMAS HORTALIZAS ALIÁCEAS,8
TRANSPORTE DE ENERGÍA ELÉCTRICA,8
CRIA DE PECES ORNAMENTALES,8
OPERACIÓN DE ALMACENES REFRIGERADOS,8
FABRICACIÓN DE ETIQUETAS (LABELS),8
ALQUILER DE EMBARCACIONES DE RECREO CON TRIPULACIÓN,8
TRANSPORTE REFRIGERADO DE PRODUCTOS,8
REASEGUROS,8
"CAZA Y CAPTURA DE ANIMALES VIVOS. (INCL. LA CAZA DE ANIMALES PARA OBTENER CARNE, PIELES, Y CUEROS Y LA CAPT. DE ANIMALES VIVOS PA",8
FABRICACION DE CIGARRILLOS,8
"FABRICACIÓN DE EDREDONES, COJINES, ALMOHADAS, SACOS DE DORMIR, ETC",8
SERVICIOS DE INTERMEDIACIÓN FINANCIERA REALIZADA POR CAJAS DE CRÉDITO,8
FABRICACIÓN DE TEJIDOS (TELAS) PLANOS DE FIBRAS MANUFACTURADAS Y SEDA,8
VENTA AL POR MENOR DE MUEBLES USADOS,8
DESTILACIÓN DE ALCOHOL ETÍLICO,8
OTRAS ACTIVIDADES RELACIONADAS CON SILVICULTURA N.C.P.,8
"TRANSPORTE POR REMOLQUE O TRACCIÓN DE BARCAZAS, PLATAFORMAS PETROLÍFERAS ETC",8
FABRICACIÓN DE APARATOS NO ELÉCTRICOS DE SOLDADURA Y EQUIPOS DE SOLDADURA,8
ENTRENAMIENTO DE SUPERVIVENCIA,8
"PRODUCCIÓN Y REFINADO DE METALES PRECIOSOS COMO EL ORO, PLATA, PLATINO, ETC.",8
SERVICIOS SOCIALES CON ALOJAMIENTO N.C.P.,8
REPARACIÓN Y MODIFICACIÓN DE LA ROPA,8
FABRICACIÓN DE HILADOS DE ALGODÓN Y SUS MEZCLAS,8
"FABRICACIÓN DE MÁQUINAS HERRAMIENTA, PIEZAS Y ACCESORIOS PARA MAQUINA DE TRABAJAR LOS METALES Y LA MADERA (NO ELECTRICA)",8
"FABRICACIÓN DE MAQUINARIA PARA LA ELABORACIÓN DE ALIMENTOS, BEBIDAS Y TABACO",8
FABRICACIÓN DE GASES COMPRIMIDOS Y LICUADOS.,8
ACTIVIDADES DE DIAGNÓSTICO CLÍNICO PATOLÓGICO Y OTROS DIAGNÓSTICOS REFERENTE A ANIMALES,8
FABRICACIÓN DE JOYAS QUE CONTIENEN PIEDRAS DE IMITACIÓN TALES COMO IMITACIÓN DE DIAMANTES,8
ELABORACIÓN DE PASTAS ALIMENTARIAS FRESCAS,8
FABRICACIÓN DE MAQUILLAJE,7
ORGANIZACIÓN DE ENVÍOS GRUPALES E INDIVIDUALES,7
INGENIERÍA QUÍMICA,7
OPERACIÓN DE PESCA DEPORTIVA Y DE CAZA DE PRESERVACIÓN,7
VENTA DE RODADOS EXEPTO BICICLETAS,7
REPARACIÓN DE BICICLETAS,7
"REPARACIÓN DE TELEVISIÓN, RECEPTORES DE RADIO",7
RECAUCHUTADO Y RENOVACIÓN DE CUBIERTAS,7
ACTIVIDADES DE ASTROLOGÍA Y ESPIRITISMO,7
SERVICIOS DE BOLSAS DE COMERCIO,7
CUBRIMIENTO CON TEJADO DE LOS EDIFICIOS RESIDENCIALES,7
"FABRICACIÓN DE RECEPTORES DE RADIO Y TELEVISIÓN, APARATOS DE GRABACIÓN Y REPRODUCCIÓN DE SONIDO Y VIDEO, Y PRODUCTOS CONEXOS",7
ALQUILER DE MOBILIARIO DE OFICINA,7
CABINAS DE FOTO,7
"ACABADO DE MUEBLES, TALES COMO LA FUMIGACIÓN, PINTURA, PULIDO FRANCÉS Y TAPIZADO",7
ALBERGUE Y CUIDADO DE ANIMALES DE TERCEROS,7
PRODUCCIÓN DE ALEACCIONES DE ACERO,7
FABRICACIÓN DE TANQUES,7
PRODUCCIÓN DE HARINA O SÉMOLA DE FRUTOS SECOS COMESTIBLES,7
OPERACIÓN DE UNA VARIEDAD DE ATRACCIONES MECÁNICAS,7
ELABORACIÓN DE ACEITES Y GRASAS VEGETALES REFINADAS (NO INCLUYE ACEITE DE MAÍZ),7
"FABRICACIÓN DE CABAÑAS, ELEMENTOS MODULARES DE EXPOSICIÓN, ETC",7
"EXTRAC. DE PETRÓLEO CRUDO Y GAS NATURAL (INCL. GAS NATURAL LICUADO Y GASEOSO, ARENAS ALQUITRANIFERAS, ESQUISTOS BITUMINOSOS, ETC.)",7
"FABRICACIÓN DE INSTRUMENTOS Y APARATOS PARA MEDIR, VERIFICAR, ENSAYAR, NAVEGAR Y OTROS FINES, EXCEPTO EL EQUIPO DE CONTROL DE PROCESOS INDUSTRIALES",7
CONSTRUCCIÓN DE BARCOS A MOTOR,7
CASAS DE CONVALECENCIA,7
"FABRICACIÓN DE MAQUINARIA DE OFICINA, CONTABILIDAD E INFORMÁTICA",7
FABRICACIÓN DE PRODUCTOS DE LA REFINACIÓN DEL PETRÓLEO,7
FABRICACIÓN DE MECANISMOS DE FILTRADO Y PURIFICACIÓN,7
CULTIVO DE SANDÍAS,7
ANÁLISIS Y CONTROL EN RELACIÓN CON LA PRODUCCIÓN DE ALIMENTOS,7
FABRICACIÓN DE MAQUINAS DE VENTAS AUTOMÁTICAS DE PRODUCTOS,7
FUNDICIÓN DE METALES NO FERROSOS,7
VENTA AL POR MAYOR DE PAPEL A GRANEL,7
FABRICACIÓN DE CHOCOLATE Y CONFITERÍA DE CHOCOLATE,7
FABRICACIÓN DE ARTÍCULOS SANITARIOS DE CERÁMICA,7
EXTRACCION DE SAL DE ROCA INCLUIDA LA MOLIENDA,7
CORRETAJE DE VALORES,7
FABRICACIÓN DE ABRILLANTADORES Y CREMAS PARA PIELES,7
"ELABORACIÓN DE FRUTAS, HORTALIZAS Y LEGUMBRES CONGELADAS",7
INTERCAMBIO DE VALORES,7
AUTORES,7
"ACTIVIDADES DE SERVICIOS RELACIONADAS CON LA EXTRACCIÓN DE PETRÓLEO Y GAS, EXCEPTO LAS ACTIVIDADES DE PROSPECCIÓN",7
"FABRICACIÓN DE ASCENSORES, ESCALERAS MECÁNICAS Y PASILLOS MÓVILES",7
"FABRICACIÓN DE BOTONES, PELUCAS, FANTASIAS",7
ACTIVIDADES DE CENTROS DE GRUPOS DE REHABILITACIÓN PARA PERSONAS CON PROBLEMAS SOCIALES O PERSONALES,7
SEGUNDA ETAPA DE EDUCACIÓN TERCIARIA,7
"FABRIC. DE MATERIAS QUÍMICAS ORGÁNICAS BÁSICAS N.C.P. (INCL. FABRIC. DE ALCOHOLES EXCEPTO EL ETÍLICO, SUSTANCIAS QUÍMICAS PARA LA ELABOR. DE SUST. PLAST., ETC.)",7
CENTRO DE ACOPIO DE LECHE DE GANADO BOVINO,7
VENTA AL POR MAYOR DE EQUIPOS E INSTRUMENTOS DE MEDIDA,7
SERVICIOS DE BÚSQUEDA DE INFORMACIÓN A CAMBIO DE UNA RETRIBUCIÓN O POR CONTRATO,7
EDUCACIÓN POST SECUNDARIA NO TERCIARIA,6
INSTALACIÓN DE ANTENAS PARABÓLICAS,6
"FABRICACIÓN DE CEPILLOS, PINCELES Y ESCOBAS",6
CULTIVO DE ZANAHORIA,6
CULTIVO DE PEPINOS Y PEPINILLOS,6
"FABRICACIÓN DE APARATOS Y ACCESORIOS PARA FOTOGRAFÍA EXCEPTO PELÍCULAS, PLACAS Y PAPELES SENSIBLES",6
RECOLECCIÓN Y DISTRIBUCIÓN DE ROPA POR LAVANDERÍAS,6
PRODUCTOS BÁSICOS Y LA CAPACIDAD DE TRANSPORTE DE LOS COMBUSTIBLES GASEOSOS,6
"CRÍA DE AVES COMO PERICOS, ETC.",6
FABRICACIÓN DE OBJETOS CERÁMICOS PARA USO DOMÉSTICO EXCEPTO ARTEFACTOS SANITARIOS,6
SERVICIOS DE CORREOS,6
FABRICACIÓN DE CONTENEDORES PARA EL TRANSPORTE,6
PREPARACIÓN DE MEZCLA (ÚNICA) PARA LA ALIMENTACIÓN DE ANIMALES DE GRANJA,6
FABRICACIÓN DE TEJIDOS (TELAS) PLANOS DE LANA Y SUS MEZCLAS,6
"PRUEBAS DE RENDIMIENTO DE MAQUINARIA COMPLETA: MOTORES, AUTOMÓVILES, EQUIPO ELECTRÓNICO ETC",6
OPERACIONES EMBALAJE TEMPORAL CON EL ÚNICO PROPÓSITO DE PROTEGER LAS MERCANCÍAS DURANTE EL TRÁNSITO,6
FABRICACIÓN DE DESINFECTANTES (PARA LA AGRICULTURA Y OTROS USOS),6
FABRICACIÓN DE CINTA TRANSPORTADORA DE GOMA O CORREAS DE TRANSMISIÓN O DE BANDAS,6
SERVICIOS DE SOCIEDADES CALIFICADORAS DE RIESGOS,6
"SERVICIOS PARA LA NAVEGACIÓN (INCL. SERV. DE PRACTICAJE Y PILOTAJE, ATRAQUE Y SALVAMENTO)",6
VENTA AL POR MENOR EN SUBASTAS POR INTERNET,6
ELABORACIÓN DE SIDRA Y OTRAS BEBIDAS ALCOHÓLICAS FERMENTADAS A PARTIR DE FRUTAS,6
IMPRESIÓN EN LAS ETIQUETAS O TAGS,6
ALQUILER DE REMOLQUES Y SEMIREMOLQUES DE CARGA Y DESCARGA AUTOMÁTICA,6
OBRAS DE VIAS FERREAS,6
"VENTA AL POR MAYOR DE PRODUCTOS INTERMEDIOS N.C.P., DESPERDICIOS Y DESECHOS TEXTILES",6
FABRICACIÓN DE SACOS Y BOLSAS DE PAPEL,6
"FABRICACIÓN DE MANIPULADORES MECÁNICOS Y ROBOTS INDUSTRIALES DISEÑADOS ESPECÍFICAMENTE PARA ELEVACIÓN, CARGA, DESCARGA",6
EXPEDICIÓN Y OBTENCIÓN DE DOCUMENTOS DE TRANSPORTE Y CONOCIMIENTO DE EMBARQUE,6
FABRICACIÓN DE CAJAS Y MOLDES (EXCEPTO LINGOTERAS),6
CULTIVO DE ÑAME,6
FABRICACIÓN DE VIDRIO PLANO TEMPLADO O LAMINADO,6
FABRICACIÓN DE SNACKS DE PAPAS,6
"LOGÍSTICA MILITAR (SUMINISTRO DE EQUIPOS, ESTRUCTURAS, SUMINISTROS ETC)",6
"CULTIVO DE NUECES Y FRUTAS SECAS (INCL. ALMENDRA, AVELLANA, CASRTAÑA, NUEZ, PISTACHO, ETC.)",6
VENTA AL POR MAYOR DE ACEITES ESENCIALES,6
FABRICACIÓN DE ACCESORIOS DE VESTIR DE CUERO,6
DISPOSICIÓN DE ESPACIOS PUBLICITARIOS EN LAS VALLAS,6
"SEGURO PARA TRANSPORTE CON MOTOR, MARINA, LA AVIACIÓN",6
"MUSEO DE HISTORIA NATURAL, LA CIENCIA Y LOS MUSEOS TECNOLÓGICOS, MUSEOS HISTÓRICOS, MUSEOS INCLUIDOS LOS MILITARES",6
FABRICACIÓN DE INSTRUMENTOS DENTALES,6
FABRICACIÓN DE ADORNOS PARA AUTOMÓVILES,6
FABRICACIÓN DE CARTUCHOS DE TÓNER,6
"FABRICACIÓN DE CABLE DE METAL, TRENZAS Y ARTÍCULOS SIMILARES",6
REPRODUCCIÓN DE DVD Y CINTAS CON LAS IMÁGENES EN MOVIMIENTO Y OTRAS GRABACIONES DE VÍDEO,6
FABRICACIÓN DE TUBOS CON SOLDADURAS,6
FABRICACIÓN DE LAS PARTES INTERNAS Y EXTERNAS DE LOS CALZADOS,6
PUBLICIDAD AÉREA,6
LABORATORIOS DE REVELADO E IMPRESIÓN DE FOTOS,6
"ALQUILER DE MAQUINARIA Y EQUIPO MINERO Y PETROLERO, SIN PERSONAL",6
FABRICACIÓN DE TABLEROS Y PANELES N.C.P.,6
ESTACIONES DE BOMBEO,6
"ALQUILER DE EQUIPO DE TRANSPORTE PARA VÍA AÉREA, SIN OPERARIOS NI TRIPULACIÓN",6
FABRIC. DE HOJAS DE MADERA PARA ENCHAPADO; FABRIC. DE TABLEROS CONTRACHAPADOS; TABLEROS LAMINADOS; TABLEROS DE PARTÍCULAS Y TABLER,6
SUPERVISIÓN DE LAS OPERACIONES BANCARIAS,6
"ESTADIOS DE FÚTBOL, HOCKEY, CRICKET, BÉISBOL, JAI-ALAI",6
FABRICACIÓN DE PAPEL HIGIÉNICO,6
FABRICACIÓN DE GENERADORES DE ENERGÍA (EXCEPTO ALTERNADORES DE CARGA DE LA BATERÍA PARA LOS MOTORES DE COMBUSTIÓN INTERNA),6
"FABRICACIÓN DE CINTURONES DE SEGURIDAD, AIRBAGS, PUERTAS, PARACHOQUES",6
SEVICIO DE GRABADO EN CILINDROS Y PLACAS,6
"FABRICACIÓN DE TUBOS SIN SOLDADURA, TUBOS Y PERFILES HUECOS DE ACERO",5
SERVICIO DE TAQUIMECANOGRAFÍA,5
FABRICACIÓN DE PRODUCTOS PARA LA INDUSTRIA PETROQUÍMICA,5
"ELABORACIÓN DE BEBIDAS GASEOSAS, EXCEPTO SODA",5
PATENTES Y DERECHOS DE AUTOR,5
"FABRICACIÓN DE BANDERAS, PANCARTAS, BANDERINES, ETC",5
FABRICACIÓN DE ACEITES Y GRASAS DE ORIGEN ANIMAL COMESTIBLE,5
OPERACIÓN (EXPLOTACIÓN) DE JUEGOS QUE FUNCIONAN CON MONEDAS,5
VENTA AL POR MAYOR DE BEBIDAS ESPIRITOSAS,5
"SERVICIOS DE HANGARES, ESTACIONAMIENTO Y REMOLQUE DE AERONAVES",5
"FABRICACIÓN DE VAJILLA DE PLÁSTICO, UTENSILIOS DE COCINA Y ARTÍCULOS DE TOCADOR",5
OPERACIONES DE INTERMEDIACIÓN DE CARNE - CONSIGNATARIO DIRECTO -,5
ACTIVIDADES DE ASOCIACIONES CUYOS MIEMBROS SON EMPLEADOS INTERESADOS PRINCIPALMENTE EN LA REPRESENTACIÓN DE SUS OPINIONES,5
PRODUCCIÓN DE LÁMINAS DE ALUMINIO,5
PRODUCCIÓN DE CONCENTRADOS DE FRUTAS Y HORTALIZAS FRESCAS,5
"FOTOGRABADO, FLEXOGRÁFICA Y OTRAS PRENSAS, MÁQUINAS DE DUPLICACIÓN, IMPRESORAS DE COMPUTADORAS, ETC",5
FABRICACIÓN DE VEHÍCULOS AUTOMOTORES (INCL. LA FABRIC. DE MOTORES PARA AUTOMOTORES),5
CORRETAJE DE BUQUES Y AERONAVES ESPACIALES,5
TRATAMIENTO DE CULTIVOS,5
SEGURO DE VIAJE,5
FABRICACIÓN DE INSTRUMENTOS DE ÓPTICA,5
PRUEBA Y PESAJE DE PRODUCTOS,5
"SERV. FOREST. EXCEPTO LOS RELACIONADOS CON LA EXTRACCIÓN DE MADERA (INCL. PROTECCIÓN CONTRA INCENDIOS, EVALUACIÓN DE MASAS FORESTALES EN PIE, ETC.)",5
FABRICACIÓN DE SUÉTERES Y ARTÍCULOS SIMILARES DE PUNTO,5
FABRICACIÓN DE LAMINADOS DE ACERO,5
"CULTIVO DE PASTOS FORRAJEROS (INCLUYE ALFALFA, MOHA, PASTOSCONSOCIADOS, SORGO AZUCARADO Y FORRAJERO, ETC.)",5
FABRICACIÓN DE PRODUCTOS DE ARCILLA Y CERÁMICA NO REFRACTARIA PARA USO ESTRUCTURAL N.C.P.,5
PROVISIÓN DE PROGRAMAS DE ALFABETIZACIÓN PARA ADULTOS,5
SUMINISTRO DE VAPOR Y AGUA CALIENTE,5
FABRICACIÓN DE ARTÍCULOS DE CUCHILLERÍA Y UTENSILLOS DE MESA Y DE COCINA,5
FABRICACIÓN DE SOBRES Y TARJETAS,5
"INGENIEROS, TRANSPORTE, COMUNICACIONES, INTELIGENCIA, PERSONAL Y OTRAS FUERZAS NO DE COMBATE Y COMANDOS",5
CORRETAJE DE VINOS,5
INSTALACIÓN DE TUBERÍAS DE VAPOR,5
FABRICACION DE CERAS,5
FABRICACIÓN DE BOMBAS; COMPRESORES; GRIFOS Y VÁLVULAS,5
FABRICACIÓN DE TEJIDOS DE FIBRA DE VIDRIO,5
REPOBLACIÓN Y CONSERVACIÓN DE BOSQUES NATIVOS Y ZONAS FORESTADAS,5
"FABRICACIÓN DE FURGONETAS, CAMIONES, TRACTORES DE CARRETERA PARA SEMI-REMOLQUES",5
"PERFORACIÓN DIRECCIONAL Y REDRILLING; REPARACIÓN Y DESMANTELAMIENTO; CEMENTACIÓN DE PETRÓLEOY GAS; BOMBEO DE LOS POZOS; TAPONAMIENTO Y ABANDONO DE POZOS, ETC",5
"FABRICACIÓN DE BOMBAS PARA ACEITE, AGUA Y BOMBAS DE COMBUSTIBLE DE LOS VEHÍCULOS DE MOTOR ETC",5
FABRICACIÓN DE CALDERAS DE CALEFACCIÓN CENTRAL Y RADIADORES,5
PLANTAS DE ELIMINACIÓN DE AGUAS RESIDUALES,5
"EXTRACCIÓN DE ASFALTO NATURALES, ASFALTITAS Y ROCAS; BETÚN NATURAL SÓLIDO",5
CULTIVO DE UVAS,5
FABRICACIÓN DE JUNTAS Y UNIONES SIMILARES HECHAS DE UNA COMBINACIÓN DE MATERIALES O CAPAS DEL MISMO MATERIAL,5
FABRICACIÓN DE LAMINADOS CON PAPEL Y CARTÓN,5
ACTIVIDADES DE ORGANIZACIONES DE SERVICIO DE EQUIPAMIENTO DE MONASTERIOS Y CONVENTOS,5
FABRICACIÓN DE VIVIENDAS PREFABRICADAS DE MADERA,5
ENBARCADO Y CUIDADO DE ANIMALES DE GRANJA,5
GENERACIÓN DE ENERGÍA HIDRÁULICA (INCL. LA PRODUC. DE ENERGÍA ELÉCTRICA MEDIANTE CENTRALES DE BOMBEO),5
"EQUIPAMIENTO DE TODOS LOS TIPOS DE VEHÍCULOS DE MOTOR, REMOLQUES Y SEMIRREMOLQUES",5
SERVICIO DE TRANSPORTE POR OLEODUCTOS Y POLIDUCTOS,5
VENTA AL POR MAYOR DE DESPERDICIOS Y DESECHOS DE PAPEL Y CARTÓN,5
ATENCIÓN DE LA SALUD ANIMAL Y LAS ACTIVIDADES DE CONTROL PARA LOS ANIMALES DE GRANJA,5
"FABRICACIÓN DE ETIQUETAS, INSIGNIAS, ETC",5
FABRICACIÓN DE HILADOS TEXTILES EXCEPTO DE LANA Y DE ALGODÓN,4
INVESTIGACIÓN Y DESARROLLO EXPERIMENTAL EN EL CAMPO DE LAS CIENCIAS HUMANAS,4
"VENTA AL POR MENOR DE EQUIPO Y MATERIALES DEL TIPO ""HÁGALO USTED MISMO""",4
"FABRICACIÓN DE ESTATUAS, MUEBLES, BAJORRELIEVES Y HAUT-RELIEVES, JARRONES, MACETAS, ETC",4
"VENTA AL POR MENOR DE ALIMENTOS, BEBIDAS Y TABACO EN ALMACENES ESPECIALIZADOS",4
FABRICACIÓN DE FIBRAS MANUFACTURADAS,4
SERVICIOS DE TRANSPORTE DE CAUDALES Y OBJETOS DE VALOR,4
OBREROS,4
"EXTRACCIÓN DE PIEDRAS PRECIOSAS, CUARZO, MICA, ETC",4
FABRICACIÓN DE ENVASES PLEGABLES DE CARTÓN,4
FABRICACIÓN DE TEJIDOS (TELAS) PLANOS DE ALGODÓN Y SUS MEZCLAS,4
SERVICIOS DE LA BANCA CENTRAL (INCL. LAS ACTIVIDADES DEL BANCO CENTRAL DE LA REP. DOM.),4
VENTA AL POR MENOR DE ARTIULOS PARA PESCA,4
"VENTA DIRECTA A TRAVÉS DE LA TELEVISIÓN, RADIO Y TELÉFONO",4
ESCUELAS DE VUELO Y ENTRENAMIENTO DE SALVAVIDAS,4
FABRICACIÓN DE PAPEL Y CARTÓN,4
FABRICACIÓN DE TRANSMISORES DE RADIO Y TELEVISIÓN Y DE APARATOS PARA TELEFONÍA Y TELEGRAFÍA CON HILOS,4
FABRICACIÓN DE MAQUINARIA PARA LA PREPARACIÓN DE LOS ALIMENTOS EN HOTELES Y RESTAURANTES,4
FABRICACIÓN DE OTROS VINOS DE FRUTAS Y BEBIDAS MEZCLADAS CON CONTENIDO ALCOHOLICO,4
"FABRICACIÓN DE JUNTAS, HOJAS, PANELES, ETC",4
FABRICACIÓN DE PRODUCTOS PARA EL MANICURE Y PEDICURE,4
FABRICACIÓN DE RON,4
FABRICACIÓN DE VITAMINAS BÁSICAS,4
"AMPLIACIÓN DE ARCILLAS Y AISLANTES DE CALOR, AISLANTES DE SONIDO O EL SONIDO",4
CONSTRUCCIÓN DE EDIFICIOS RELIGIOSOS,4
ENTRENAMIENTO PARA REPARAR COMPUTADORAS,4
ALQUILER DE COMPUTADORAS Y EQUIPOS PERIFÉRICOS,4
INSTITUTOS METEOROLÓGICO,4
"MUSEOS DE ARTE, MUSEOS DE JOYAS, MUEBLES, TRAJES, CERÁMICA, PLATERÍA",4
"CULTIVO DE PLANTAS SACARÍFERAS N.C.P. (INCL. REMOLACHA AZUCARERA, ETC.)",4
VENTA AL POR MAYOR DE MEDIAS Y PRENDAS DE PUNTO,4
CAPTURA DE ANIMALES DE AGUA DULCE,4
ACTIVIDADES DE AEROPUERTO Y DE CONTROL DEL TRÁFICO AÉREO,4
FABRICACIÓN DE TELÉFONOS CELULARES,4
ACTIVIDADES DE FEDERACIONES DE TALES ASOCIACIONES,4
FOTOGRAFÍA AÉREA,4
"FABRICACIÓN DE ACEITE LUBRICANTE A BASE DE ACEITES O GRASAS, INCLUIDAS LAS DE ACEITES USADOS",4
"FABRICACIÓN DE INSTRUMENTOS MUSICALES, QUE EL SONIDO SE PRODUCE POR VÍA ELECTRÓNICA",4
"FABRICACIÓN DE TUBOS, CAÑOS Y MANGUERAS",4
SERVICIOS DE EXPLORACIÓN,4
"REPARACIÓN DE TERMINALES COMO CAJEROS AUTOMÁTICAS Y DE PUNTOS DE VENTA, QUE FUNCIONAN EN FORMA NO MECÁNICA",4
SERVICIOS DE EXPLOTACIÓN DE INFRAESTRUCTURA PARA EL TRANSPORTE TERRESTRE; PEAJES Y OTROS DERECHOS,4
"FABRICACIÓN DE PISO, PAREDES O TECHOS EN ROLLOS O EN FORMA DE BALDOSAS DE PLÁSTICO",4
"FABRICACIÓN DE MAQUINARIA PARA LA ELABORACIÓN DE PRODUCTOS TEXTILES, PRENDAS DE VESTIR Y CUEROS",4
FABRICACIÓN DE PISOS DE MADERA,4
PREPARACIÓN PARA PROCESOS DE ADMISIÓN,4
FABRICACIÓN DE PRODUCTOS DE CERÁMICA REFRACTARIA,4
"FABRICACIÓN DE MEZCLAS EN MACETAS DE SUELO NATURAL, ARENA, ARCILLA Y MINERALES",4
REPLANTACION DE ARBOLES,4
CONTROL DE PLAGAS FORESTALES,4
VENTA AL POR MAYOR DE MUEBLES METÁLICOS EXCEPTO DE OFICINA,4
"FABRICACIÓN DE SEPARADORES, CONTENEDORES",4
FABRICACIÓN DE MOSAICOS,4
"ALQUILER DE MÁQUINAS COPIADORAS, MÁQUINAS DE ESCRIBIR Y MÁQUINAS DE TRATAMIENTO DE TEXTOS",4
FABRICACIÓN DE PREPARADOS PARA QUITAR PINTURAS O BARNICES,4
SERVICIOS DE EXPLOTACIÓN DE INFRAESTRUCTURA PARA EL TRANSPORTE POR AGUA; DERECHOS DE PUERTO,4
OTORGAMIENTO DE CRÉDITOS PARA VIVIENDA POR INSTITUCIONES ESPECIALIZADAS NO DEPOSITARIAS,4
FUNDICIÓN DE PIEZAS DE METALES PRECIOSOS,4
CULTIVO DE NUECES,4
ELABORACIÓN DE PESCADOS DE RÍOS Y LAGUNAS Y OTROS PRODUCTOS FLUVIALES Y LACUSTRES,4
FABRICACIÓN DE CAJAS DE MÚSICA,4
CULTIVO DE GIRASOL,4
"SERVICIOS AUXILIARES A LA ACTIVIDAD FINANCIERA, EXCEPTO A LOS SERVICIOS DE SEGUROS Y DE ADMINISTRACIÓN DE FONDOS DE JUBILACIONES Y PENSIONES",4
"DIFUSIÓN DE LA INFORMACIÓN, REPRESENTACIÓN ANTE AGENCIAS ESTATALES",4
SERVICIOS DE GUARDERÍAS NÁUTICAS,4
VENTA AL POR MAYOR DE ARTÍCULOS DE BAZAR Y MENAJE EXCEPTO DE VIDRIO,4
VENTA AL PORMAYOR DE MÁQUINAS AVÍCOLAS Y DE APICULTURA,4
SERVICIOS DE DEFENSA,4
ACUICULTURA EN AGUA DULCE,4
FABRICACIÓN DE SISTEMAS DE GRABACIÓN DE AUDIO,4
"ACTIVIDADES DE NAVEGACIÓN, PILOTAJE Y DE AMARRADEROS",4
EXTRACCION DE METALES PRECIOSOS,4
ASESORAMIENTO Y REPRESENTACIÓN EN CASOS PENALES,4
PREPARACIÓN Y MOLIENDA DE LEGUMBRES Y CEREALES N.C.P. (EXCEPTO TRIGO),4
VENTA AL POR MENOR DE SELLOS Y MONEDAS,4
FABRICACIÓ DE MARCOS PARA ESPEJOS Y MARCOS PARA FOTOS,4
SERVICIOS RELACIONADOS CON LA SALUD HUMANA,4
INSEMINACIÓN ARTIFICIAL Y SERVICIOS N.C.P. PARA MEJORAR LA REPRODUCCIÓN DE LOS ANIMALES Y EL RENDIMIENTO DE SUS PRODUCTOS,4
FABRICACIÓN DE LÁMPARAS,4
UNIDADES (ESTABLECIMIENTOS) CON CAMA Y DESAYUNO,3
"FABRICACIÓN DE ESCALERAS, BARANDILLAS",3
"SERVICIOS DE ORGANIZACIONES EMPRESARIALES, PROFESIONALES Y DE EMPLEADORES",3
"REPARACIÓN DE CORTADORAS DE CÉSPED, SOPLADORES DE HOJAS",3
"FUNDICIÓN DE PRODUCTOS SEMIACABADOS DE ALUMINIO, MAGNESIO, TITANIO, ZINC, ETC",3
FABRICACIÓN DE MOTOCICLETAS,3
ELABORACION DE LEVADURAS,3
"DISPOSICIÓN DE LINOS, UNIFORMES DE TRABAJO Y PRENDAS CONEXAS POR LAS LAVANDERÍAS",3
TERMINACION Y TEÑIDOS DE PIELES,3
FABRICACIÓN DE ARMAS Y MUNICIONES,3
FABRICACIÓN DE REVESTIMIENTOS CERÁMICOS,3
INVESTIGACIÓN DE LOS HÁBITOS DE COMPRA DE LOS CONSUMIDORES CON EL PROPÓSITO DE LA PROMOCIÓN Y DESARROLLO DE NUEVOS PRODUCTOS,3
RECOLECCIÓN DE FRUTOS SECOS,3
FABRICACIÓN DE PARTES Y ACCESORIOS DE BICICLETAS,3
FABRICACIÓN DE ELECTRODOMÉSTICOS DEL TIPO DE HORNOS,3
"EXTRACCIÓN DE MINERALES DE HIERRO (INCL. HEMATITAS, LIMONITAS, MAGNETITAS, SIDERITA, ETC.)",3
FABRICACIÓN DE CHALECOS,3
COMBINACIONES DE METALES PRECIOSOS Y PIEDRAS O DE OTROS MATERIALES PRECIOSAS O SEMIPRECIOSAS,3
ELABORACION DE ACEITE Y GRASA ANIMAL NO COMESTIBLE,3
FABRICACIÓN DE CAJAS DE SEGURIDAD,3
CULTIVO DE VAINILLA,3
FABRICACIÓN DE ARTICULOS SIMILARES,3
CONSTRUCCIÓN DE EDIFICIOS DE AEROPUERTO,3
"FABRICACIÓN DE PRODUCTOS MÉDICOS DE DIAGNÓSTICO, INCLUYENDO PRUEBAS DE EMBARAZO",3
"ELABORACIÓN DE OTROS COMPUESTOS DE FUNCIONES DE OXÍGENO, INCLUYENDO ALDEHÍDOS, CETONAS Y QUINONAS Y DOBLE O POLI-OXÍGENO FUNCIÓN COMPUESTOS",3
PRODUCCIÓN DE COMIDAS DE PESCADO Y OTROS ANIMALES ACUÁTICOS NO APTAS PARA EL CONSUMO HUMANO,3
FABRICACIÓN DE ELIMINADORES DE RESIDUOS,3
FABRICACIÓN DE ACUMULADORES Y DE PILAS Y BATERÍAS PRIMARIAS,3
ALQUILER DE EQUIPOS DE MEDICIÓN Y CONTROL,3
CULTIVO DE LECHOSAS,3
SERVICIOS DE PROTECCIÓN CIVIL,3
"OOTRAS ACTIVIDADES DE DESARROLLO Y PREPARACIÓN DE MINERALES Y PROPIEDADES DE LOS SITIOS, EXCEPTO PETRÓLEO Y GAS DE SITIOS",3
SERVICIOS DE MERCADOS A TÉRMINO,3
IMPREGNACIÓN O REVESTIMIENTO DE PRENDAS DE VESTIR PARA LA IMPERMEABILIZACIÓN,3
"FABRICACIÓN DE ARTÍCULOS DE CESTERÍA, CAÑA Y MIMBRE",3
"CONSTRUCCIÓN DE DIQUES FLOTANTES, BOYAS, TANQUES FLOTANTES, BARCAZAS, GRÚAS FLOTANTES",3
EXTRACCIÓN Y AGLOMERACIÓN DE TURBA (INCL. LA PRODUC. DE TURBA UTILIZADA COMO CORRECTOR DE SUELOS),3
FABRICACIÓN DE SOPORTES DE RODAMIENTOS Y COJINETES,3
CONSTRUCCIÓN DE LÍNEA DE AGUA PRINCIPAL,3
OTROS MUSEOS ESPECIALIZADOS,3
SERVICIOS DE AGENCIAS MATRIMONIALES,3
FABRICACIÓN DE ADITIVOS PREPARADOS PARA CEMENTOS,3
"FABRICACIÓN DE LAMINADOS DE ACERO EN CALIENTE, BARRAS Y VARILLAS DE ACERO",3
FABRICACIÓN DE PAPEL ENGOMADO O PAPEL ADHESIVO,3
VENTA AL POR MAYOR DE ARTÍCULOS DE CUERO,3
AJUSTES DE LAS RECLAMACIONES,3
FABRICACIÓN DE MARCOS DE MADERA PARA OBRAS DE ARTES,3
"FABRICACIÓN DE CUERDA O CABLE EQUIPADO CON AROS DE METAL, ETC.",3
EDUCACIÓN ESPECIAL PARA ESTUDIANTES DISCAPACITADOS EN FORMACION TECNICA O PROFESIONAL,3
"FABRICACIÓN DE MÁQUINAS Y HERRAMIENTA PARA TORNEADO, TALADRADO, FRESADO, EL DISEÑO, PLANIFICACIÓN",3
FABRICACIÓN DE CONTENEDORES DE PAPEL O CARTON CORRUGADO,3
ACTIVIDADES DE ESTIBA,3
ACTIVIDADES DE ASISTENTES DE VETERINARIO U OTRO PERSONAL AUXILIAR VETERINARIO,3
EXAMINACIÓN DE CUENTAS Y CERTIFICACIÓN DE SU EXACTITUD,3
VENTA Y CONFECCION DE MAPAS,3
OPERACIÓN DE LOS CANALES DE RIEGO,3
VENTA DE SANITARIOS,3
FABRICACIÓN DE BOMBAS HIDRÁULICAS,3
CONSTRUCCIÓN DE BARCOS DE PESCA Y DE BUQUES FACTORÍA PARA PROCESAMIENTO DE PESCADO,3
FABRICACIÓN DE LECHE LÍQUIDA FRESCA PASTEURIZADA,3
ACTIVIDADES DE SUBASTADORES INDEPENDIENTES,3
FABRICACIÓN DE HILOS Y CABLES AISLADOS,3
"PREPARACIÓN DE FIBRAS TEXTILES VEGETALES EXCEPTO DE ALGODÓN (INCL. LA PREPARAC. DE FIBRAS DE YUTE, RAMIO, CÁÑAMO Y LIMO)",3
EMBALAJE DE SEGURIDAD O PREPARADOS FARMACÉUTICOS,3
PLANTACIÓN DE BOSQUES,3
"ELABORACIÓN DE EXTRACTOS, JARABES Y CONCENTRADOS",3
INSTALACIÓN DE SISTEMA DE RIEGO DE CÉSPED,3
"FABRICACIÓN DE PEGAMENTO PARA MADERA ESTRATIFICADA, LAMINADO DE CHAPAS DE MADERA",3
FABRICACIÓN DE CONTENEDORES METÁLICOS PARA GASES COMPRIMIDOS O LICUADOS,3
FABRICACIÓN DE ARTÍCULOS DE LONA Y SUCEDÁNEOS DE LONA,3
FABRICACIÓN DE EQUIPOS DE VERIFICACIÓN DE EMISIONES AUTOMOTRIZ,3
"FABRICACIÓN DE PANELES DE INSTRUMENTOS, REGULADORES DE VOLTAJE, ETC",3
FABRICACIÓN DE CUCHILLAS,3
"FABRICACIÓN DE CARBÓN ACTIVADO, ADITIVOS PARA ACEITE LUBRICANTE, ACELERADORES Y CATALIZADORES",3
FABRICACIÓN DE BARRAS DE ACERO,3
FABRICACIÓN DE YOGUR,3
FABRICACIÓN DE PAPEL Y CARTÓN CORRUGADO,3
"LIMPIABOTAS, PORTEADORES DE MALETAS, PERSONAS ENCARGADAS DE ESTACIONAR VEHÍCULOS",3
"OPERACIÓN DE RESERVAS NATURALES, INCLUIDA LA PRESERVACIÓN DE LA FAUNA SILVESTRE, ETC",3
PRODUCCIÓN DE MADERA EN ROLLO BASADOS EN INDUSTRIAS MANUFACTURERA,3
MINERÍA DE SULFATO DE BARIO Y CARBONATO (BARYTES Y WITHERITE),3
FABRICACIÓN DE ALIMENTOS PARA PERROS Y GATOS,3
FABRICACIÓN DE LAVAPLATOS,3
SERVICIOS DE LA SEGURIDAD SOCIAL OBLIGATORIA,3
CULTIVO DE BATATA,3
VENTA AL POR MENOR DE CUALQUIER TIPO DE PRODUCTO POR CORREO,3
FABRICACIÓN DE MAQUINARIA PARA LA INDUSTRIA DEL PAPEL Y LAS ARTES GRÁFICAS,3
FABRICACIÓN DE PRODUCTOS PARA EL AISLAMIENTO TÉRMICO,3
"SERVICIOS DE CONTRATISTAS DE MANO DE OBRA PECUARIA (INCL. ARREO, CASTRACIÓN DE AVESESQUILA DE OVEJAS, RECOLECCIÓN DE ESTIÉRCOL, ETC.)",3
FABRICACIÓN DE TECHO DE LUMINARIAS,3
FABRICACIÓN DE AGUA DESTILADA,3
"ENVASADO DE LÍQUIDOS, INCLUIDAS LAS BEBIDAS Y LOS ALIMENTOS",3
PREPARACIÓN DE PRODUCTOS BOTÁNICOS PARA USO FARMACÉUTICO,3
ACTIVIDADES DE BIBLIOTECAS DE ARCHIVOS FOTOGRÁFICOS,3
"FABRICACIÓN DE BLOQUES DE SUELO DE PARQUET, TIRAS, ETC, MONTADOS EN PANELES",3
FABRICACIÓN DE BOLSAS DE MATERIALES TEXTILES PARA PRODUCTOS A GRANEL,3
"FABRICACIÓN DE REGISTROS, LIBROS, CARPETAS",3
"SISTEMAS DE ALCANTARILLADO, INCLUYENDO LA REPARACIÓN",3
ACTIVIDADES DE CASAS PARA PERSONAS CON PROBLEMAS MENTALES QUE NO REQUIEREN INTERNACIÓN,3
FABRICACIÓN DE EQUIPOS DE COMUNICACIONES DE DATOS,3
PRODUCCIÓN DE CRUDO DE HIDROCARBUROS GASEOSOS (GAS NATURAL),3
ALQUILER O VENTA DE TUMBAS,3
SERVICIOS DE ATENCIÓN A PERSONAS MINUSVÁLIDAS CON ALOJAMIENTO,3
SERVICIOS DE AUTOS BLINDADOS,3
PRODUCCIÓN DE GASES MIXTOS INDUSTRIALES,3
VUELOS CHÁRTER DE PASAJEROS,3
"ASOCIACIONES DE INGENIERÍA, ARQUITECTOS",3
"EXTRACC. DE MINERALES PARA LA FABRIC. DE ABONOS EXCEPTO TURBA. (INCL. GUANO, SILVITA, SILVINITA Y OTRAS SALES DE POTASIO NATURALES",3
ELABORACIÓN DE PRODUCTOS DE PANADERÍA,3
"FABRICACIÓN DE EXPLOSIVOS, MUNICIONES Y PRODUCTOS DE PIROTECNIA",3
VENTA AL POR MAYOR DE DESPERDICIOS Y DESECHOS TEXTILES,3
"ALQUILER DE MOTOCICLETAS, CARAVANAS Y CAMPERS",3
FABRICACIÓN DE CUBIERTAS Y CÁMARAS DE CAUCHO,3
FABRICACIÓN DE MATERIALES UTILIZADOS EN EL ACABADO DE PRODUCTOS TEXTILES Y DE CUERO,3
"INSTALACIÓN DE ALFOMBRAS Y LINÓLEO PARA SUELOS, INCLUIDOS LOS DE CAUCHO O DE PLÁSTICO",3
FABRICACIÓN DE EQUIPOS DE CONTROL DE INCENDIOS,3
CRÍA DE INSECTOS,3
FABRICACIÓN DE ACEITE DE PALMA,3
"FABRICACIÓN DE CUERDAS, CORDELES, BRAMANTES Y REDES",3
FABRICACIÓN DE ARTÍCULOS DE TALABARTERÍA Y ARTÍCULOS DE CUERO N.C.P.,3
PESCA DE CAMARONES,3
"CONSTRUCCIÓN, MECANISMO, FORMA, COLOR Y ACABADOS SUPERFICIALES DEL PRODUCTO",3
ALQUILER DE MAQUINARÍA AGRÍCOLA DIVERSA,3
CULTIVO DE MAÍZ,3
"FABRICACIÓN DE FIBRAS ARTIFICIALES, EXCEPTO EL VIDRIO",3
"FUERZAS DE COMBATE DE EJÉRCITO, MARINA Y FUERZA AÉREA",3
"FABRICACIÓN DE MOLDURAS, TEJAS Y LISTONES DE MADERA",2
CRÍA DE GATOS Y PERROS,2
FABRICACIÓN DE BOTELLAS Y OTROS RECIPIENTES DE VIDRIO O CRISTAL,2
OBRA ARTÍSTICA INCLUIDA LA PREPARACIÓN DE PIEDRA LITOGRÁFICA,2
ALBERGUE PARA ENFERMOS MENTALES,2
FABRICACIÓN DE ENVASES A PARTIR DE RESIDUOS SOLIDOS DE CARTÓN,2
"SERVICIOS AGRÍCOLAS Y PECUARIOS, EXCEPTO LOS VETERINARIOS",2
"CULTIVO DE SEMILLAS DE HORTALIZAS, EXCEPTO LA SEMILLA DE REMOLACHA",2
FUNDICIÓN DE PIEZAS DE METALES PESADOS,2
SERVICIOS DE ORGANIZACIONES DE COLECTAS DE FONDOS A CAMBIO DE UNA RETRIBUCIÓN O POR CONTRATO,2
CULTIVO PARA LA EXTRACCIÓN DE PULPA Y LEÑA,2
FABRICACIÓN DE COJINETES; ENGRANAJES; TRENES DE ENGRANAJE Y PIEZAS DE TRANSMISIÓN,2
FABRICACIÓN DE PANTALLAS PARA LAMPARA,2
FABRICACIÓN DE JUEGOS DE MESA Y JUEGOS SIMILARES,2
"FABRICACIÓN DE CAMIONES DE BOMBEROS, BARRENDERES DE CALLE, VEHÍCULOS BLINDADOS ETC",2
REVESTIMIENTO Y LA IMPREGNACIÓN DE PAPEL Y CARTÓN,2
"CULTIVO DE FRUTAS DE PEPITA N.C.P. (INCL. MEMBRILLO, NÍSPERO, ETC.)",2
"FABRICACIÓN DE CAJAS DE CABLES ELÉCTRICOS (POR EJEMPLO, LA SALIDA, DE SALIDA, CAJAS DE INTERRUPTOR)",2
"CONSTRUCCIÓN DE PLATAFORMAS DE PERFORACIÓN, FLOTANTES O SUMERGIBLES",2
FABRICACIÓN DE SISTEMAS DE ALIMENTACIÓN ININTERRUMPIDA (UPS),2
CRÍA DE PECES ORNAMENTALES DE AGUA DULCE,2
FABRICACIÓN DE MEDIAS,2
CAFÉ SOLUBLE,2
EXTRACCIÓN DE MINERALES Y CONCENTRADOS DE URANIO Y TORIO,2
FABRICACIÓN DE JUEGOS ELECTRÓNICOS,2
"CULTIVO DE FRUTAS DE CAROZO (INCL. CEREZA, CIRUELA, DAMASCO, DURAZNO, PELÓN, ETC.)",2
FABRICACIÓN DE ANTICONGELANTE,2
SERVICIOS DE ASUNTOS EXTERIORES,2
COMPRA DE VINO A GRANEL Y EMBOTELLADO SIN TRANSFORMACIÓN,2
"FABRICACIÓN DE MAQUINARIA PARA FABRICAR O REPARAR CALZADO U OTROS ARTÍCULOS DE CUEROS, PIELES, CUERO O PIELES DE PELETERÍA",2
"PESCA DE ALTURA, COSTERA Y EN ESTUARIO",2
"EXTRAC. Y AGLOMERACIÓN DE CARBÓN (INCL. LA PRODUC. DE HULLA NO AGLOMERADA, ANTRACITA, CARBÓN BITUMINOSO NO AGLOMERADO, BRIQUETAS,",2
ARENAS DE BOXEO,2
FUNDICIÓN DE PIEZAS DE ACERO,2
"CONSTRUCCIÓN DE GARAJES, INCLUIDOS LOS GARAJES SUBTERRÁNEOS",2
FABRICACIÓN DE CERÁMICAS NO REFRACTARIAS,2
SERVICIO DE TRANSPORTE FLUVIAL DE PASAJEROS,2
RECOLECCIÓN DE PRODUCTOS SILVESTRES,2
FABRICACIÓN DE ACEITE DE OLIVA,2
FABRICACIÓN DE CALZADO DE ENCAJE,2
FABRICACIÓN DE TABLEROS LAMINADOS,2
SERVICIOS DE POLÍGRAFO,2
"SERVICIOS DE ACOMPAÑANTES, SERVICIOS DE CITAS",2
FABRICACIÓN DE CÁMARAS DE PELÍCULA Y CÁMARAS DIGITALES,2
"CHALETS, CASAS HOGAR Y CABINAS",2
SERVICIOS DE ATENCIÓN A MUJERES CON ALOJAMIENTO,2
ENTERRAMIENTO O LA PRESTACIÓN DE SERVICIOS DE CREMACIÓN,2
CRÍA DE GANADO EQUINO EN HARAS (INCL. PRODUCCIÓN DE SEMEN),2
DIPLOMATICOS Y/O CONSULES,2
"FABRICACIÓN DE MAQUINARIA PARA LA AVICULTURA, APICULTURA, EQUIPOS PARA LA PREPARACIÓN DE FORRAJE ETC",2
ELABORACIÓN DE CAL,2
"FABRICACIÓN DE CAMIONES DE OBRAS, SEAN O NO EQUIPADOS CON EQUIPOS DE ELEVACIÓN O MANIPULACIÓN",2
"FABRICACIÓN DE TAZAS, PLATOS Y BANDEJAS",2
"EXTRAC. DE ARCILLA Y CAOLÍN (INCL. ANDALUCITA, ARCILLA, BENTONITA, CAOLÍN, PIRIOFILITA, SILIMANITA, MULLITA, TIERRA DE CHAMOTA O DE DINAS, ETC.)",2
ALQUILER DE EQUIPO DE TRANSPORTE AÉREO CON UN OPERADOR CON EL FIN DE TRANSPORTE DE PASAJEROS,2
"INSTALACIÓN DE HORNOS, TORRES DE ENFRIAMIENTO",2
"ADQUISICIÓN DE DERECHOS DE DISTRIBUCIÓN DE PELÍCULAS, CINTAS DE VÍDEO Y DVD",2
ELABORACIÓN DE VINOS (INCL. EL FRACCIONAMIENTO),2
OTROS CULTIVOS DE FRUTAS CON HUESO Y CON PEPA,2
SERVICIO DE DRENAJE Y BOMBEO POR COMISIÓN O POR CONTRATO,2
FABRICACIÓN DE TABIQUES DE MADERA (EXCEPTO LIBRE DE PIE),2
FABRICACIÓN DE DENTÍFRICOS Y ARTICULOS PARA LA HIGIENE BUCAL,2
REVELADO DE FOTOS EN UNA HORA,2
VENTA Y DIST. DE FOSFOROS Y MAT. PARA SU FABRICACION,2
ACTIVIDADES DE SALVAMENTO,2
PRUEBAS DE COMPOSICIÓN Y PUREZA DE LOS MINERALES ETC,2
ACTIVIDADES DE ACUICULTURA EN AGUA SALADA EN TANQUES O RESERVORIOS,2
OFICINAS DE ORGANISMOS INTERNACIONALES,2
REPARACIÓN DE ARTÍCULOS DEPORTIVOS,2
"TRANSFORMACIÓN DE ACEITES VEGETALES MEDIANTE DESHIDRATACIÓN, HIDROGENACIÓN, ETC",2
FABRICACIÓN DE MELAZA,2
CRÍA DE ANIMALES PARA LA OBTENCIÓN DE PIELES Y CUEROS,2
CONSTRUCCIÓN DE CHIMENEAS Y HORNOS INDUSTRIALES,2
"FABRICACIÓN DE TELAS IMPREGNADAS, RECUBIERTAS, REVESTIDAS O ESTRATIFICADAS CON PLÁSTICO",2
ACTIVIDADES DE CASAS DE SUBASTAS (AL POR MENOR),2
CARGA Y DESCARGA DE VAGONES FERROVIARIOS,2
ACTIVIDADES DE RECUPERACIÓN CONFORME A LA INFORMACIÓN SOLICITADA,2
FABRICACIÓN DE TEJIDOS DE ALAMBRE,2
ASOCIACIONES MÉDICAS,2
VENTA AL POR MAYOR A CAMBIO DE UNA RETRIBUCIÓN O POR CONTRATA,2
FABRICACIÓN DE ESTATUILLAS Y OTROS ARTÍCULOS ORNAMENTALES DE CERÁMICA,2
"PRUEBA EN EL ÁMBITO DE LA HIGIENE DE LOS ALIMENTOS, INCLUIDOS LOS VETERINARIOS,",2
FABRICACIÓN DE AGUAS ENDULZADAS Y/O AROMATIZADAS,2
FABRICACIÓN DE TINTAS,2
FABRICACIÓN DE ALAMBRE DE ACERO,2
CULTIVO DE SEMILLAS DE FRUTAS,2
FABRICACIÓN DE PARTE DE MANTAS ELÉCTRICAS TEXTILES,2
PLEGADO DE ACERO,2
FABRICACIÓN DE DISOLVENTES Y DILUYENTES DE COMPUESTOS ORGÁNICOS,2
EXTRACCIÓN Y EL DRAGADO DE ARENA INDUSTRIAL,2
"FABRICACIÓN DE DIODOS, TRANSISTORES Y DISPOSITIVOS DISCRETOS",2
HUMIDIFICACIÓN DE LOS EDIFICIOS,2
TRITURACIÓN DE PIEDRA Y GRAVA,2
FABRICACIÓN DE PAPEL PINTADO Y REVESTIMIENTOS SIMILARES DE PAREDES,2
RECUPERACIÓN DE DATOS ANTE DESASTRES COMPUTACIONALES,2
FABRICACIÓN DE APARATOS ELÉCTRICOS Y OTROS INDUSTRIALES DE LABORATORIOS,2
MINERÍA DE YESO Y ANHIDRITA,2
FABRICACIÓN DE PAPEL PARA LA IMPRESIÓN DE CARTAS,2
FABRICACIÓN DE MÁQUINAS DE LIMPIEZA EN SECO,2
ENTIDADES PUBLICAS DE INTERMEDIACION FINANCIERA,2
PRODUCCIÓN DE ALEACIONES DE ALUMINIO,2
CULTIVO DE ESPINACA,2
ALQUILER DE GLOBOS DE AIRE CALIENTE,2
PRODUCCIÓN DE LAMINADOS EN PLATA A BASE DE METALES,2
SERVICIOS ACTUARIALES,2
"PRODUCCIÓN DE ALEACIONES DE PLOMO, ZINC Y ESTAÑO",2
FABRICACIÓN DE MOTORES DE LOS VEHÍCULOS DE MOTOR,2
"CULTIVOS EN GENERAL, CULTIVOS DE PRODUCTOS DE MERCADO, HORTICULTURA",2
CULTIVO DE OTRAS FRUTAS SECAS COMESTIBLES,2
ADMINISTRACIÓN DE PROGRAMAS DE FIDELIZACIÓN,2
FABRICACIÓN DE MAQUINARIA PARA LA PREPARACIÓN DE TABACO,2
"EXTRAC. DE MINERALES PARA LA FABRIC. DE PRODUC. QUÍMICOS (INCL. AZUFRE, BORACITA E HIDROBORACITA, CALCITA, CELESTINA, COLEMANITA, FLUORITA, LITIO, ETC.)",2
"FABRICACIÓN DE HELADERAS, FREEZERS, LAVARROPAS Y SECARROPAS",2
SERVICIOS DE RECIBOS DE ARTÍCULOS VALIOSOS CON PERSONAL Y EQUIPO PARA PROTEGER TALES PROPIEDADES,2
CORRETAJE DE CONTRATOS DE COMMODITY,2
"PRUEBAS RADIOGRÁFICAS DE LAS SOLDADURAS Y LAS ARTICULACIONES, ANÁLISIS DE FALLAS",2
FABRICACIÓN DE BLOQUES DE PISOS EN ARCILLA COCIDA,2
ELABORACIÓN DE MARGARINAS Y GRASAS VEGETALES COMESTIBLES SIMILARES,2
TRANSPLANTE DE ARROZ,2
"SERVICIOS DE CINEMATOGRAFÍA, RADIO Y TELEVISIÓN Y SERVICIOS DE ESPECTÁCULOS ARTÍSTICOS Y DE DIVERSIÓN N.C.P.",2
FINANCIACIÓN DEL COMERCIO INTERNACIONAL,2
FUNDICIÓN DE METALES LIGEROS,2
"RESTAURANTES, BARES Y CANTINAS",2
CRÍA DE OTRAS AVES (EXCEPTO AVES DE CORRAL),2
FABRICACIÓN DE CERA DE PARAFINA,2
"FABRICACIÓN DE CIRCUITOS INTEGRADOS (ANALÓGICA, DIGITAL O HÍBRIDA)",2
ACTIVIDADES DE ACUICULTURA EN AGUAS SALOBRE,2
CULTIVO DE COLES,2
FABRICACIÓN DE MUÑECAS Y PARTES Y ACCESORIOS DE MUÑECAS,2
"FABRICACIÓN DE PLANCHAS, CALEFACTORES, HORNOS ELÉCTRICOS, TOSTADORAS Y OTROS APARATOS GENERADORES DE CALOR",2
ACTUALIZACIÓN ADMINISTRATIVA,2
TRANSPORTE NO REGULARES DE MERCANCÍAS POR VÍA AÉREA,2
FABRICACIÓN DE MORTEROS EN POLVO,2
"FABRICACIÓN DE MÁQUINAS DE AFEITAR ELÉCTRICAS, CEPILLOS DE DIENTES ELÉCTRICOS Y OTROS APARATOS ELÉCTRICOS DE CUIDADO PERSONAL",2
"VENTA AL POR MAYOR DE OTROS PRODUCTOS INTERMEDIOS, DESPERDICIOS Y DESECHOS",2
FABRICACIÓN DE SIERRAS,2
REFUNDICIÓN DE LINGOTES DE CHATARRA DE HIERRO O DE ACERO,2
FABRICACIÓN DE ARTICULOS PARA LA PESCA DEPORTIVA,2
FABRICACIÓN DE CONDUCTOS ELÉCTRICOS,2
FABRICACIÓN Y REPARACIÓN DE MAQUINARIA DE INDUSTRIA PETROLERA,2
REPARACIÓN DE PORTADORES DE EQUIPOS MODEM,2
FABRICACIÓN DE PRODUCTOS PARA LA FABRICACIÓN DE REVESTIMIENTOS DE CARRETERAS,2
FABRICACIÓN DE FENÓLICAS Y RESINAS EPOXI Y POLIURETANOS,2
"PROCESOS PARA OBTENER ACEITES CRUDOS: DECANTACIÓN, LA DESALINIZACIÓN, DESHIDRATACIÓN, ESTABILIZACIÓN, ETC",2
"PESCA CONTINENTAL, FLUVIAL Y LACUSTRE",2
PELADOS O CORTADOS DE VERDURAS,2
SERVICIO DE PRUEBA DE PERFORACIÓN EN RELACIÓN CON EL PETRÓLEO O EL GAS DE EXTRACCIÓN,2
"PREPARACIÓN DE FIBRAS ANIMALES DE USO TEXTIL, INCLUSO LAVADO DE LANA",2
CULTIVO DE CASTAÑAS,2
FABRICACIÓN DE PREPARADOS PARA PERFUMAR O DESODORIZAR HABITACIONES,2
"SERVICIOS DE ALOJAMIENTO EN HOTELES, CAMPAMENTOS Y OTROS TIPOS DE HOSPEDAJE TEMPORAL",2
VENTA DE AUDÍFONOS,2
MANEJO DE CONCESIONES DE ALIMENTOS EN INSTALACIONES DE DEPORTES Y SIMILARES,2
FABRICACIÓN DE LOCOMOTORAS Y DE MATERIAL RODANTE PARA FERROCARRILES Y TRANVÍAS,2
"FABRICACIÓN DE TUBOS, CAÑOS, EMBALSES, CANALES, CUENCAS, SUMIDEROS, FRASCOS",2
"VENTA AL POR MAYOR DE SUELAS Y AFINES (INCL. TALABARTERÍAS, ARTÍCULOS REGIONALES DE CUERO, ALMACENES DE SUELAS, ETC.)",2
EXTRACCIÓN Y AGLOMERACIÓN DE CARBÓN MEDIANTE EXPLOTACION MINERA A CIELO ABIERTO,2
"ALQUILER DE MAQUINARIA Y EQUIPO UTILIZADO POR AFICIONADOS O COMO UN HOBBY POR EJEMPLO, HERRAMIENTAS PARA REPARACIONES DEL HOGAR",2
FABRICACIÓN DE MOTORES HIDRÁULICOS,2
"SUBTITULACIÓN EN TIEMPO REAL (IE SIMULTÁNEA) DE TELEVISIÓN, DE REUNIONES Y CONFERENCIAS",2
INICIATIVAS CIUDADANAS Y MOVIMIENTOS DE PROTESTA,2
"FABRICACIÓN DE VAJILLAS, CUBIERTOS, ARTÍCULOS DE TOCADOR, ARTÍCULOS DE OFICINA O DE ESCRITORIO Y ARTÍCULOS PARA USO RELIGIOSO",2
"CAPTACIÓN, DEPURACIÓN Y DISTRIBUCIÓN DE AGUA",2
ALQUILER DE FLORES Y PLANTAS,2
"PRODUCCIÓN DE SEMILLAS VARIETALES O AUTOFECUNDADAS DE CEREALES, OLEAGINOSAS, Y FORRAJERAS",2
"TRITURACIÓN, PURIFICACIÓN Y REFINADO DE LA SAL POR EL PRODUCTOR",2
FABRICACIÓN DE MANTEQULLA,2
INGENIERÍA ACÚSTICA,2
FABRICACIÓN DE INSTRUMENTOS DE MÚSICA,2
"ASOCIACIONES PARA FINES PATRIÓTICOS, INCLUYENDO VETERANOS DE GUERRA",2
"FABRICACIÓN DE MOTOS DE NIEVE, CARRITOS DE GOLF, VEHÍCULOS ANFIBIOS",2
"ELABORACIÓN DE COMPUESTOS ORGANICOS DE NITRÓGENO, INCLUYENDO LAS AMINAS",2
VENTA AL POR MENOR DE LADRILLOS,2
"CONFECCIÓN DE PRENDAS DE VESTIR, EXCEPTO PRENDAS DE PIEL",2
"CULTIVO DE CEREALES EXCEPTO LOS FORRAJEROS Y LAS SEMILLAS N.C.P. (INCLUYE ALFORFÓN, CEBADA CERVECERA, ETC.)",2
"FABRICACIÓN DE ALIMENTOS PARA PÁJAROS, PECES, ETC",2
DRENAJE DE LOS PRODUCTOS AGRÍCOLAS O FORESTALES,1
FABRICACIÓN DE MACETAS CON SUELO DE TURBA COMO PRINCIPAL CONSTITUYENTE,1
SERVICIO DE TRANSPORTE AUTOMOTOR,1
TRANSPORTE DE TRONCOS,1
ENSALADAS,1
FABRICACIÓN DE CUCHILLOS Y HOJAS CORTANTES PARA MÁQUINAS O APARATOS MECÁNICOS,1
FABRICACIÓN DE MUEBLES Y COLCHONES,1
CULTIVO DE NABOS,1
INTERCAMBIO DE OPCIONES DE COMMODITY O ACCIONES,1
"VENTA AL POR MAYOR DE CORBATAS, TIRANTES Y GUANTES",1
"FABRICACIÓN DE PLACAS, HOJAS, TIRAS, BARRAS Y PERFILES DE CAUCHO",1
"FABRICACIÓN DE OLLAS DE CERÁMICA, FRASCOS Y ARTÍCULOS SIMILARES",1
PRODUCCIÓN DE ALUMINIO A BASE DEL REFINADO ELECTROLÍTICO DE ALUMINIO,1
FABRICACIÓN DE INTERRUPTORES DE CABLES ELÉCTRICOS,1
FABRICACIÓN DE ANTISUEROS Y OTRAS FRACCIONES DE SANGRE,1
OPERACIÓN DE TANQUES DE ALMACENAMIENTO ETC,1
FABRICACIÓN DE ASIENTOS DE AUTOMÓVILES,1
TRANSPORTE LÍQUIDOS,1
FABRICACIÓN DE MOTORES PARA MOTOCICLETAS,1
PRUEBA DE HUMEDAD Y AGUA,1
VIVIENDAS RESIDENCIALES PARA EL PERTURBADO EMOCIONALMENTE,1
VENTA AL PORMAYOR DE TRILLADORAS,1
FABRICACIÓN DE MÁQUINAS DE COSER Y TEJER,1
FABRICACIÓN DE MÁQUINAS FOTOCOPIADORAS,1
AUTODROMOS,1
"FABRICACIÓN DE SEMICONDUCTORES, ACABADOS O SEMIACABADOS",1
FABRICACIÓN DE SILLAS ODONTOLOGICAS,1
FABRICACIÓN DE JUEGOS Y JUGUETES,1
TRABAJO SOBRE ESTRUCTURAS ALTAS,1
FABRICACIÓN DE IMPRESORAS,1
EXTRACCIÓN Y AGLOMERACIÓN DE CARBÓN A TRAVÉS DE MÉTODOS DE LICUEFACCIÓN,1
"FABRICACIÓN DE TOSTADORAS, CAFETERAS ELECTRICAS",1
ADMINISTRACIÓN Y OPERACIÓN DE BRIGADAS CONTRA INCENDIO AUXILIARES Y REGULARES,1
"FABRICACIÓN DE PATINES DE HIELO, PATINES ETC",1
"OPERACIÓN DE LAS INSTALACIONES DE LA TERMINAL, ESTACIONES PARA LA MANIPULACIÓN DE MERCANCÍAS",1
CULTIVO DE TORONJAS,1
FABRICACIÓN DE FÓSFOROS,1
FABRICACIÓN DE TURBINAS EÓLICAS,1
VENTA DE REPRODUCTORES Y GRABADORAS CD Y DVD,1
FABRICACIÓN DE AISLADORES ELÉCTRICOS Y PIEZAS AISLANTES DE CERÁMICA,1
FABRICACIÓN DE CERAS ARTIFICIALES Y CERAS PREPARADAS,1
FABRICACIÓN DE MÁQUINAS DE LIMPIEZA POR ULTRASONIDOS (EXCEPTO DE LABORATORIO Y DENTALES),1
FABRICACIÓN DE PRODUCTOS AROMÁTICOS SINTÉTICOS,1
ADMINISTRACIÓN DE PRISIONES Y PROVISIÓN DE SERVICIOS CORRECCIONALES,1
FABRICACIÓN DE MADERA DESINFECTADA,1
OTRAS ACTIVIDADES DE SERVICIOS N.C.P.,1
PRODUCCIÓN DE ACERO EN LINGOTES O DEMÁS FORMAS PRIMARIAS,1
FABRICACIÓN DE OBJETOS DE PLATERÍA Y ARTÍCULOS ENCHAPADOS,1
FABRICACIÓN DE CAJA DE ARCHIVOS DE OFICINA Y ARTÍCULOS SIMILARES,1
"VENTA DE VEHÍCULOS AUTOMOTORES, EXCEPTO MOTOCICLETAS",1
VENTA AL POR MENOR DE SAUNAS,1
CULTIVO DE PERAS,1
CULTIVO DE NARANJAS,1
"FABRICACIÓN DE PANTALLAS, ETC.",1
"FABRICACIÓN DE VIDRIO PARA RELOJ, PARA GAFAS, VIDRIOS ÓPTICOS",1
CULTIVO DE FRAMBUESAS,1
"EXTRACCIÓN DE MATERIALES ABRASIVOS, ASBESTOS, SILÍCEAS FÓSILES COMIDAS, GRAFITO NATURAL, ESTEATITA (TALCO), FELDESPATO, ETC",1
"FABRICACIÓN DE PLACAS FOTOGRÁFICAS, PELÍCULAS, PAPEL SENSIBLE",1
"CULTIVO DE LEGUMBRES SECAS (INCL. ARVEJA, GARBANZO, HABA, LENTEJA, POROTO, ETC.)",1
"FABRICACIÓN DE SOFÁS, SOFÁ CAMAS",1
"PREPARACIÓN E HILATURA DE FIBRAS TEXTILES, TEJEDURAS DE PRODUCTOS TEXTILES",1
FABRICACIÓN DE PAPEL CARBÓN,1
FABRICACIÓN DE PIEZAS ESPECIALIZADAS PARA EL LEVANTAMIENTO Y MANEJO DE EQUIPO,1
FABRICACIÓN DE PLANEADORES,1
REPOBLACIÓN DE ANIMALES,1
"OPERACIÓN DE FERRIES, TAXIS ACUÁTICOS ETC",1
VENTA AL POR MENOR DE CORTADORAS DE CÉSPED,1
TRANSPORTE TERRESTRE DE PASAJEROS POR METRO Y FERROCARRILES ELEVADOS ETC,1
DESALINIZACIÓN DE MAR O AGUA SUBTERRÁNEA PARA PRODUCIR AGUA COMO PRINCIPAL PRODUCTO DE INTERÉS,1
"SECADO, VAPORIZADO, REDUCIDO, REPARACIÓN",1
INSTALACIONES PARA EL TRATAMIENTO DEL ALCOHOLISMO Y LA ADICCIÓN A LAS DROGAS,1
FABRICACIÓN DE EQUIPO DE ILUMINACIÓN PARA EQUIPO DE TRANSPORTE,1
CULTIVO DE LAVER Y OTRAS ALGAS COMESTIBLES,1
FABRICACIÓN DE EQUIPO DE TRANSPORTE N.C.P.,1
FABRICACIÓN DE MÁQUINAS Y HERRAMIENTAS ESTAMPADO O PULSANDO,1
FABRICACIÓN DE MATERIALES DE FRICCIÓN Y ARTÍCULOS SIN MONTAR CON UNA BASE DE SUSTANCIAS MINERALES O DE CELULOSA,1
"FABRICACIÓN DE AGUJAS, REVESTIMIENTOS PARA EL SUELO",1
"CULTIVO DE HORTALIZAS, LEGUMBRES Y PRODUCTOS DE VIVERO",1
"ALQUILER DE MÁQUINAS UTILIZADAS PARA PREPARAR EL SUELO, PLANTAR Y ABONAR",1
FABRICACIÓN DE BICICLETAS Y DE SILLONES DE RUEDAS PARA INVÁLIDOS,1
FABRICACIÓN DE ROSCADO,1
FABRICACIÓN DE BRIQUETE DE COMBUSTIBLE,1
FUNDICIÓN DE HIERRO MALEABLE,1
"VENTA, MANTENIMIENTO Y REPARACIÓN DE MOTOCICLETAS Y DE SUS PARTES, PIEZAS Y ACCESORIOS",1
"VENTA AL POR MAYOR DE ALIMENTOS, BEBIDAS Y TABACO",1
"ADMINISTRACIÓN Y OPERACIÓN DE FUERZAS POLICIALES REGULARES Y AUXILIARES APOYADAS POR AUTORIDADES PÚBLICAS Y DE PUERTO, FRONTERAS, GUARDACOSTAS",1
"OTROS CULTIVOS DE RAICES, BULBOS",1
FABRICACIÓN DE CINTURONES,1
"FABRICACIÓN DE EXPLOSIVOS COMO BOMBAS, MINAS Y TORPEDOS",1
FABRICACIÓN DE HERRAMIENTAS DE PRENSADO,1
FABRICACIÓN DE PAPEL PRENSA,1
FABRICACIÓN DE HILADOS DE LANA Y SUS MEZCLAS,1
FABRICACIÓN DE POLIAMIDAS,1
TENEDORA DE LAS RESERVAS INTERNACIONALES DE UN PAÍS,1
FABRICACIÓN DE MAQUINARIA PARA PREPARAR FRUTAS O VERDURAS,1
FABRICACIÓN DE EQUIPO DEPORTIVO PARA GIMNASIO,1
FABRICACIÓN DE MUEBLES DE PIEDRA,1
FABRICACIÓN DE HORNOS DE LABORATORIO DENTAL,1
ORFANATOS,1
FABRICACIÓN DE MAQUINARIA DE ENVASADO DE MONEDA Y CONTEO DE MONEDAS,1
PRODUCCIÓN DE OXIDO DE ALUMINIO,1
PRUEBAS DE CALIFICACIÓN Y LA FIABILIDAD,1
FABRICACIÓN DE BANDEJAS DE PULPA MOLDEADA,1
FABRICACIÓN DE MÚLTIPLES UNIDADES AISLANTES DE PAREDES DE VIDRIO,1
VENTA AL POR MAYOR DE ARTÍCULOS DE CUERO Y ACCESORIOS DE VIAJE,1
GENERACIÓN DE ENERGÍA TÉRMICA NUCLEAR (INCL. LA PRODUC. DE ENERGÍA MEDIANTE COMBUSTIBLE NUCLEAR),1
FABRICACIÓN DE BAÑOS PLÁSTICOS Y ARTÍCULOS PARA EL BAÑO DE PLÁSTICO,1
FABRICACIÓN DE CONSOLAS DE VIDEOJUEGOS,1
FABRICACIÓN DE PARAGUAS Y BASTONES,1
FABRICACIÓN DE PRODUCTOS DE ARCILLA Y CERÁMICA NO REFRACTARIA PARA USO ESTRUCTURAL,1
FABRICACIÓN DE FIBRAS DE CARBONO Y DE GRAFITO Y SUS PRODUCTOS (EXCEPTO LOS ELECTRODOS Y APLICACIONES ELÉCTRICAS),1
CULTIVO DE SETAS Y TRUFAS,1
FABRICACIÓN DE TRACTORES ( CONTROLADO PEATONAL),1
APOYO PARA LA ELABORACIÓN DE PLANES DE CONTINGENCIA Y LA REALIZACIÓN DE EJERCICIOS CON PARTICIPACION DE INSTITUCIONES Y CIVILES,1
CONSTRUCCIÓN DE EMBALSES,1
"FABRICACIÓN DE TRANSPORTADORES, TELEFERICOS",1
"FABRICACIÓN DE REDES ANUDADAS DE CORDELES, CUERDAS O CORDAJES",1
EXTRACCIÓN DE COBRE,1
CULTIVO DE OTRAS LEGUMINOSAS,1
FABRICACIÓN DE INSTRUMENTOS DE TOPOGRAFÍA,1
FABRICACIÓN DE LOS DISPOSITIVOS DE PROPULSIÓN DE VEHÍCULOS,1
ACTIVIDADES DE VENTA AL POR MAYOR DE CASAS DE SUBASTA,1
FABRICACÓN Y MONTAJE DE HORNOS SIMILARES Y EQUIPO DE CALEFACCIÓN,1
CULTIVO DE SOJA,1
ACTIVIDADES DE SALUD PARA EL PERSONAL MILITAR EN EL CAMPO,1
FABRICACIÓN Y MONTAJE DE CALEFACCIÓN SOLAR,1
ACTIVIDADES DE GUÍAS DE MONTAÑA,1
FABRICACIÓN DE ACUMULADORES ELÉCTRICOS,1
"VENTA AL POR MENOR EN ALMACENES NO ESPECIALIZADO CON SURTIDO COMPUESTO PRINCIPALMENTE DE ALIMENTOS, BEBIDA Y TABACO",1
SERVICIOS DE GUARDAESPALDAS,1
"FABRICACIÓN DE MATERIAS COLORANTES BÁSICAS, EXCEPTO PIGMENTOS PREPARADOS.",1
ELABORACIÓN PRIMARIA N.C.P. DE MINERALES NO METÁLICOS,1
FABRICACIÓN DE PAPEL PARA EQUIPO DE IMPRESIÓN,1
FABRICACIÓN DE ALFOMBRAS,1
VENTA AL POR MENOR DE ARTIULOS PARA ACAMPAR,1
FABRICACIÓN DE ÁLBUMES Y SIMILARES,1
DRENAJE Y SEPARACIÓN DE HIDROCARBUROS LIQUIDO,1
"FERMENTACIÓN DE LA CAÑA DE AZÚCAR, MAÍZ O SIMILAR PARA PRODUCIR ALCOHOL Y ÉSTERES",1
FABRICACIÓN DE CASAS MÓVILES,1
"FABRICACIÓN DE TURBINAS HIDRÁULICAS, RUEDAS HIDRÁULICAS Y LOS REGULADORES DEL MISMO",1
FABRICACIÓN DE SILICONAS,1
ALBERGUES Y ALBERGUES JUVENILES,1
"FABRICACIÓN DE INSTRUMENTOS ANALÍTICOS DE LABORATORIO (POR EJEMPLO, EQUIPO DE ANÁLISIS DE SANGRE)",1
FABRICACIÓN DE GRAPADORAS Y SACAGRAPAS,1
DISEÑADORES DE CALZADO,1
"FABRICACIÓN DE MAQUINARIA PARA EL TRATAMIENTO DE MINERALES MEDIANTE CRIBADO, SELECCIÓN, CLASIFICACIÓN, LAVADO, TRITURACIÓN ETC",1
ARENAS Y ESTADIOS PARA DEPORTES DE INVIERNO,1
"FABRICACIÓN DE MEDIDORES DE CONSUMO (POR EJEMPLO, AGUA, GAS)",1
FABRICACIÓN DE REMOLQUES PARA EL TRANSPORTE DE MERCANCÍAS: LOS PETROLEROS,1
VENTA AL POR MENOR DE ALFOMBRAS Y TAPETES,1
"FABRICACIÓN DE EJES DE TRANSMISIÓN Y MANIVELAS: ÁRBOLES DE LEVAS, CIGÜEÑALES, BIELAS ETC",1
FABRICACIÓN DE EQUIPO DE COMUNICACIÓN MÓVIL,1
PREPARACIÓN DE HOJAS DE TÉ,1
CRIA DE OTROS ANIMALES ACUATICOS,1
CONFECCIÓN DE PILOTOS E IMPERMEABLES,1
PRESTACIÓN DE LOS FALLOS Y DE LA INTERPRETACIÓN DE LA LEY,1
COMUNIDAD EUROPEA Y LA ASOCIACIÓN DE LIBRE COMERCIO EUROPEA,1
CULTIVO DE SORGO DE GRANO,1
"FABRICACIÓN DE GRÚAS, BASTIDORES ELEVADORES MÓVILES, ETC",1
AGLOMERACIÓN DE MINERALES DE HIERRO,1
"FABRICACIÓN DE PAPEL, GUATA, FIELTRO, ETC RECUBIERTOS O REVESTIDOS DE JABÓN O DETERGENTE",1
SERVICIOS DE SEGUROS,1
"FABRICACIÓN DE CONDENSADORES, ECONOMIZADORES Y COLECTORES DE VAPOR",1
"SERVICIOS JURÍDICOS Y DE CONTABILIDAD, TENEDURÍA DE LIBROS Y AUDITORÍA; ASESORAMIENTO EN MATERIA DE IMPUESTOS; ESTUDIOS DE MERCADOS Y REALIZACIÓN DE ENCUESTAS DE OPINIÓN PÚBLICA",1
"PROGRAMAS QUE CUBREN LAS PÉRDIDAS DE INGRESOS DEBIDO A LA MATERNIDAD, INCAPACIDAD TEMPORAL, VIUDEZ ETC",1
FABRICACIÓN DE MEDIDORES DE FLUJO Y DISPOSITIVOS DE CONTAR,1
FABRICACION PIEZAS Y ACCESORIO RADIO Y TELEVISIÓN,1
FABRICACIÓN DE VEHÍCULOS DE MANTENIMIENTO,1
FABRICACIÓN DE SODAS,1
FABRICACIÓN DE GLICEROL CRUDO,1
FABRICACIÓN DE CURTIENTES NATURALES Y SINTÉTICOS.,1
FABRICACIÓN DE LECHE LÍQUIDA FRESCA ESTERILIZADA,1
FABRICACIÓN DE ESPEJOS ÓPTICOS,1
"FABRICACIÓN DE CORTINAS ESTÉRIL, CADENA Y TEJIDOS QUIRÚRGICA",1
ACTIVIDADES DE SUBASTAS NO REALIZADAS EN ALMACENES (AL POR MENOR),1
FABRICACIÓN DE EQUIPOS DE TRANSMISIÓN HIDRÁULICA,1
FABRICACIÓN DE MATERIAS QUÍMICAS INORGÁNICAS BÁSICAS N.C.P.,1
LIMPIEZA DE TIENDAS,1
"MINERÍA DE TIERRAS COLORANTES, FLUORITA",1
FABRICACIÓN DE DISYUNTORES DE POTENCIA (BREAKERS),1
FABRICACIÓN DE CASETES MAGNÉTICOS DE VÍDEO Y DE AUDIO EN BLANCO,1
"RASPADO, CURTIDO, DECOLORACIÓN Y TEÑIDO DE PIELES",1
ELABORACIÓN DE PRODUCTOS DE MOLINERÍA,1
FABRICACIÓN DE PLÁSTICO ACTUAL NO PORTADORAS DE DISPOSITIVOS DE CABLEADO,1
"ACTIVIDADES DE ESTABLOS, PERRERAS Y GARAJES PARA CARRERAS",1
FABRICACIÓN DE EQUIPO DE PREPARACIÓN DE AIRE PARA SU USO EN SISTEMAS NEUMÁTICOS,1
CULTIVO DE LENTEJAS,1
"PRODUCCIÓN, PROCESAMIENTO Y CONSERVACIÓN DE CARNE Y PRODUCTOS CÁRNICOS",1
RECOGIDA DEL AGUA DE LLUVIA,1
FABRICACIÓN DE ESCOBILLAS DE GOMA,1
"FABRICACIÓN DE RELOJES DE METALES PRECIOSOS, MUÑEQUERAS, CORREAS DE RELOJ",1
"OPERACIÓN DE TELEFÉRICOS, FUNICULARES, TELESILLAS",1
INVESTIGACIÓN DE ACEPTACIÓN Y LA FAMILIARIDAD DE LOS PRODUCTOS,1
ACTIVIDADES DE INSTALACIONES PARA EL RETARDO MENTAL,1
PRODUCCIÓN DE CARBÓN DE LEÑA EN EL BOSQUE (UTILIZANDO LOS MÉTODOS TRADICIONALES),1
INSTALACIÓN DE PARARRAYOS,1
DESMOTADO DE ALGODÓN; PREPARACIÓN DE FIBRAS DE ALGODÓN,1
"FABRICACIÓN DE EJES Y RUEDAS, FRENOS Y PARTES DE FRENOS, AMORTIGUADORES Y PARTES DE AMORTIGUACIÓN",1
FABRICACIÓN DE RELOJES DE METALES PRECIOSOS,1
SUBASTAS DE COCHES,1
PRODUCCIÓN DE AIRE COMPRIMIDO,1
"FABRICACIÓN COLORES PREPARADOS DE PIGMENTOS Y COLORANTES, OPACIFICANTES",1
"FABRICACIÓN DE ARTICULOS PARA AFEITAR, INCLUIDOS LOS PRE-AFEITADO Y PARA DESPUÉS DEL AFEITADO",1
CULTVIO DE SISAL Y DEMÁS FIBRAS TEXTILES DEL GENERO AGAVE,1
FABRICACIÓN DE SERVIDORES INFORMÁTICOS,1
FABRICACIÓN DE COMBUSTIBLES GASEOSOS CON UN VALOR CALORÍFICO,1
ACTIVIDADES DE COMPAÑÍAS DE CONVENIOS DE LIQUIDACIÓN POR ADELANTADO,1
SERVICIO DE IMPRESIÓN DE CÓDIGO DE BARRAS,1
"PRÉSTAMOS Y ALMACENAJE DE LIBROS, MAPAS, PERIÓDICOS, PELÍCULAS, EXPEDIENTES, CINTAS, OBRAS DE ARTE, ETC",1
FABRICACIÓN DE COMPUESTOS PARA DIAGNÓSTICO DE LABORATORIO,1
"FABRICACIÓN, BLANQUEADO, SEMI-BLANQUEADO DE PASTA DE PAPEL POR MEDIOS MECÁNICOS, QUÍMICOS",1
"DISTRIBUCIÓN DE CINTAS DE VÍDEO, DVDS",1
CONCENTRACIÓN DE ESOS MINERALES,1
TRATAMIENTO ANTI ÓXIDO,1
FABRICACIÓN DE PELÍCULAS Y PROYECTORES DE DIAPOSITIVAS,1
"FABRICACIÓN DE TORNILLOS, JERINGAS, AGUJAS, CATÉTERES, CÁNULAS, ETC",1
VENTA AL POR MAYOR DE ÁCIDOS Y AZUFRE,1
"FABRICACIÓN DE CAJAS REGISTRADORAS, OPERADO MECÁNICAMENTE",1
FABRICACIÓN DE PANQUEQUES,1
FABRICACIÓN DE PRENSAS DE TROQUELADO,1
FABRICACIÓN DE INSTRUMENTOS ÓPTICOS DE AUMENTO,1
"VENTA AL POR MAYOR DE ANILINA, PARAFINA",1
FABRICACIÓN DE ENVASES DE VIDRIO,1
"FABRICACIÓN DE REVESTIMIENTOS DE SUELO, TALES COMO VINILO, LINÓLEO, ETC",1
FABRICACIÓN DE DESODORANTES Y SALES DE BAÑO,1
ACLAREO DE BOSQUES,1
FABRICACIÓN DE EXCAVADORA,1
FABRICACIÓN DE SUCEDÁNEOS DE CAFÉ,1
FABRICACIÓN DE CONSERVAS O CONGELADOS DE PASTAS ALIMENTICIAS,1
FABRICACIÓN DE PASTAS Y POLVOS PARA EL DESGRASADO,1
CURSOS DE REPASO PARA EXÁMENES PROFESIONALES,1
FABRICACIÓN DE HERRAMIENTAS AGRÍCOLAS DE MANO SIN MOTOR,1
CONSTRUCCIÓN DE REFINERIAS,1
FABRICACIÓN DE TULES Y OTROS TEJIDOS,1
FABRICACIÓN DE ESTERAS,1
PRODUCCIÓN DE GASES INERTES COMO EL DIÓXIDO DE CARBONO,1
CONSTRUCCIÓN DE LOS TÚNELES,1
FABRICACIÓN DE BATERÍAS DE ÁCIDO DE PLOMO,1
RESERVA Y FUERZAS AUXILIARES DE DEFENSA,1
"FABRICACIÓN DE PIEDRA ARTIFICIAL (POR EJEMPLO, PAVIMENTOS)",1
ADMINISTRACIÓN Y OPERACIÓN DE TRIBUNALES MILITARES,1
ESTADIOS DE PISTA Y CAMPO,1
ADMINISTRACIÓN Y OPERACIÓN DE CORTES DE LEYES CIVILES Y CRIMINALES,1
FABRICACIÓN DE LIENZOS PREPARADOS PARA EL USO DEL PINTOR,1
CARBONIZADO DE LA LANA Y EL TEÑIDO DE LA LANA VELLÓN,1
SERVICIOS DE LA BANCA MAYORISTA,1
PAYASOS,1
"AGRICULTURA, GANADERÍA, CAZA Y ACTIVIDADES DE SERVICIOS CONEXAS",1
FABRICACIÓN DE COMPUTADORAS DE ESCRITORIO,1
"FABRICACIÓN DE FRENOS HIDRÁULICOS, MARTILLOS DE CAÍDA, LA CREACIÓN DE LAS MÁQUINAS ETC",1
FABRICACIÓN DE BOMBAS PARA LÍQUIDOS QUE ESTÉN O NO PROVISTOS DE UN DISPOSITIVO DE MEDICIÓN,1
"FABRICACIÓN DE BROCAS, FRESAS, PUNZONES, ETC.",1
FABRICACIÓN DE DIODOS EMISORES DE LUZ (LED),1
